container_number,owner_code,serial,check_digit
YXRU0799912,YXRU,079991,2
BTMU4756816,BTMU,475681,6
ZNNU8733585,ZNNU,873358,5
CJSU9334101,CJSU,933410,1
GSZU1980092,GSZU,198009,2
PAAU0293446,PAAU,029344,6
LWFU3486078,LWFU,348607,8
FXIU0599170,FXIU,059917,0
PBYU2541184,PBYU,254118,4
LNDU9176428,LNDU,917642,8
DBSU8496850,DBSU,849685,0
TXQU4792603,TXQU,479260,3
CHOU4140260,CHOU,414026,0
VCCU5104960,VCCU,510496,0
KZGU9831501,KZGU,983150,1
OOJU5857224,OOJU,585722,4
GAFU7021519,GAFU,702151,9
JRQU1338831,JRQU,133883,1
SVNU8230553,SVNU,823055,3
UCYU1733091,UCYU,173309,1
LQNU9716706,LQNU,971670,6
VXMU1564655,VXMU,156465,5
ROLU5222422,ROLU,522242,2
WBUU0636783,WBUU,063678,3
HYYU1671679,HYYU,167167,9
VYOU0107859,VYOU,010785,9
UDMU1495676,UDMU,149567,6
ZOEU8130674,ZOEU,813067,4
TTVU7211921,TTVU,721192,1
ZCKU5119427,ZCKU,511942,7
WILU9018657,WILU,901865,7
DSEU9649490,DSEU,964949,0
XYOU9635566,XYOU,963556,6
JRHU5529275,JRHU,552927,5
ISMU9539130,ISMU,953913,0
ERFU7846940,ERFU,784694,0
YBJU8634091,YBJU,863409,1
IAIU2534173,IAIU,253417,3
TGNU2113307,TGNU,211330,7
IMGU5901007,IMGU,590100,7
LWIU8536830,LWIU,853683,0
TVPU7303102,TVPU,730310,2
PGFU3530021,PGFU,353002,1
UUFU9868070,UUFU,986807,0
GXLU1753053,GXLU,175305,3
SJKU1224625,SJKU,122462,5
LRDU2903625,LRDU,290362,5
IOUU3670524,IOUU,367052,4
XGHU3197030,XGHU,319703,0
TRQU3654042,TRQU,365404,2
JSTU2785293,JSTU,278529,3
ESLU4781246,ESLU,478124,6
BRQU0223928,BRQU,022392,8
JKRU2768435,JKRU,276843,5
BDLU3936911,BDLU,393691,1
TRIU8359330,TRIU,835933,0
NTBU0622083,NTBU,062208,3
KQPU1203493,KQPU,120349,3
IJFU6519322,IJFU,651932,2
UHQU0251872,UHQU,025187,2
WVIU3699509,WVIU,369950,9
XNKU9430294,XNKU,943029,4
VYLU6306100,VYLU,630610,0
MWMU7916691,MWMU,791669,1
EZRU0398718,EZRU,039871,8
MFTU1444665,MFTU,144466,5
PWGU2015888,PWGU,201588,8
BTJU9314860,BTJU,931486,0
VLXU6093202,VLXU,609320,2
EQHU5839084,EQHU,583908,4
MHBU1293291,MHBU,129329,1
EXRU7663018,EXRU,766301,8
NZCU8173730,NZCU,817373,0
RSXU9476672,RSXU,947667,2
VVNU2612341,VVNU,261234,1
LSDU4827207,LSDU,482720,7
HIKU9766804,HIKU,976680,4
UWQU6367602,UWQU,636760,2
RJXU9763632,RJXU,976363,2
MLFU9131290,MLFU,913129,0
ANVU2359080,ANVU,235908,0
APAU7261770,APAU,726177,0
DFCU9917646,DFCU,991764,6
BDGU2326825,BDGU,232682,5
OGLU9582270,OGLU,958227,0
CCIU3245637,CCIU,324563,7
QBQU5818938,QBQU,581893,8
FPSU8072419,FPSU,807241,9
UHAU5625218,UHAU,562521,8
MJXU0794860,MJXU,079486,0
GVTU3686860,GVTU,368686,0
GTAU8924505,GTAU,892450,5
DNOU0778585,DNOU,077858,5
NDFU1914503,NDFU,191450,3
LJFU9346353,LJFU,934635,3
PYSU7958334,PYSU,795833,4
ZYUU5426690,ZYUU,542669,0
MKMU1107652,MKMU,110765,2
LNWU9880156,LNWU,988015,6
PHUU1001604,PHUU,100160,4
NAJU8287167,NAJU,828716,7
UHJU7143802,UHJU,714380,2
IWBU2053389,IWBU,205338,9
TXXU9995860,TXXU,999586,0
FJTU0894312,FJTU,089431,2
CFGU6913888,CFGU,691388,8
WOCU5005452,WOCU,500545,2
TVKU2324158,TVKU,232415,8
XTZU6163448,XTZU,616344,8
WXJU1942577,WXJU,194257,7
APOU2902334,APOU,290233,4
CDBU3287710,CDBU,328771,0
POKU4918802,POKU,491880,2
QASU7029280,QASU,702928,0
UUIU9148683,UUIU,914868,3
GIEU9592910,GIEU,959291,0
TTPU4215044,TTPU,421504,4
THYU9398001,THYU,939800,1
MGYU1536615,MGYU,153661,5
NVWU7442478,NVWU,744247,8
HBCU6855085,HBCU,685508,5
NNMU6458030,NNMU,645803,0
PAXU6464577,PAXU,646457,7
XHOU8158130,XHOU,815813,0
FKYU8760782,FKYU,876078,2
XLKU1860612,XLKU,186061,2
OJYU9520295,OJYU,952029,5
OWXU1315364,OWXU,131536,4
XVUU1441663,XVUU,144166,3
DMTU8572004,DMTU,857200,4
JZFU7561911,JZFU,756191,1
OZDU3577250,OZDU,357725,0
EPLU8926851,EPLU,892685,1
HLPU7951504,HLPU,795150,4
HDOU7554071,HDOU,755407,1
EGGU8612085,EGGU,861208,5
CGPU0506409,CGPU,050640,9
XNQU0208358,XNQU,020835,8
ULRU2059265,ULRU,205926,5
UNNU9964860,UNNU,996486,0
AKBU2573962,AKBU,257396,2
DGXU8489488,DGXU,848948,8
BCGU2213107,BCGU,221310,7
TAQU5503040,TAQU,550304,0
WGBU7719628,WGBU,771962,8
OBKU2365907,OBKU,236590,7
NMMU9525700,NMMU,952570,0
JOBU6030684,JOBU,603068,4
KPNU2604790,KPNU,260479,0
FGJU9407847,FGJU,940784,7
IDSU4121129,IDSU,412112,9
YWJU0606618,YWJU,060661,8
SLCU5936054,SLCU,593605,4
MKVU1755034,MKVU,175503,4
ROLU0712941,ROLU,071294,1
ZGNU4042071,ZGNU,404207,1
NSZU4990492,NSZU,499049,2
VUNU1443562,VUNU,144356,2
BNCU6350912,BNCU,635091,2
FVNU7358470,FVNU,735847,0
TOVU7559040,TOVU,755904,0
IIKU5198543,IIKU,519854,3
VYKU8473368,VYKU,847336,8
BKQU2359333,BKQU,235933,3
BWKU4451897,BWKU,445189,7
SMAU9997911,SMAU,999791,1
DZFU2270163,DZFU,227016,3
ZWUU2640051,ZWUU,264005,1
GHAU9637980,GHAU,963798,0
JDLU2934845,JDLU,293484,5
XULU9659547,XULU,965954,7
CWYU7687885,CWYU,768788,5
KHLU5168762,KHLU,516876,2
GTVU3765922,GTVU,376592,2
VSKU5683305,VSKU,568330,5
SBFU9660880,SBFU,966088,0
OQUU1123030,OQUU,112303,0
OYUU4864449,OYUU,486444,9
YISU9022398,YISU,902239,8
YPWU3631466,YPWU,363146,6
PBCU7973727,PBCU,797372,7
XQUU2824460,XQUU,282446,0
MFCU2776632,MFCU,277663,2
DLOU6096850,DLOU,609685,0
JGFU2579247,JGFU,257924,7
FCWU5519065,FCWU,551906,5
MNEU8898267,MNEU,889826,7
XCUU0486120,XCUU,048612,0
IPHU8613997,IPHU,861399,7
IESU8371642,IESU,837164,2
XNFU5304540,XNFU,530454,0
HWKU8293347,HWKU,829334,7
SDSU6026590,SDSU,602659,0
JQOU9612615,JQOU,961261,5
CEYU8814062,CEYU,881406,2
ARGU5468900,ARGU,546890,0
XSEU0820956,XSEU,082095,6
ZPWU8935293,ZPWU,893529,3
UHEU6164377,UHEU,616437,7
JJVU6407381,JJVU,640738,1
NBRU4183617,NBRU,418361,7
QFMU3457058,QFMU,345705,8
AWNU9521876,AWNU,952187,6
CRYU8979535,CRYU,897953,5
JDTU6521520,JDTU,652152,0
DYFU0070734,DYFU,007073,4
AWOU3466116,AWOU,346611,6
XKWU7657390,XKWU,765739,0
HLNU9848714,HLNU,984871,4
NLIU2606890,NLIU,260689,0
DVBU3121835,DVBU,312183,5
MMSU7798409,MMSU,779840,9
ELIU6078240,ELIU,607824,0
INZU4776402,INZU,477640,2
KMAU4801123,KMAU,480112,3
SAXU6209569,SAXU,620956,9
GJEU9069136,GJEU,906913,6
QVRU5768018,QVRU,576801,8
YZPU5420355,YZPU,542035,5
JPAU4063702,JPAU,406370,2
JXEU4585152,JXEU,458515,2
DLDU2635863,DLDU,263586,3
WQMU7831668,WQMU,783166,8
WAEU4288546,WAEU,428854,6
MEGU8451880,MEGU,845188,0
EUCU0694412,EUCU,069441,2
EGYU8718059,EGYU,871805,9
CUQU3139951,CUQU,313995,1
LFAU4534960,LFAU,453496,0
ZVJU8638966,ZVJU,863896,6
RCRU1408823,RCRU,140882,3
VLVU3743170,VLVU,374317,0
XGXU8202258,XGXU,820225,8
LBBU6912870,LBBU,691287,0
CITU7667722,CITU,766772,2
DYIU3497119,DYIU,349711,9
EVGU8938447,EVGU,893844,7
LBOU3611390,LBOU,361139,0
SCYU3940352,SCYU,394035,2
NAWU7996650,NAWU,799665,0
KODU5463435,KODU,546343,5
VTTU7058136,VTTU,705813,6
CYTU5797479,CYTU,579747,9
TQLU2444083,TQLU,244408,3
SGBU4581000,SGBU,458100,0
SISU0852870,SISU,085287,0
OIUU4416478,OIUU,441647,8
XVRU6906309,XVRU,690630,9
DEEU0830263,DEEU,083026,3
XEEU0954048,XEEU,095404,8
ROJU7363497,ROJU,736349,7
QPWU3278140,QPWU,327814,0
SOWU0592650,SOWU,059265,0
WJKU3356780,WJKU,335678,0
ZDQU7880941,ZDQU,788094,1
DXNU2448845,DXNU,244884,5
LXMU7695987,LXMU,769598,7
HEEU4573104,HEEU,457310,4
UKQU9068359,UKQU,906835,9
NKQU3796598,NKQU,379659,8
UBYU8077434,UBYU,807743,4
WEYU2486618,WEYU,248661,8
NVHU0290221,NVHU,029022,1
REXU5174297,REXU,517429,7
FFWU8350354,FFWU,835035,4
LJHU6092479,LJHU,609247,9
CYHU5149437,CYHU,514943,7
DVBU8314035,DVBU,831403,5
NCAU4852952,NCAU,485295,2
HPFU9572404,HPFU,957240,4
SIMU7043710,SIMU,704371,0
LHMU5426414,LHMU,542641,4
JXGU0605670,JXGU,060567,0
UNQU3188170,UNQU,318817,0
QWFU8232701,QWFU,823270,1
TCEU5423616,TCEU,542361,6
IEWU4190623,IEWU,419062,3
IYAU3187100,IYAU,318710,0
VKPU8357972,VKPU,835797,2
OMJU3074340,OMJU,307434,0
JBEU9157699,JBEU,915769,9
SWZU2649979,SWZU,264997,9
YIBU5876670,YIBU,587667,0
XQGU3845118,XQGU,384511,8
SRFU6823898,SRFU,682389,8
FEYU9961250,FEYU,996125,0
MQFU9309334,MQFU,930933,4
LHTU0771141,LHTU,077114,1
NMDU0310480,NMDU,031048,0
WPRU6703674,WPRU,670367,4
KCGU3598850,KCGU,359885,0
AUFU6371460,AUFU,637146,0
NHXU8733277,NHXU,873327,7
LMCU9087069,LMCU,908706,9
MQCU2156401,MQCU,215640,1
ORKU2858632,ORKU,285863,2
SWXU0026381,SWXU,002638,1
BQMU6479058,BQMU,647905,8
JRRU7046039,JRRU,704603,9
IVOU4031095,IVOU,403109,5
XPKU4446239,XPKU,444623,9
DNKU9940575,DNKU,994057,5
XSOU6949616,XSOU,694961,6
XFYU7538168,XFYU,753816,8
MBLU4632850,MBLU,463285,0
ASTU4192805,ASTU,419280,5
OMLU6026346,OMLU,602634,6
FCUU6825182,FCUU,682518,2
MNZU8130035,MNZU,813003,5
OHYU8647070,OHYU,864707,0
KOLU3080738,KOLU,308073,8
JKOU1662854,JKOU,166285,4
UBSU8711040,UBSU,871104,0
JQNU1965295,JQNU,196529,5
BJDU3378696,BJDU,337869,6
EEHU8977951,EEHU,897795,1
GZQU1550886,GZQU,155088,6
BBGU6422926,BBGU,642292,6
SPLU0273190,SPLU,027319,0
ZEFU2153927,ZEFU,215392,7
HBFU7369279,HBFU,736927,9
EXJU2612247,EXJU,261224,7
KMDU9703736,KMDU,970373,6
WEXU5248203,WEXU,524820,3
WTIU5778962,WTIU,577896,2
JTXU0598668,JTXU,059866,8
AVPU3298740,AVPU,329874,0
SBKU8787565,SBKU,878756,5
XUHU8990275,XUHU,899027,5
RCZU2401282,RCZU,240128,2
RBIU3715369,RBIU,371536,9
IFNU4339461,IFNU,433946,1
QXYU5405587,QXYU,540558,7
EJHU2474645,EJHU,247464,5
WFYU6445650,WFYU,644565,0
KGEU6363741,KGEU,636374,1
UYNU7636123,UYNU,763612,3
GUWU7820601,GUWU,782060,1
CQDU1615578,CQDU,161557,8
KYNU1046238,KYNU,104623,8
LZHU8545427,LZHU,854542,7
TMAU5200466,TMAU,520046,6
GHFU1758123,GHFU,175812,3
VQVU0682568,VQVU,068256,8
UFGU5289619,UFGU,528961,9
LFUU4735707,LFUU,473570,7
WLNU8226938,WLNU,822693,8
EAOU8296135,EAOU,829613,5
HREU9142872,HREU,914287,2
TJYU8218557,TJYU,821855,7
FJHU1587720,FJHU,158772,0
MMMU5143099,MMMU,514309,9
KOIU2391514,KOIU,239151,4
SDTU4872150,SDTU,487215,0
TCMU4217763,TCMU,421776,3
HUYU2873314,HUYU,287331,4
HFZU0335654,HFZU,033565,4
IBGU6968301,IBGU,696830,1
AMAU3328844,AMAU,332884,4
OHLU0218124,OHLU,021812,4
DQRU6509609,DQRU,650960,9
RLQU1035025,RLQU,103502,5
VRBU4447846,VRBU,444784,6
YXSU7224997,YXSU,722499,7
RRPU5239699,RRPU,523969,9
SRFU0610745,SRFU,061074,5
LMWU3922294,LMWU,392229,4
XZQU2692326,XZQU,269232,6
ZIHU1520642,ZIHU,152064,2
DBYU9098203,DBYU,909820,3
QUZU7468066,QUZU,746806,6
DHIU0446582,DHIU,044658,2
SSLU7234349,SSLU,723434,9
IPFU3004157,IPFU,300415,7
NOSU1108096,NOSU,110809,6
FECU5296622,FECU,529662,2
GOOU7843959,GOOU,784395,9
ZTJU2437207,ZTJU,243720,7
FKPU9161843,FKPU,916184,3
LYEU4343390,LYEU,434339,0
ETOU2761177,ETOU,276117,7
FICU3680723,FICU,368072,3
IYFU8524648,IYFU,852464,8
QCDU5719319,QCDU,571931,9
MYGU2715537,MYGU,271553,7
EIPU0334060,EIPU,033406,0
RNPU1476165,RNPU,147616,5
FEEU6189502,FEEU,618950,2
QRVU7002627,QRVU,700262,7
ZMPU5993795,ZMPU,599379,5
WLCU7560680,WLCU,756068,0
ZRSU9367249,ZRSU,936724,9
TAKU8015023,TAKU,801502,3
OKLU6332187,OKLU,633218,7
NJAU6900862,NJAU,690086,2
CZMU7792533,CZMU,779253,3
NTNU2986590,NTNU,298659,0
YJUU8411898,YJUU,841189,8
PSQU5261084,PSQU,526108,4
EKPU4055977,EKPU,405597,7
GYBU0258524,GYBU,025852,4
HYAU9283075,HYAU,928307,5
RFHU7765037,RFHU,776503,7
GLZU2192050,GLZU,219205,0
EYVU7554763,EYVU,755476,3
PPCU9485400,PPCU,948540,0
XUSU0194336,XUSU,019433,6
HDLU4612574,HDLU,461257,4
BOUU4664828,BOUU,466482,8
YCFU6963114,YCFU,696311,4
BUKU1150620,BUKU,115062,0
AEUU9828141,AEUU,982814,1
VRFU9743336,VRFU,974333,6
UADU9808460,UADU,980846,0
QSNU9139198,QSNU,913919,8
DFXU3123350,DFXU,312335,0
PVPU4730745,PVPU,473074,5
UPUU3229699,UPUU,322969,9
UXSU4179138,UXSU,417913,8
AOGU4076746,AOGU,407674,6
GNIU0069118,GNIU,006911,8
VUBU9968056,VUBU,996805,6
IIPU2320984,IIPU,232098,4
MKVU5635211,MKVU,563521,1
RCHU4815360,RCHU,481536,0
QTKU1652766,QTKU,165276,6
JWYU8667010,JWYU,866701,0
XVCU5223887,XVCU,522388,7
BPGU0427928,BPGU,042792,8
ZDTU8742790,ZDTU,874279,0
HTWU8717710,HTWU,871771,0
IGVU7017674,IGVU,701767,4
NRIU8670808,NRIU,867080,8
UJHU0757298,UJHU,075729,8
THYU8863069,THYU,886306,9
YVLU4710240,YVLU,471024,0
KMHU0016477,KMHU,001647,7
GDDU6558400,GDDU,655840,0
HLCU8836130,HLCU,883613,0
XBUU9359459,XBUU,935945,9
WJGU6177758,WJGU,617775,8
NPCU9997209,NPCU,999720,9
OVIU6519243,OVIU,651924,3
OPMU1315010,OPMU,131501,0
JULU4493762,JULU,449376,2
YKCU2913850,YKCU,291385,0
NSAU8752799,NSAU,875279,9
RUBU0448510,RUBU,044851,0
JOBU4488045,JOBU,448804,5
ZNAU4481011,ZNAU,448101,1
MTPU2048229,MTPU,204822,9
BYJU3526538,BYJU,352653,8
OYEU6549871,OYEU,654987,1
BQDU4193670,BQDU,419367,0
BSRU8932967,BSRU,893296,7
USMU3087918,USMU,308791,8
IYJU3497539,IYJU,349753,9
KTAU8394121,KTAU,839412,1
PMRU5566635,PMRU,556663,5
HFIU2503737,HFIU,250373,7
DRRU3148530,DRRU,314853,0
BSHU0472720,BSHU,047272,0
ORQU8763376,ORQU,876337,6
DOPU1143305,DOPU,114330,5
RHAU7544637,RHAU,754463,7
UJTU4671034,UJTU,467103,4
KMSU3286438,KMSU,328643,8
YKUU0440593,YKUU,044059,3
PWBU7966074,PWBU,796607,4
ICQU4159341,ICQU,415934,1
STAU6729543,STAU,672954,3
APJU8469831,APJU,846983,1
SADU3830799,SADU,383079,9
CCNU5562340,CCNU,556234,0
MTFU2685042,MTFU,268504,2
CWWU7897570,CWWU,789757,0
COFU1336690,COFU,133669,0
TDAU0439629,TDAU,043962,9
EEZU7886696,EEZU,788669,6
NIAU5637214,NIAU,563721,4
QUJU9134400,QUJU,913440,0
HLIU0743650,HLIU,074365,0
IGAU3618767,IGAU,361876,7
VGUU6343965,VGUU,634396,5
UEPU8722711,UEPU,872271,1
ZNGU0362299,ZNGU,036229,9
PTBU1630784,PTBU,163078,4
EIUU1434971,EIUU,143497,1
CBKU8027973,CBKU,802797,3
MPOU1494307,MPOU,149430,7
WXOU5798840,WXOU,579884,0
HABU5115019,HABU,511501,9
YBPU7112755,YBPU,711275,5
LDXU8229143,LDXU,822914,3
NKQU1248487,NKQU,124848,7
GSSU6254827,GSSU,625482,7
SGLU9316123,SGLU,931612,3
AJAU7112440,AJAU,711244,0
ITVU6353772,ITVU,635377,2
TWWU9631647,TWWU,963164,7
IFHU3945896,IFHU,394589,6
ZISU3126040,ZISU,312604,0
EHGU5403062,EHGU,540306,2
ZGIU5669228,ZGIU,566922,8
AXGU9774239,AXGU,977423,9
RHPU4618553,RHPU,461855,3
GBCU6724103,GBCU,672410,3
FGNU0740650,FGNU,074065,0
TICU4939052,TICU,493905,2
RJXU2115767,RJXU,211576,7
ERHU2305750,ERHU,230575,0
ZTSU5689111,ZTSU,568911,1
TMYU9981431,TMYU,998143,1
NIFU2694064,NIFU,269406,4
CPPU4674836,CPPU,467483,6
DQFU5839240,DQFU,583924,0
FRIU4642965,FRIU,464296,5
TQQU0725109,TQQU,072510,9
JKZU7603528,JKZU,760352,8
HCIU4944612,HCIU,494461,2
EJWU1644369,EJWU,164436,9
SDPU8398050,SDPU,839805,0
VVNU7550941,VVNU,755094,1
NEYU2652725,NEYU,265272,5
HONU3733713,HONU,373371,3
YAFU0318397,YAFU,031839,7
JTYU5977400,JTYU,597740,0
NCJU2025761,NCJU,202576,1
RNHU1507134,RNHU,150713,4
LVPU2986945,LVPU,298694,5
TMAU7146472,TMAU,714647,2
GTZU3623434,GTZU,362343,4
XLXU9780478,XLXU,978047,8
CXHU8408313,CXHU,840831,3
IQBU6957653,IQBU,695765,3
JPNU6601801,JPNU,660180,1
QGXU9315185,QGXU,931518,5
GPYU7680560,GPYU,768056,0
TPCU2735558,TPCU,273555,8
NCZU3029350,NCZU,302935,0
JJAU4979945,JJAU,497994,5
OVHU2474168,OVHU,247416,8
KXFU3924277,KXFU,392427,7
HWFU7610789,HWFU,761078,9
CCSU6657345,CCSU,665734,5
JZAU5815717,JZAU,581571,7
VDVU7757283,VDVU,775728,3
XLYU4730890,XLYU,473089,0
GTSU6386384,GTSU,638638,4
GJVU6974187,GJVU,697418,7
UWUU1440942,UWUU,144094,2
YQZU9374183,YQZU,937418,3
MFKU4113896,MFKU,411389,6
HEEU5200661,HEEU,520066,1
DODU9226414,DODU,922641,4
XQGU4651159,XQGU,465115,9
IYIU3538830,IYIU,353883,0
YLDU3700619,YLDU,370061,9
OPGU6443261,OPGU,644326,1
NSRU0021858,NSRU,002185,8
IBVU3962575,IBVU,396257,5
CWRU6094280,CWRU,609428,0
SIBU4329630,SIBU,432963,0
OLMU1727941,OLMU,172794,1
BTAU0672017,BTAU,067201,7
ORMU2470226,ORMU,247022,6
UGJU9091603,UGJU,909160,3
ZECU2023542,ZECU,202354,2
ICTU0013658,ICTU,001365,8
KJJU7745038,KJJU,774503,8
AYWU6934177,AYWU,693417,7
NDFU2371078,NDFU,237107,8
YXLU3852120,YXLU,385212,0
GWFU0625425,GWFU,062542,5
PAVU2043680,PAVU,204368,0
MMUU5190720,MMUU,519072,0
VBDU5790795,VBDU,579079,5
VWZU6014012,VWZU,601401,2
GQRU8464846,GQRU,846484,6
MPKU9637176,MPKU,963717,6
NFFU2506433,NFFU,250643,3
HOSU3540060,HOSU,354006,0
REBU2394217,REBU,239421,7
YAWU8954624,YAWU,895462,4
MJYU7101261,MJYU,710126,1
TFUU2453152,TFUU,245315,2
VYSU7851743,VYSU,785174,3
GWTU6955270,GWTU,695527,0
OYNU0167899,OYNU,016789,9
EQKU7876869,EQKU,787686,9
GPJU6271397,GPJU,627139,7
KBPU5275044,KBPU,527504,4
EXYU5400290,EXYU,540029,0
VXIU2212157,VXIU,221215,7
UZVU0177135,UZVU,017713,5
CZVU4850289,CZVU,485028,9
FUCU5953116,FUCU,595311,6
ZEUU1137447,ZEUU,113744,7
LQYU6663289,LQYU,666328,9
TKBU6030854,TKBU,603085,4
BMTU5452338,BMTU,545233,8
BJOU4922730,BJOU,492273,0
IHZU4350142,IHZU,435014,2
GVXU9381995,GVXU,938199,5
MWXU7087465,MWXU,708746,5
VRHU5390475,VRHU,539047,5
XNHU8944960,XNHU,894496,0
GNFU3423100,GNFU,342310,0
DRCU8210631,DRCU,821063,1
PBEU5680537,PBEU,568053,7
QEHU0086983,QEHU,008698,3
RVPU3335901,RVPU,333590,1
TPUU1924237,TPUU,192423,7
HDJU4713075,HDJU,471307,5
ZDEU1916525,ZDEU,191652,5
HZXU2176533,HZXU,217653,3
JLWU6481053,JLWU,648105,3
SQIU1745111,SQIU,174511,1
SCQU6038251,SCQU,603825,1
FFPU6155895,FFPU,615589,5
YHYU6223577,YHYU,622357,7
YTLU0443432,YTLU,044343,2
KVZU7634396,KVZU,763439,6
SFVU7603307,SFVU,760330,7
CLTU5315020,CLTU,531502,0
SZXU8656844,SZXU,865684,4
MDOU5706988,MDOU,570698,8
FDRU7106707,FDRU,710670,7
NEJU6163551,NEJU,616355,1
KJRU1403576,KJRU,140357,6
FYVU0153501,FYVU,015350,1
KMGU4908631,KMGU,490863,1
ONOU5407438,ONOU,540743,8
ZSIU7830166,ZSIU,783016,6
CRIU9309050,CRIU,930905,0
KNQU9445613,KNQU,944561,3
VSUU5449914,VSUU,544991,4
FCIU0500367,FCIU,050036,7
BDCU7866420,BDCU,786642,0
CGLU4341811,CGLU,434181,1
RYZU4894052,RYZU,489405,2
WCZU7977722,WCZU,797772,2
RXKU8690460,RXKU,869046,0
BPLU2258599,BPLU,225859,9
FFMU9122111,FFMU,912211,1
WYYU9141752,WYYU,914175,2
JNGU5140786,JNGU,514078,6
ECXU5650988,ECXU,565098,8
IUJU5531470,IUJU,553147,0
MQNU2884062,MQNU,288406,2
RVXU4722683,RVXU,472268,3
YHZU4381052,YHZU,438105,2
KUKU3417273,KUKU,341727,3
PRKU1172227,PRKU,117222,7
MGNU8551747,MGNU,855174,7
PKYU7931941,PKYU,793194,1
YTHU3677190,YTHU,367719,0
YUAU0749540,YUAU,074954,0
UHFU0946650,UHFU,094665,0
YLEU5791294,YLEU,579129,4
RQOU5360998,RQOU,536099,8
UTPU8001890,UTPU,800189,0
VYQU6062297,VYQU,606229,7
OFXU2927992,OFXU,292799,2
VDQU6809441,VDQU,680944,1
IYZU2528482,IYZU,252848,2
TIEU9774013,TIEU,977401,3
WCKU0371541,WCKU,037154,1
DHYU0660861,DHYU,066086,1
SNDU1626865,SNDU,162686,5
YKFU1629691,YKFU,162969,1
VYAU0350074,VYAU,035007,4
WBHU3328700,WBHU,332870,0
MVVU3933606,MVVU,393360,6
ZKLU0198934,ZKLU,019893,4
YNBU6625963,YNBU,662596,3
EWIU8364142,EWIU,836414,2
WADU0835744,WADU,083574,4
OUWU5244341,OUWU,524434,1
VZDU1573654,VZDU,157365,4
DNGU9654659,DNGU,965465,9
FVHU9921422,FVHU,992142,2
WDXU3957722,WDXU,395772,2
ZFIU0123680,ZFIU,012368,0
JINU4767770,JINU,476777,0
VCRU8959627,VCRU,895962,7
OHCU0913515,OHCU,091351,5
JYMU0110277,JYMU,011027,7
MGGU7341264,MGGU,734126,4
XFGU6277806,XFGU,627780,6
ASBU7984366,ASBU,798436,6
TUCU8243528,TUCU,824352,8
JDRU2746937,JDRU,274693,7
TYOU7730111,TYOU,773011,1
QBGU9581905,QBGU,958190,5
WKGU0155774,WKGU,015577,4
YWSU9678765,YWSU,967876,5
ANDU1875793,ANDU,187579,3
BUAU5440253,BUAU,544025,3
JNIU9016425,JNIU,901642,5
OVQU2069006,OVQU,206900,6
UIUU7723241,UIUU,772324,1
SCCU5028974,SCCU,502897,4
ILHU9391599,ILHU,939159,9
AMBU4729005,AMBU,472900,5
UQZU0758429,UQZU,075842,9
WSAU0677609,WSAU,067760,9
PTHU8528457,PTHU,852845,7
ZYZU2225349,ZYZU,222534,9
XIJU3042255,XIJU,304225,5
JZOU5740956,JZOU,574095,6
UCCU3260703,UCCU,326070,3
FPCU9543661,FPCU,954366,1
NJZU8417259,NJZU,841725,9
KJYU7134956,KJYU,713495,6
PEPU1491447,PEPU,149144,7
MFOU4545460,MFOU,454546,0
GHGU2940856,GHGU,294085,6
RZPU5365380,RZPU,536538,0
AVZU3790960,AVZU,379096,0
JXQU0197412,JXQU,019741,2
CYIU1252498,CYIU,125249,8
STWU6593000,STWU,659300,0
IDOU9827303,IDOU,982730,3
ROLU8396860,ROLU,839686,0
TWMU0188625,TWMU,018862,5
CHMU3142868,CHMU,314286,8
JUTU5758504,JUTU,575850,4
GLCU2007320,GLCU,200732,0
OUNU0118703,OUNU,011870,3
FCCU8429999,FCCU,842999,9
YCMU6052518,YCMU,605251,8
XZRU7119115,XZRU,711911,5
BKAU7995158,BKAU,799515,8
FDEU6814402,FDEU,681440,2
QFDU9347107,QFDU,934710,7
AQFU3536826,AQFU,353682,6
ONVU9900380,ONVU,990038,0
YTCU2225650,YTCU,222565,0
UOLU6864775,UOLU,686477,5
CIVU6438506,CIVU,643850,6
CAEU7592167,CAEU,759216,7
WTCU8121141,WTCU,812114,1
XGZU8955710,XGZU,895571,0
HUKU2697259,HUKU,269725,9
RQVU0852989,RQVU,085298,9
BKEU2270043,BKEU,227004,3
BCCU2671424,BCCU,267142,4
VOPU2195913,VOPU,219591,3
CFBU5796201,CFBU,579620,1
MHXU8412764,MHXU,841276,4
AVWU9028308,AVWU,902830,8
NGLU2767630,NGLU,276763,0
GFQU1960659,GFQU,196065,9
ATDU4306512,ATDU,430651,2
LFXU4536715,LFXU,453671,5
YHYU0053405,YHYU,005340,5
KYYU8974392,KYYU,897439,2
FANU2689739,FANU,268973,9
JYVU2525010,JYVU,252501,0
ZFTU7454262,ZFTU,745426,2
TIIU3449659,TIIU,344965,9
HMGU4231039,HMGU,423103,9
VBEU2081608,VBEU,208160,8
OXIU4019983,OXIU,401998,3
ACGU2641968,ACGU,264196,8
YGOU0158240,YGOU,015824,0
XMFU5713249,XMFU,571324,9
TUSU6610210,TUSU,661021,0
JIQU9984763,JIQU,998476,3
MRBU1228980,MRBU,122898,0
ZJQU4472171,ZJQU,447217,1
QFKU8723890,QFKU,872389,0
IGGU0465130,IGGU,046513,0
NUQU9576353,NUQU,957635,3
MBFU8415707,MBFU,841570,7
GMIU2550440,GMIU,255044,0
LAOU1478367,LAOU,147836,7
TFAU4598303,TFAU,459830,3
LIKU7461966,LIKU,746196,6
ORJU5772420,ORJU,577242,0
TMZU3220531,TMZU,322053,1
ZTDU7068305,ZTDU,706830,5
SFRU3807109,SFRU,380710,9
QSUU1161987,QSUU,116198,7
BYZU7502550,BYZU,750255,0
QITU4879043,QITU,487904,3
HKDU2638190,HKDU,263819,0
DINU5039541,DINU,503954,1
UBFU5409333,UBFU,540933,3
FQOU0862203,FQOU,086220,3
OCSU3786192,OCSU,378619,2
HYCU4114200,HYCU,411420,0
ORFU1980946,ORFU,198094,6
ZDVU6412932,ZDVU,641293,2
MMRU3672980,MMRU,367298,0
SROU2906223,SROU,290622,3
DJXU1836430,DJXU,183643,0
TCTU2834592,TCTU,283459,2
OSFU7801470,OSFU,780147,0
HUSU6487926,HUSU,648792,6
URGU4910387,URGU,491038,7
BMMU8989069,BMMU,898906,9
HTNU4448670,HTNU,444867,0
HLWU2941966,HLWU,294196,6
RQXU3406165,RQXU,340616,5
FFUU2194356,FFUU,219435,6
RRHU7476207,RRHU,747620,7
ZIIU9652124,ZIIU,965212,4
KTIU8784170,KTIU,878417,0
HDQU1680383,HDQU,168038,3
JZAU8682310,JZAU,868231,0
YYEU9630523,YYEU,963052,3
LXDU8233210,LXDU,823321,0
XDVU3941566,XDVU,394156,6
WLZU6393065,WLZU,639306,5
HYLU6488274,HYLU,648827,4
KVDU0425226,KVDU,042522,6
CNNU7061694,CNNU,706169,4
YNQU8641956,YNQU,864195,6
FGAU1648667,FGAU,164866,7
QXKU0629689,QXKU,062968,9
CZMU5214032,CZMU,521403,2
HWPU8995598,HWPU,899559,8
OVVU0599776,OVVU,059977,6
HSHU0115760,HSHU,011576,0
ZLIU5858789,ZLIU,585878,9
CDXU4972742,CDXU,497274,2
NBOU3969961,NBOU,396996,1
FTLU8245347,FTLU,824534,7
LGDU3279342,LGDU,327934,2
IQIU5773045,IQIU,577304,5
KDBU6592886,KDBU,659288,6
XUPU2784515,XUPU,278451,5
FWLU0239284,FWLU,023928,4
SJXU3607607,SJXU,360760,7
OUNU3273004,OUNU,327300,4
KRUU5698003,KRUU,569800,3
HLPU1497307,HLPU,149730,7
ONIU1307461,ONIU,130746,1
ZMIU3012303,ZMIU,301230,3
TTNU1378879,TTNU,137887,9
ZOGU2007150,ZOGU,200715,0
UJDU7017787,UJDU,701778,7
VQJU4658384,VQJU,465838,4
BRQU9241012,BRQU,924101,2
PRIU3495788,PRIU,349578,8
THUU6308177,THUU,630817,7
BRVU8959500,BRVU,895950,0
WZHU8369231,WZHU,836923,1
RNLU2318690,RNLU,231869,0
RZJU0722025,RZJU,072202,5
JLJU5791785,JLJU,579178,5
BNNU7280330,BNNU,728033,0
MNAU4739443,MNAU,473944,3
UVAU2155341,UVAU,215534,1
KPTU4972299,KPTU,497229,9
MXVU0384039,MXVU,038403,9
PRDU4388298,PRDU,438829,8
NWGU8774869,NWGU,877486,9
FYQU4542310,FYQU,454231,0
XSDU3229970,XSDU,322997,0
LNDU1836905,LNDU,183690,5
FSBU9509571,FSBU,950957,1
NUGU4461536,NUGU,446153,6
LVWU3802851,LVWU,380285,1
IOIU7613280,IOIU,761328,0
HCXU7558092,HCXU,755809,2
AHNU9919025,AHNU,991902,5
JHMU6582527,JHMU,658252,7
MATU4217999,MATU,421799,9
KUQU3148781,KUQU,314878,1
QXMU3097791,QXMU,309779,1
KKWU6003576,KKWU,600357,6
TXYU7355596,TXYU,735559,6
SQPU6749530,SQPU,674953,0
SQTU8136321,SQTU,813632,1
BATU2888699,BATU,288869,9
ZAGU0384135,ZAGU,038413,5
BDSU8678008,BDSU,867800,8
UNFU4448560,UNFU,444856,0
CMNU6882625,CMNU,688262,5
FRZU1255175,FRZU,125517,5
UCRU9480452,UCRU,948045,2
MYRU0124631,MYRU,012463,1
ZNSU0353191,ZNSU,035319,1
KAOU1471870,KAOU,147187,0
ALCU3991183,ALCU,399118,3
UCVU2635870,UCVU,263587,0
HEIU4723317,HEIU,472331,7
JXFU3404037,JXFU,340403,7
ANMU8637345,ANMU,863734,5
VJBU5617658,VJBU,561765,8
SYYU5953408,SYYU,595340,8
GTRU1230190,GTRU,123019,0
XNJU4493090,XNJU,449309,0
QWHU1158425,QWHU,115842,5
TYDU4554484,TYDU,455448,4
QFJU5444190,QFJU,544419,0
QTAU4607020,QTAU,460702,0
BWCU4250825,BWCU,425082,5
ORRU1942326,ORRU,194232,6
NPLU4404586,NPLU,440458,6
AWQU0430930,AWQU,043093,0
ONRU8059569,ONRU,805956,9
KJCU6454198,KJCU,645419,8
DPQU9464478,DPQU,946447,8
VQYU4368474,VQYU,436847,4
VAEU5021677,VAEU,502167,7
FYAU4941084,FYAU,494108,4
OFSU3490436,OFSU,349043,6
KDZU5183954,KDZU,518395,4
DIBU0228078,DIBU,022807,8
HUFU0922331,HUFU,092233,1
CCAU5501252,CCAU,550125,2
UMBU8587193,UMBU,858719,3
LAXU3933511,LAXU,393351,1
WBSU4059070,WBSU,405907,0
IIJU8475782,IIJU,847578,2
KZMU5492730,KZMU,549273,0
IAFU2508867,IAFU,250886,7
STPU2512910,STPU,251291,0
BXLU0978322,BXLU,097832,2
VQCU5650382,VQCU,565038,2
CGKU4302757,CGKU,430275,7
SGYU3987803,SGYU,398780,3
HBWU5318688,HBWU,531868,8
CNJU8899765,CNJU,889976,5
HMIU0601235,HMIU,060123,5
OTUU0065905,OTUU,006590,5
BLWU5924822,BLWU,592482,2
CMVU4718277,CMVU,471827,7
AZXU7562906,AZXU,756290,6
DCUU9945209,DCUU,994520,9
MMZU6825685,MMZU,682568,5
HLFU0366030,HLFU,036603,0
GTHU8435530,GTHU,843553,0
ZNLU3938420,ZNLU,393842,0
ZOQU2060284,ZOQU,206028,4
SGCU8828978,SGCU,882897,8
HKJU2730081,HKJU,273008,1
PYJU8375551,PYJU,837555,1
UCWU5527466,UCWU,552746,6
RTTU1211243,RTTU,121124,3
NYZU5876110,NYZU,587611,0
YCKU4795724,YCKU,479572,4
UDRU5941692,UDRU,594169,2
SQQU3576707,SQQU,357670,7
KYMU9784717,KYMU,978471,7
JMMU7338877,JMMU,733887,7
JCEU2076452,JCEU,207645,2
WJSU6636577,WJSU,663657,7
AYPU7490329,AYPU,749032,9
IYUU8196634,IYUU,819663,4
OTMU5544115,OTMU,554411,5
QTJU8319563,QTJU,831956,3
ODWU3025423,ODWU,302542,3
RIXU3590482,RIXU,359048,2
UINU1282014,UINU,128201,4
HNYU0121017,HNYU,012101,7
XWEU9907911,XWEU,990791,1
MXTU6133657,MXTU,613365,7
PXKU7170820,PXKU,717082,0
AHIU9796274,AHIU,979627,4
QSQU7414619,QSQU,741461,9
WXSU3932342,WXSU,393234,2
MNOU5475087,MNOU,547508,7
ERHU2413733,ERHU,241373,3
DVSU9292933,DVSU,929293,3
AMEU3405240,AMEU,340524,0
LDHU9942148,LDHU,994214,8
ZYBU4210301,ZYBU,421030,1
UBOU9212117,UBOU,921211,7
HYSU1888859,HYSU,188885,9
BVRU0485140,BVRU,048514,0
HVVU6449159,HVVU,644915,9
RTNU7052091,RTNU,705209,1
YKBU3771123,YKBU,377112,3
YTWU1303362,YTWU,130336,2
XJQU4722582,XJQU,472258,2
RGZU6917398,RGZU,691739,8
HMEU5353991,HMEU,535399,1
MINU1464897,MINU,146489,7
WZZU3109682,WZZU,310968,2
SGHU0938719,SGHU,093871,9
ZEBU0612848,ZEBU,061284,8
CFRU0983557,CFRU,098355,7
XOIU9583451,XOIU,958345,1
YUUU6834439,YUUU,683443,9
EBEU6241538,EBEU,624153,8
PSGU3479626,PSGU,347962,6
JTUU6759678,JTUU,675967,8
UGNU7189944,UGNU,718994,4
SYOU8049122,SYOU,804912,2
LRIU2866849,LRIU,286684,9
FZLU4246409,FZLU,424640,9
UTVU3101378,UTVU,310137,8
HHKU6194961,HHKU,619496,1
PLAU9320530,PLAU,932053,0
ANSU2008840,ANSU,200884,0
ZMIU6857937,ZMIU,685793,7
SLVU0257843,SLVU,025784,3
RSLU8523962,RSLU,852396,2
PMSU8628523,PMSU,862852,3
QDIU3940660,QDIU,394066,0
DJMU8747964,DJMU,874796,4
OONU1406895,OONU,140689,5
GIUU3303930,GIUU,330393,0
UCMU0360000,UCMU,036000,0
RDAU1577493,RDAU,157749,3
XRVU0143934,XRVU,014393,4
AFGU8451889,AFGU,845188,9
KTTU4813890,KTTU,481389,0
SSMU5550233,SSMU,555023,3
FUCU1426694,FUCU,142669,4
IGWU1105848,IGWU,110584,8
IDOU4087631,IDOU,408763,1
UYDU3171970,UYDU,317197,0
KHLU2747396,KHLU,274739,6
BVCU8267716,BVCU,826771,6
GYGU2598898,GYGU,259889,8
SGLU7056705,SGLU,705670,5
IEBU3632408,IEBU,363240,8
PXZU7608945,PXZU,760894,5
VNLU5151933,VNLU,515193,3
NTVU7895789,NTVU,789578,9
NWCU7938069,NWCU,793806,9
FYMU2972750,FYMU,297275,0
HXGU3644596,HXGU,364459,6
TOVU0413449,TOVU,041344,9
ZYSU5364842,ZYSU,536484,2
XALU5423960,XALU,542396,0
KOPU3556726,KOPU,355672,6
CCSU5328690,CCSU,532869,0
ULDU6164011,ULDU,616401,1
QKEU1576687,QKEU,157668,7
EUJU2324027,EUJU,232402,7
BRVU5816189,BRVU,581618,9
ZFUU7523855,ZFUU,752385,5
UVVU2890908,UVVU,289090,8
WFQU0479265,WFQU,047926,5
QUOU6217798,QUOU,621779,8
UPCU4313969,UPCU,431396,9
AOBU4283051,AOBU,428305,1
MOUU0096675,MOUU,009667,5
RHOU8960848,RHOU,896084,8
DPUU7974435,DPUU,797443,5
ZXHU8038037,ZXHU,803803,7
GKLU1623577,GKLU,162357,7
OTCU3975155,OTCU,397515,5
LPJU6203438,LPJU,620343,8
KVZU7809914,KVZU,780991,4
QEIU4952293,QEIU,495229,3
HIWU9143087,HIWU,914308,7
KFSU9914882,KFSU,991488,2
CKNU0785366,CKNU,078536,6
RATU5122188,RATU,512218,8
IRAU2015354,IRAU,201535,4
RAHU2242942,RAHU,224294,2
QPTU6981634,QPTU,698163,4
CIXU4529899,CIXU,452989,9
DNVU3598842,DNVU,359884,2
EISU1603903,EISU,160390,3
QLWU0729392,QLWU,072939,2
XXJU4407929,XXJU,440792,9
HNUU1668042,HNUU,166804,2
LZWU8698639,LZWU,869863,9
ETRU1479452,ETRU,147945,2
GCPU7750291,GCPU,775029,1
ADJU6035982,ADJU,603598,2
VGIU5825564,VGIU,582556,4
PVVU0048120,PVVU,004812,0
SNYU9159800,SNYU,915980,0
VUDU4908508,VUDU,490850,8
BSEU7411135,BSEU,741113,5
LGTU9745769,LGTU,974576,9
NQLU1743042,NQLU,174304,2
NRNU4908715,NRNU,490871,5
EDXU0002393,EDXU,000239,3
BSYU0516108,BSYU,051610,8
WQVU7640349,WQVU,764034,9
KZBU6798546,KZBU,679854,6
CLKU6040934,CLKU,604093,4
ZNKU1084685,ZNKU,108468,5
HBBU3960735,HBBU,396073,5
DBZU9648330,DBZU,964833,0
NUQU8757188,NUQU,875718,8
MIRU0538177,MIRU,053817,7
JUOU0397632,JUOU,039763,2
TQQU5096138,TQQU,509613,8
WPTU9657543,WPTU,965754,3
SXIU5914507,SXIU,591450,7
YZCU2392095,YZCU,239209,5
UDXU4657563,UDXU,465756,3
FXRU3035586,FXRU,303558,6
PTEU5665331,PTEU,566533,1
DTIU0485411,DTIU,048541,1
AEGU5513537,AEGU,551353,7
FTYU3010192,FTYU,301019,2
MKTU6699246,MKTU,669924,6
KLPU3675381,KLPU,367538,1
IJEU2650515,IJEU,265051,5
VRKU9284127,VRKU,928412,7
YIZU3922030,YIZU,392203,0
BWWU4482029,BWWU,448202,9
QHAU6672139,QHAU,667213,9
DKEU9297095,DKEU,929709,5
QYUU2364575,QYUU,236457,5
EYXU2415470,EYXU,241547,0
YOPU4221594,YOPU,422159,4
ELFU3696938,ELFU,369693,8
RQWU1196960,RQWU,119696,0
TGYU4475530,TGYU,447553,0
PBMU4211970,PBMU,421197,0
HMZU8317754,HMZU,831775,4
ZVMU2966113,ZVMU,296611,3
QEGU7106558,QEGU,710655,8
SONU8427091,SONU,842709,1
FIPU3793802,FIPU,379380,2
ZOAU3503550,ZOAU,350355,0
FVGU0737909,FVGU,073790,9
STTU7325250,STTU,732525,0
UDEU3474772,UDEU,347477,2
FTDU0422762,FTDU,042276,2
JMNU9159690,JMNU,915969,0
IWZU6951781,IWZU,695178,1
EZGU4981592,EZGU,498159,2
JFUU5922171,JFUU,592217,1
QHMU4698449,QHMU,469844,9
CSJU5077558,CSJU,507755,8
IMEU7641323,IMEU,764132,3
NLWU8825168,NLWU,882516,8
PUBU6365200,PUBU,636520,0
KUBU7025278,KUBU,702527,8
OOFU6346271,OOFU,634627,1
LCSU1203307,LCSU,120330,7
GEEU3336771,GEEU,333677,1
MCLU9467662,MCLU,946766,2
PVIU7024297,PVIU,702429,7
JXQU9944099,JXQU,994409,9
GSDU5861936,GSDU,586193,6
EAVU0719841,EAVU,071984,1
LBCU7989247,LBCU,798924,7
XFLU2272351,XFLU,227235,1
LHPU5307714,LHPU,530771,4
JVHU6354904,JVHU,635490,4
ONUU1391438,ONUU,139143,8
DMAU0673460,DMAU,067346,0
GOKU2805135,GOKU,280513,5
JLKU3779254,JLKU,377925,4
RFEU6706682,RFEU,670668,2
VBMU0332435,VBMU,033243,5
QFJU5736524,QFJU,573652,4
KPTU4044567,KPTU,404456,7
AVBU2582417,AVBU,258241,7
RUNU2406168,RUNU,240616,8
YUXU2662070,YUXU,266207,0
FLMU6843354,FLMU,684335,4
QNSU8989750,QNSU,898975,0
RYHU2788784,RYHU,278878,4
UGMU0166080,UGMU,016608,0
MILU6073481,MILU,607348,1
LWSU4202829,LWSU,420282,9
OGKU3578742,OGKU,357874,2
FHFU5526721,FHFU,552672,1
KUIU9329697,KUIU,932969,7
RFDU1546715,RFDU,154671,5
NMBU3846567,NMBU,384656,7
HPEU2847759,HPEU,284775,9
QHSU6297107,QHSU,629710,7
VHVU4365075,VHVU,436507,5
BSTU7140237,BSTU,714023,7
AJUU0964697,AJUU,096469,7
CAJU8871668,CAJU,887166,8
HHLU4130060,HHLU,413006,0
IZJU9031299,IZJU,903129,9
KWAU6763640,KWAU,676364,0
WBOU8600980,WBOU,860098,0
QLOU9462010,QLOU,946201,0
UAOU2039407,UAOU,203940,7
DEQU0621070,DEQU,062107,0
DGLU7241210,DGLU,724121,0
FJXU3742501,FJXU,374250,1
HNIU2890226,HNIU,289022,6
GPYU8414930,GPYU,841493,0
FIMU7161562,FIMU,716156,2
EUOU9480126,EUOU,948012,6
ZMPU1550438,ZMPU,155043,8
TITU7806001,TITU,780600,1
CCNU4041590,CCNU,404159,0
ZJRU7369941,ZJRU,736994,1
WGNU1625468,WGNU,162546,8
IEUU9950327,IEUU,995032,7
MWQU3792771,MWQU,379277,1
PNSU2983456,PNSU,298345,6
IOJU4808614,IOJU,480861,4
WDMU9076771,WDMU,907677,1
EBUU1864075,EBUU,186407,5
WQOU1554537,WQOU,155453,7
ZFQU4448706,ZFQU,444870,6
NPNU6263720,NPNU,626372,0
RNYU8269989,RNYU,826998,9
NWTU2528200,NWTU,252820,0
VZZU5586385,VZZU,558638,5
VNPU5867901,VNPU,586790,1
HCYU9506701,HCYU,950670,1
DCCU9665092,DCCU,966509,2
MQFU9867568,MQFU,986756,8
DBVU5574300,DBVU,557430,0
XZYU1761282,XZYU,176128,2
LJDU3001594,LJDU,300159,4
RHWU3439254,RHWU,343925,4
HSJU1693288,HSJU,169328,8
KWBU2538294,KWBU,253829,4
ZALU5152031,ZALU,515203,1
UQIU1055524,UQIU,105552,4
UMYU4031838,UMYU,403183,8
QTBU2632904,QTBU,263290,4
JSNU6894541,JSNU,689454,1
JLOU0104260,JLOU,010426,0
AGTU3248130,AGTU,324813,0
YMXU3242056,YMXU,324205,6
HFVU0563583,HFVU,056358,3
TJZU1453481,TJZU,145348,1
JBFU3325340,JBFU,332534,0
NLFU7012499,NLFU,701249,9
VDOU1582260,VDOU,158226,0
YQYU1189272,YQYU,118927,2
OTCU8883811,OTCU,888381,1
IFBU3412719,IFBU,341271,9
UCSU7604408,UCSU,760440,8
RTHU9028226,RTHU,902822,6
PDNU4741411,PDNU,474141,1
TRKU2674199,TRKU,267419,9
IVEU3221341,IVEU,322134,1
MQOU9806039,MQOU,980603,9
PJLU6376029,PJLU,637602,9
KRDU0128506,KRDU,012850,6
TLFU5292842,TLFU,529284,2
URNU8837494,URNU,883749,4
QOZU5125977,QOZU,512597,7
FOQU4190800,FOQU,419080,0
MIGU7888240,MIGU,788824,0
OAFU6624563,OAFU,662456,3
ZENU2347000,ZENU,234700,0
CRZU1324709,CRZU,132470,9
UQYU8109757,UQYU,810975,7
SAWU7986739,SAWU,798673,9
HZGU8984930,HZGU,898493,0
MRAU0378653,MRAU,037865,3
TULU7427091,TULU,742709,1
QHJU3106005,QHJU,310600,5
KZMU2549322,KZMU,254932,2
FCTU8070332,FCTU,807033,2
ENHU3616770,ENHU,361677,0
JKOU6783592,JKOU,678359,2
PRWU0785225,PRWU,078522,5
RPBU9274072,RPBU,927407,2
OXQU8475095,OXQU,847509,5
KIZU3087610,KIZU,308761,0
PHTU7843416,PHTU,784341,6
MUZU8995746,MUZU,899574,6
LNXU8787417,LNXU,878741,7
HQLU9196198,HQLU,919619,8
ZGMU4149847,ZGMU,414984,7
PVYU0745492,PVYU,074549,2
KQJU7181420,KQJU,718142,0
GFCU9449297,GFCU,944929,7
THQU8365150,THQU,836515,0
GHWU0623375,GHWU,062337,5
QZUU8734750,QZUU,873475,0
TVWU4497852,TVWU,449785,2
QDFU0599890,QDFU,059989,0
BJWU8548195,BJWU,854819,5
MGNU1368924,MGNU,136892,4
IAXU5902732,IAXU,590273,2
YWNU4631031,YWNU,463103,1
KOBU0980994,KOBU,098099,4
XHNU2947395,XHNU,294739,5
RQCU5259970,RQCU,525997,0
MTJU4919988,MTJU,491998,8
LJUU8906512,LJUU,890651,2
OYFU3744918,OYFU,374491,8
NPLU8640511,NPLU,864051,1
LBIU5351419,LBIU,535141,9
UQGU4844370,UQGU,484437,0
QNCU2407167,QNCU,240716,7
VWSU3877453,VWSU,387745,3
FUWU3398400,FUWU,339840,0
RHEU7304969,RHEU,730496,9
MBWU2268906,MBWU,226890,6
JNCU3842454,JNCU,384245,4
NHNU2127966,NHNU,212796,6
DPUU8590835,DPUU,859083,5
FHRU8010382,FHRU,801038,2
CKGU6870363,CKGU,687036,3
UFGU9583112,UFGU,958311,2
AMAU9899537,AMAU,989953,7
ZMVU9551760,ZMVU,955176,0
DDLU3121546,DDLU,312154,6
HMQU8244271,HMQU,824427,1
SMYU9533170,SMYU,953317,0
MXXU9581458,MXXU,958145,8
ZOOU4341684,ZOOU,434168,4
QDNU1211044,QDNU,121104,4
PRJU4422305,PRJU,442230,5
CBIU0317388,CBIU,031738,8
KSMU7150412,KSMU,715041,2
TNXU8686954,TNXU,868695,4
WQCU7022703,WQCU,702270,3
WJIU6153434,WJIU,615343,4
WKUU9966566,WKUU,996656,6
AXDU3072928,AXDU,307292,8
VKRU9589500,VKRU,958950,0
BZTU2872395,BZTU,287239,5
LKZU5676359,LKZU,567635,9
WHPU3580171,WHPU,358017,1
BXBU5847834,BXBU,584783,4
BCUU9252476,BCUU,925247,6
GYVU0852789,GYVU,085278,9
YEVU4103534,YEVU,410353,4
WZMU5480069,WZMU,548006,9
CYDU2986570,CYDU,298657,0
OGBU2153015,OGBU,215301,5
ALEU2692734,ALEU,269273,4
KNRU2961967,KNRU,296196,7
RHVU9096550,RHVU,909655,0
JAEU4657867,JAEU,465786,7
GVQU1320464,GVQU,132046,4
BPKU8706902,BPKU,870690,2
FTVU4708926,FTVU,470892,6
WZLU4930363,WZLU,493036,3
IGLU4881585,IGLU,488158,5
DSJU8015165,DSJU,801516,5
SCFU0584415,SCFU,058441,5
CTCU7126719,CTCU,712671,9
RZBU6780185,RZBU,678018,5
FTTU2032683,FTTU,203268,3
BAAU7759430,BAAU,775943,0
KXEU9473346,KXEU,947334,6
JNAU7374108,JNAU,737410,8
DSCU9895244,DSCU,989524,4
QDXU0459139,QDXU,045913,9
IFPU1178519,IFPU,117851,9
SAOU7255156,SAOU,725515,6
SXSU0611621,SXSU,061162,1
GDIU1709267,GDIU,170926,7
ZHQU3435020,ZHQU,343502,0
UDLU5244470,UDLU,524447,0
VUCU0796453,VUCU,079645,3
XWKU5229696,XWKU,522969,6
EOCU3951344,EOCU,395134,4
AWJU0270724,AWJU,027072,4
XNPU3671763,XNPU,367176,3
LUAU5910640,LUAU,591064,0
VICU9209980,VICU,920998,0
IRBU2204397,IRBU,220439,7
GNDU2758653,GNDU,275865,3
PRVU6517530,PRVU,651753,0
IGSU1648209,IGSU,164820,9
VZGU5337730,VZGU,533773,0
NWXU3042334,NWXU,304233,4
CBTU1806221,CBTU,180622,1
XHUU2838743,XHUU,283874,3
MJTU1751714,MJTU,175171,4
AAZU8578903,AAZU,857890,3
YCYU7442380,YCYU,744238,0
BNOU0582008,BNOU,058200,8
TMRU5528515,TMRU,552851,5
YSXU4045052,YSXU,404505,2
DFCU1486202,DFCU,148620,2
WAZU5783569,WAZU,578356,9
HVAU0571265,HVAU,057126,5
AINU8062602,AINU,806260,2
GENU3958848,GENU,395884,8
LUSU3933248,LUSU,393324,8
YSBU4009361,YSBU,400936,1
QHXU6582913,QHXU,658291,3
YPEU5874185,YPEU,587418,5
HVCU8519623,HVCU,851962,3
QHHU0367184,QHHU,036718,4
DGEU7250620,DGEU,725062,0
DUDU6884541,DUDU,688454,1
LGWU8197480,LGWU,819748,0
GURU9474804,GURU,947480,4
ZUAU3725137,ZUAU,372513,7
ZUYU6786113,ZUYU,678611,3
GFJU1288653,GFJU,128865,3
XJTU7490389,XJTU,749038,9
ZRSU5569010,ZRSU,556901,0
SZKU8765202,SZKU,876520,2
DUVU7784175,DUVU,778417,5
JYPU2465261,JYPU,246526,1
QSMU4063408,QSMU,406340,8
XGAU5675714,XGAU,567571,4
MGUU7199431,MGUU,719943,1
ENEU2685610,ENEU,268561,0
UUHU7754081,UUHU,775408,1
CSDU9487440,CSDU,948744,0
DSFU2141500,DSFU,214150,0
GNMU4246626,GNMU,424662,6
RPFU8999860,RPFU,899986,0
MQKU2081220,MQKU,208122,0
XEDU8553048,XEDU,855304,8
ZIFU0708828,ZIFU,070882,8
BCHU4034887,BCHU,403488,7
ZRDU4026998,ZRDU,402699,8
VVNU3654444,VVNU,365444,4
ILAU8658296,ILAU,865829,6
YXGU1109957,YXGU,110995,7
DMAU0619520,DMAU,061952,0
ZTUU4282643,ZTUU,428264,3
BEZU0351350,BEZU,035135,0
GYVU7078680,GYVU,707868,0
EXZU9944399,EXZU,994439,9
MDYU6982189,MDYU,698218,9
DAOU2772341,DAOU,277234,1
CSBU6098279,CSBU,609827,9
EDIU1327792,EDIU,132779,2
XPTU8891959,XPTU,889195,9
MTDU5743314,MTDU,574331,4
BITU9871462,BITU,987146,2
DMYU7817932,DMYU,781793,2
JADU3024840,JADU,302484,0
EMGU0458438,EMGU,045843,8
DKFU1503721,DKFU,150372,1
VJAU7472880,VJAU,747288,0
MYOU2122766,MYOU,212276,6
MZCU2354555,MZCU,235455,5
KCUU9608354,KCUU,960835,4
JTFU1204180,JTFU,120418,0
NZWU3082447,NZWU,308244,7
RLNU0082850,RLNU,008285,0
JZXU0211560,JZXU,021156,0
VLDU2169465,VLDU,216946,5
VIMU4525348,VIMU,452534,8
BPKU2705299,BPKU,270529,9
WEDU3521915,WEDU,352191,5
TWAU0480451,TWAU,048045,1
QZXU2301531,QZXU,230153,1
YBQU2127226,YBQU,212722,6
ENCU6488144,ENCU,648814,4
JJVU4479865,JJVU,447986,5
SNYU9023990,SNYU,902399,0
YJPU4579421,YJPU,457942,1
MRSU7823049,MRSU,782304,9
FFNU4055117,FFNU,405511,7
RQFU9987887,RQFU,998788,7
JGTU7686520,JGTU,768652,0
RQLU6208504,RQLU,620850,4
ZYKU8777636,ZYKU,877763,6
HNPU6536760,HNPU,653676,0
OUNU9847141,OUNU,984714,1
TNBU3025229,TNBU,302522,9
JXSU7477747,JXSU,747774,7
WAVU9216574,WAVU,921657,4
PSHU0156623,PSHU,015662,3
QYIU0127849,QYIU,012784,9
GVFU9051809,GVFU,905180,9
XRFU2268004,XRFU,226800,4
MWPU7754077,MWPU,775407,7
FLYU0307270,FLYU,030727,0
EBPU2301930,EBPU,230193,0
DQEU1990824,DQEU,199082,4
PKCU3309911,PKCU,330991,1
NWVU6653052,NWVU,665305,2
FSEU5393910,FSEU,539391,0
VEUU8347035,VEUU,834703,5
EACU9817755,EACU,981775,5
JCAU4669145,JCAU,466914,5
PMZU2339287,PMZU,233928,7
NZZU5444206,NZZU,544420,6
YJTU7344615,YJTU,734461,5
HNXU9931822,HNXU,993182,2
OIEU6566686,OIEU,656668,6
YJEU0437641,YJEU,043764,1
RLRU9758702,RLRU,975870,2
ETDU5060731,ETDU,506073,1
HAHU1410949,HAHU,141094,9
NGQU2245211,NGQU,224521,1
CUMU3479561,CUMU,347956,1
ZMGU6481550,ZMGU,648155,0
EHKU7969515,EHKU,796951,5
GFKU5703416,GFKU,570341,6
JRTU7013686,JRTU,701368,6
SHFU3331106,SHFU,333110,6
OBCU3711707,OBCU,371170,7
BHLU1310762,BHLU,131076,2
NSUU8433298,NSUU,843329,8
PRSU2864114,PRSU,286411,4
SQSU9664438,SQSU,966443,8
ZCWU6903820,ZCWU,690382,0
ODUU5952389,ODUU,595238,9
DASU0749218,DASU,074921,8
SLXU9164693,SLXU,916469,3
LFNU6148787,LFNU,614878,7
FTTU1167832,FTTU,116783,2
TIHU1190689,TIHU,119068,9
OXAU6559967,OXAU,655996,7
EJOU7366283,EJOU,736628,3
JTTU6561225,JTTU,656122,5
VGUU6548780,VGUU,654878,0
AJXU7886878,AJXU,788687,8
HUSU8758652,HUSU,875865,2
ISOU2938259,ISOU,293825,9
TNHU3054759,TNHU,305475,9
EJUU0788191,EJUU,078819,1
LTYU4403945,LTYU,440394,5
KQBU2883127,KQBU,288312,7
MSKU9299480,MSKU,929948,0
EWHU3593435,EWHU,359343,5
KDUU7602750,KDUU,760275,0
EKMU5848418,EKMU,584841,8
RPKU5316125,RPKU,531612,5
ZBXU2910714,ZBXU,291071,4
UYBU9261965,UYBU,926196,5
HESU3770187,HESU,377018,7
JFGU4771369,JFGU,477136,9
IXSU7493460,IXSU,749346,0
OSYU3698333,OSYU,369833,3
LPJU1785110,LPJU,178511,0
GHQU3769115,GHQU,376911,5
WVKU7467474,WVKU,746747,4
PIUU6532009,PIUU,653200,9
TYIU8459776,TYIU,845977,6
AHXU8461909,AHXU,846190,9
DPIU6229451,DPIU,622945,1
ZCBU2664580,ZCBU,266458,0
OSCU1305240,OSCU,130524,0
EIOU4841259,EIOU,484125,9
HIZU5502889,HIZU,550288,9
BOCU0847040,BOCU,084704,0
UVMU9380113,UVMU,938011,3
FBEU9073172,FBEU,907317,2
ITBU7702020,ITBU,770202,0
WZVU4614196,WZVU,461419,6
UMNU8658714,UMNU,865871,4
XQUU0945123,XQUU,094512,3
VCGU5266137,VCGU,526613,7
KRWU4049361,KRWU,404936,1
ETJU7295362,ETJU,729536,2
POVU0677751,POVU,067775,1
BOHU2272658,BOHU,227265,8
RJUU9114650,RJUU,911465,0
ZSAU8098545,ZSAU,809854,5
PIDU3815313,PIDU,381531,3
YIDU0833919,YIDU,083391,9
XUPU0276412,XUPU,027641,2
FBIU0116848,FBIU,011684,8
JVRU4485649,JVRU,448564,9
JUXU9282646,JUXU,928264,6
DDEU8946200,DDEU,894620,0
BXRU3113237,BXRU,311323,7
FGJU7850265,FGJU,785026,5
ANRU3673348,ANRU,367334,8
GYKU4249210,GYKU,424921,0
UAJU0942042,UAJU,094204,2
RWIU2904903,RWIU,290490,3
IZSU1648275,IZSU,164827,5
YESU1957978,YESU,195797,8
LBSU2449063,LBSU,244906,3
DMAU3150123,DMAU,315012,3
AYHU4773111,AYHU,477311,1
MJKU1461895,MJKU,146189,5
EDTU9356574,EDTU,935657,4
RNMU6068334,RNMU,606833,4
AXBU5958944,AXBU,595894,4
XQSU2551754,XQSU,255175,4
HDCU0725555,HDCU,072555,5
SKDU2025500,SKDU,202550,0
SLGU9040369,SLGU,904036,9
SMKU3676874,SMKU,367687,4
CFPU3209090,CFPU,320909,0
JPXU7289370,JPXU,728937,0
UHCU7302766,UHCU,730276,6
ZTOU2809630,ZTOU,280963,0
BNKU2921550,BNKU,292155,0
TUPU9959919,TUPU,995991,9
UOKU2678142,UOKU,267814,2
FHBU0792811,FHBU,079281,1
WBAU1542837,WBAU,154283,7
KJKU5466640,KJKU,546664,0
RJZU9814716,RJZU,981471,6
BEMU1789988,BEMU,178998,8
CBSU6017428,CBSU,601742,8
BYBU8369556,BYBU,836955,6
ODSU8862595,ODSU,886259,5
TWWU9763406,TWWU,976340,6
CMZU1400348,CMZU,140034,8
XELU4627628,XELU,462762,8
JZOU0624737,JZOU,062473,7
YIXU0209517,YIXU,020951,7
DKAU4037749,DKAU,403774,9
INUU8883691,INUU,888369,1
QQMU6272044,QQMU,627204,4
GYOU5326540,GYOU,532654,0
PMQU0712570,PMQU,071257,0
LBTU1944805,LBTU,194480,5
ZDFU1311651,ZDFU,131165,1
JGQU9937393,JGQU,993739,3
BQVU7926795,BQVU,792679,5
TDIU4865311,TDIU,486531,1
LSTU6719667,LSTU,671966,7
TOYU5813942,TOYU,581394,2
QVJU3065482,QVJU,306548,2
NTBU9636431,NTBU,963643,1
VYLU1175902,VYLU,117590,2
FJAU4484135,FJAU,448413,5
SULU5715570,SULU,571557,0
AYFU2249319,AYFU,224931,9
JNUU4850896,JNUU,485089,6
HYAU1121273,HYAU,112127,3
AQQU4512170,AQQU,451217,0
IODU4077652,IODU,407765,2
GHJU9424240,GHJU,942424,0
NCIU2794823,NCIU,279482,3
YOXU4673956,YOXU,467395,6
RIPU2105770,RIPU,210577,0
KFIU4070217,KFIU,407021,7
WRBU4089297,WRBU,408929,7
FSDU4357200,FSDU,435720,0
VCLU5042972,VCLU,504297,2
ONBU4697394,ONBU,469739,4
BSOU7612778,BSOU,761277,8
QDHU1752167,QDHU,175216,7
ZYCU0771587,ZYCU,077158,7
DGCU2155303,DGCU,215530,3
VENU3345219,VENU,334521,9
VNLU7589235,VNLU,758923,5
SLNU7206613,SLNU,720661,3
LTQU0504868,LTQU,050486,8
NJSU5492809,NJSU,549280,9
RUBU4121676,RUBU,412167,6
KZGU2572707,KZGU,257270,7
NBIU6152630,NBIU,615263,0
NTYU6027432,NTYU,602743,2
ZBOU3413357,ZBOU,341335,7
YOVU8539085,YOVU,853908,5
IWWU1805654,IWWU,180565,4
EHYU0061083,EHYU,006108,3
JFWU0429590,JFWU,042959,0
LWVU6644819,LWVU,664481,9
KYDU2875824,KYDU,287582,4
YBOU6105193,YBOU,610519,3
ADNU8637293,ADNU,863729,3
DCHU0194209,DCHU,019420,9
GCUU9525240,GCUU,952524,0
XSEU5359533,XSEU,535953,3
XXZU2320996,XXZU,232099,6
UIKU3833261,UIKU,383326,1
MJDU4701269,MJDU,470126,9
UDWU1621250,UDWU,162125,0
WPTU4239812,WPTU,423981,2
ORLU1129016,ORLU,112901,6
XCLU3518486,XCLU,351848,6
GDVU0449160,GDVU,044916,0
FNCU3447800,FNCU,344780,0
SGHU4400779,SGHU,440077,9
WXGU0040514,WXGU,004051,4
SVFU3209988,SVFU,320998,8
XQKU6064324,XQKU,606432,4
PKJU8758680,PKJU,875868,0
YESU8667081,YESU,866708,1
MGNU4211970,MGNU,421197,0
ZVSU8148646,ZVSU,814864,6
ADKU0769175,ADKU,076917,5
MYTU4752124,MYTU,475212,4
BUQU9406057,BUQU,940605,7
THWU6745898,THWU,674589,8
WEGU5127199,WEGU,512719,9
MKMU9941147,MKMU,994114,7
WLUU6039070,WLUU,603907,0
MMXU9249930,MMXU,924993,0
GBJU2354156,GBJU,235415,6
LQTU1980150,LQTU,198015,0
MJGU3179150,MJGU,317915,0
OCAU6202052,OCAU,620205,2
BIWU1282413,BIWU,128241,3
OZIU4198558,OZIU,419855,8
TXMU8785280,TXMU,878528,0
WYNU3673121,WYNU,367312,1
SZSU3638363,SZSU,363836,3
TVNU2606325,TVNU,260632,5
GZEU1391811,GZEU,139181,1
SLYU0028160,SLYU,002816,0
HXRU8891761,HXRU,889176,1
NRGU3518945,NRGU,351894,5
ASFU6118588,ASFU,611858,8
RJBU4967235,RJBU,496723,5
DIFU9247875,DIFU,924787,5
QRPU2360941,QRPU,236094,1
ABPU0655165,ABPU,065516,5
UYAU5022219,UYAU,502221,9
KUIU3219007,KUIU,321900,7
UARU5295846,UARU,529584,6
RBGU4210250,RBGU,421025,0
NFGU9663464,NFGU,966346,4
NEJU3830183,NEJU,383018,3
ZFZU2597142,ZFZU,259714,2
ZQHU9187880,ZQHU,918788,0
SDAU3615628,SDAU,361562,8
HHHU6892431,HHHU,689243,1
PPTU0216010,PPTU,021601,0
SCOU2267864,SCOU,226786,4
OYBU8849774,OYBU,884977,4
JGLU8970911,JGLU,897091,1
UYMU3633708,UYMU,363370,8
AYQU4079792,AYQU,407979,2
UDDU6897558,UDDU,689755,8
KUBU3735219,KUBU,373521,9
AOBU3029947,AOBU,302994,7
XAJU8182654,XAJU,818265,4
MLIU8650918,MLIU,865091,8
RDGU1305079,RDGU,130507,9
JGTU1435086,JGTU,143508,6
LTTU4491590,LTTU,449159,0
ZCUU0428505,ZCUU,042850,5
BUGU9457711,BUGU,945771,1
NFVU8945378,NFVU,894537,8
ATAU0793640,ATAU,079364,0
WGKU5703918,WGKU,570391,8
ULDU8611309,ULDU,861130,9
VJMU2016370,VJMU,201637,0
ABPU9215336,ABPU,921533,6
RIBU1757233,RIBU,175723,3
STXU9813190,STXU,981319,0
TZUU2507623,TZUU,250762,3
FJEU6914320,FJEU,691432,0
TBHU4143733,TBHU,414373,3
UGOU0095343,UGOU,009534,3
AWWU3407543,AWWU,340754,3
IZCU9156562,IZCU,915656,2
VBXU3116834,VBXU,311683,4
EPTU7556896,EPTU,755689,6
LDTU5834060,LDTU,583406,0
VLBU8079398,VLBU,807939,8
YHLU4733518,YHLU,473351,8
MWSU4261376,MWSU,426137,6
SOAU1842075,SOAU,184207,5
TPWU1136302,TPWU,113630,2
WCMU1806090,WCMU,180609,0
JAVU2221765,JAVU,222176,5
UMDU6545534,UMDU,654553,4
XWPU2215094,XWPU,221509,4
ZBZU8597570,ZBZU,859757,0
DYXU8111690,DYXU,811169,0
YLVU8583734,YLVU,858373,4
GVZU7489247,GVZU,748924,7
JRDU2977733,JRDU,297773,3
CNIU2709313,CNIU,270931,3
QQUU0664160,QQUU,066416,0
LHAU8336442,LHAU,833644,2
BHHU5114055,BHHU,511405,5
LFEU6437551,LFEU,643755,1
WKCU3478591,WKCU,347859,1
SYYU2274023,SYYU,227402,3
IBFU3603693,IBFU,360369,3
ITAU0754111,ITAU,075411,1
YZXU8801466,YZXU,880146,6
NHPU8902775,NHPU,890277,5
IKXU9061428,IKXU,906142,8
HWTU4509033,HWTU,450903,3
BDUU9412302,BDUU,941230,2
KPOU9034579,KPOU,903457,9
ZYQU9727039,ZYQU,972703,9
UONU6588571,UONU,658857,1
ZBBU8112988,ZBBU,811298,8
OXQU6167811,OXQU,616781,1
FXNU2215969,FXNU,221596,9
JMIU4007060,JMIU,400706,0
RGWU7093548,RGWU,709354,8
EPCU5016954,EPCU,501695,4
STGU0404696,STGU,040469,6
OMXU1674908,OMXU,167490,8
UMKU6550710,UMKU,655071,0
NBJU9004440,NBJU,900444,0
EBMU5314099,EBMU,531409,9
SKUU6924710,SKUU,692471,0
TUKU0424684,TUKU,042468,4
VPRU4219166,VPRU,421916,6
OCQU0291551,OCQU,029155,1
ADZU4290222,ADZU,429022,2
LCOU1680007,LCOU,168000,7
NTFU0384349,NTFU,038434,9
GENU5957671,GENU,595767,1
QKBU4833540,QKBU,483354,0
XKUU7030497,XKUU,703049,7
SHLU3210434,SHLU,321043,4
AALU8952773,AALU,895277,3
VLGU9091499,VLGU,909149,9
VEGU7981734,VEGU,798173,4
KCAU9552297,KCAU,955229,7
TNRU7713432,TNRU,771343,2
RWGU7592755,RWGU,759275,5
DVZU9733350,DVZU,973335,0
BHCU4995777,BHCU,499577,7
QMEU2600016,QMEU,260001,6
HGHU8221852,HGHU,822185,2
OPTU0821489,OPTU,082148,9
TZZU2846742,TZZU,284674,2
OGVU1425340,OGVU,142534,0
IMUU1768734,IMUU,176873,4
OSJU7908987,OSJU,790898,7
UYVU5811955,UYVU,581195,5
AQCU2648970,AQCU,264897,0
MAPU4373723,MAPU,437372,3
MIDU7710895,MIDU,771089,5
AVCU6098826,AVCU,609882,6
AWHU9415570,AWHU,941557,0
AANU7516427,AANU,751642,7
REAU3794925,REAU,379492,5
ZBKU3971880,ZBKU,397188,0
XOBU3087058,XOBU,308705,8
YVAU1030982,YVAU,103098,2
TKLU0140849,TKLU,014084,9
FZJU9550901,FZJU,955090,1
PKDU0118685,PKDU,011868,5
OQKU1831384,OQKU,183138,4
HCTU8560373,HCTU,856037,3
OEWU4406220,OEWU,440622,0
FUHU3512296,FUHU,351229,6
CSZU0161928,CSZU,016192,8
SYNU4324705,SYNU,432470,5
FKTU1115569,FKTU,111556,9
CGJU9236253,CGJU,923625,3
VWGU2743637,VWGU,274363,7
KFJU2183769,KFJU,218376,9
YMZU7326044,YMZU,732604,4
TQRU8403479,TQRU,840347,9
QDSU9174407,QDSU,917440,7
JZRU4332478,JZRU,433247,8
IGLU7197133,IGLU,719713,3
KEVU0307047,KEVU,030704,7
CUYU4921675,CUYU,492167,5
GHXU6131519,GHXU,613151,9
DRXU5424021,DRXU,542402,1
CPUU4977110,CPUU,497711,0
HPWU7205461,HPWU,720546,1
WAJU0795495,WAJU,079549,5
ZJEU7857523,ZJEU,785752,3
RSJU8702756,RSJU,870275,6
JEVU5712273,JEVU,571227,3
PETU9263920,PETU,926392,0
AGAU2813138,AGAU,281313,8
UGKU6464477,UGKU,646447,7
EIJU6701906,EIJU,670190,6
ZZXU2080698,ZZXU,208069,8
EYKU7665332,EYKU,766533,2
IUQU8494698,IUQU,849469,8
ODAU2340796,ODAU,234079,6
YILU6837241,YILU,683724,1
IVZU7306435,IVZU,730643,5
FSTU0098566,FSTU,009856,6
KRVU1910220,KRVU,191022,0
SZXU8599317,SZXU,859931,7
TQOU8200526,TQOU,820052,6
BAMU5629464,BAMU,562946,4
XMLU3681683,XMLU,368168,3
FIOU4630914,FIOU,463091,4
LTWU5953445,LTWU,595344,5
OOWU2637642,OOWU,263764,2
AAPU4876725,AAPU,487672,5
VTVU8151476,VTVU,815147,6
PGNU7313691,PGNU,731369,1
SWVU2016153,SWVU,201615,3
VITU6256238,VITU,625623,8
FATU5755116,FATU,575511,6
QAHU9253465,QAHU,925346,5
EAMU3499739,EAMU,349973,9
BSPU0909120,BSPU,090912,0
UEGU5326290,UEGU,532629,0
VXRU3121612,VXRU,312161,2
LRVU1043769,LRVU,104376,9
ZOUU3163949,ZOUU,316394,9
DYIU6502219,DYIU,650221,9
PHFU5049845,PHFU,504984,5
TYXU4866667,TYXU,486666,7
QKZU3206617,QKZU,320661,7
KNMU4139410,KNMU,413941,0
WHKU7950858,WHKU,795085,8
SCJU8083667,SCJU,808366,7
ZRPU8198570,ZRPU,819857,0
URPU5341580,URPU,534158,0
BSPU1155702,BSPU,115570,2
DXAU3514952,DXAU,351495,2
ELJU4866972,ELJU,486697,2
JSFU6773001,JSFU,677300,1
VWXU6043570,VWXU,604357,0
KNMU6108189,KNMU,610818,9
VBMU3637464,VBMU,363746,4
RCMU4776008,RCMU,477600,8
TIYU7359013,TIYU,735901,3
JCJU2604521,JCJU,260452,1
CJHU5573845,CJHU,557384,5
QNHU9884621,QNHU,988462,1
JBZU7637877,JBZU,763787,7
GFWU8958915,GFWU,895891,5
TYCU3895883,TYCU,389588,3
MQUU1036231,MQUU,103623,1
SOKU7761371,SOKU,776137,1
HCCU5397225,HCCU,539722,5
PVLU8591237,PVLU,859123,7
BDEU0199180,BDEU,019918,0
VZIU4788084,VZIU,478808,4
HBBU9205222,HBBU,920522,2
LJHU9116213,LJHU,911621,3
ZACU1149814,ZACU,114981,4
PZHU1856837,PZHU,185683,7
EOGU8614361,EOGU,861436,1
HPYU5595877,HPYU,559587,7
KHCU3345395,KHCU,334539,5
ICXU0430979,ICXU,043097,9
JZOU9042845,JZOU,904284,5
ULJU2737210,ULJU,273721,0
KJSU9640670,KJSU,964067,0
BAIU7551726,BAIU,755172,6
KFVU4346613,KFVU,434661,3
VXQU5029184,VXQU,502918,4
XFIU6667756,XFIU,666775,6
ZZIU7417244,ZZIU,741724,4
AVEU5385310,AVEU,538531,0
BXGU0105091,BXGU,010509,1
SYAU8665876,SYAU,866587,6
BJTU8614517,BJTU,861451,7
ZAZU7645345,ZAZU,764534,5
UALU5343330,UALU,534333,0
JOTU3728285,JOTU,372828,5
EYKU3054490,EYKU,305449,0
GHMU4441229,GHMU,444122,9
AWSU6036303,AWSU,603630,3
OCAU5779800,OCAU,577980,0
BQDU6462439,BQDU,646243,9
TRHU9253483,TRHU,925348,3
MZTU3914710,MZTU,391471,0
LHTU7217677,LHTU,721767,7
MKGU0115787,MKGU,011578,7
LITU5380711,LITU,538071,1
UQCU6114037,UQCU,611403,7
DVVU3625630,DVVU,362563,0
IRVU2170830,IRVU,217083,0
OAUU6324564,OAUU,632456,4
KTHU5589659,KTHU,558965,9
PFOU3437510,PFOU,343751,0
VYQU6348995,VYQU,634899,5
SASU1117940,SASU,111794,0
QJPU0868201,QJPU,086820,1
GVRU3186194,GVRU,318619,4
SZBU3703191,SZBU,370319,1
LOZU6965761,LOZU,696576,1
EZGU7596727,EZGU,759672,7
YBSU5117281,YBSU,511728,1
DBAU1885354,DBAU,188535,4
FGDU9648436,FGDU,964843,6
YVPU6698364,YVPU,669836,4
JPSU5873399,JPSU,587339,9
WVSU0228254,WVSU,022825,4
EEFU0935119,EEFU,093511,9
BLKU5956705,BLKU,595670,5
EHSU0845325,EHSU,084532,5
IPWU6726466,IPWU,672646,6
VVTU3589090,VVTU,358909,0
KEBU2359991,KEBU,235999,1
FOBU0428039,FOBU,042803,9
CVZU0464388,CVZU,046438,8
PAVU7162450,PAVU,716245,0
RZRU5917207,RZRU,591720,7
GVAU7240653,GVAU,724065,3
UHCU7262262,UHCU,726226,2
ADNU3759149,ADNU,375914,9
MYNU4902623,MYNU,490262,3
IXLU9108401,IXLU,910840,1
NVOU0505870,NVOU,050587,0
RWMU5293703,RWMU,529370,3
LBVU9456032,LBVU,945603,2
ZBBU5533978,ZBBU,553397,8
GHVU8701660,GHVU,870166,0
DMCU7799908,DMCU,779990,8
OHJU7003575,OHJU,700357,5
HFFU7263371,HFFU,726337,1
ULSU2607995,ULSU,260799,5
BUXU4154901,BUXU,415490,1
UKXU3681357,UKXU,368135,7
OVGU4187899,OVGU,418789,9
NDVU3753656,NDVU,375365,6
XNMU8676598,XNMU,867659,8
NFGU6265889,NFGU,626588,9
GFKU4695384,GFKU,469538,4
GZFU8423703,GZFU,842370,3
CMVU2965431,CMVU,296543,1
UUGU8247750,UUGU,824775,0
LUBU1149334,LUBU,114933,4
FQPU1830014,FQPU,183001,4
NGMU2778453,NGMU,277845,3
PFDU6092655,PFDU,609265,5
SZMU0845318,SZMU,084531,8
FSNU3765758,FSNU,376575,8
BZAU2741531,BZAU,274153,1
HMUU0569249,HMUU,056924,9
GGCU5262437,GGCU,526243,7
YRWU6317616,YRWU,631761,6
HVLU2613074,HVLU,261307,4
EDEU7170330,EDEU,717033,0
WYIU7605102,WYIU,760510,2
ZWKU5408585,ZWKU,540858,5
CJNU5869848,CJNU,586984,8
GIRU8895889,GIRU,889588,9
MWTU1045124,MWTU,104512,4
SUZU4504053,SUZU,450405,3
TPSU9144733,TPSU,914473,3
OSTU1197407,OSTU,119740,7
XLVU5094451,XLVU,509445,1
KWQU0949397,KWQU,094939,7
IZEU1810503,IZEU,181050,3
RXAU5054438,RXAU,505443,8
MLGU3921584,MLGU,392158,4
UYPU4409503,UYPU,440950,3
AUPU2735163,AUPU,273516,3
HODU7188962,HODU,718896,2
MVGU4534635,MVGU,453463,5
PJYU6873710,PJYU,687371,0
QZDU4293693,QZDU,429369,3
RRBU2056180,RRBU,205618,0
MGNU7463472,MGNU,746347,2
MATU0955675,MATU,095567,5
BWNU0263582,BWNU,026358,2
ZHUU7908697,ZHUU,790869,7
EHAU8825087,EHAU,882508,7
ONVU7316038,ONVU,731603,8
XNBU7296938,XNBU,729693,8
OIMU3343104,OIMU,334310,4
CNPU5988360,CNPU,598836,0
OJNU0017250,OJNU,001725,0
KCMU0071516,KCMU,007151,6
JXDU2020338,JXDU,202033,8
KRPU4939094,KRPU,493909,4
ZXFU0295860,ZXFU,029586,0
QJQU1445390,QJQU,144539,0
MPBU4807940,MPBU,480794,0
FCDU2571166,FCDU,257116,6
MHRU2648910,MHRU,264891,0
QOEU1237213,QOEU,123721,3
UNQU4784194,UNQU,478419,4
YSDU7032547,YSDU,703254,7
CRWU5517109,CRWU,551710,9
AOTU0932660,AOTU,093266,0
GMQU8918260,GMQU,891826,0
FBNU5777457,FBNU,577745,7
PIQU5316762,PIQU,531676,2
KNGU7279621,KNGU,727962,1
XJIU1296958,XJIU,129695,8
REPU2190368,REPU,219036,8
MCFU0658596,MCFU,065859,6
PHAU3117532,PHAU,311753,2
SCTU1256122,SCTU,125612,2
BXYU9108875,BXYU,910887,5
FTPU1956076,FTPU,195607,6
GZEU6079236,GZEU,607923,6
YTBU7527690,YTBU,752769,0
UVFU5810813,UVFU,581081,3
UPJU1890094,UPJU,189009,4
NENU8795798,NENU,879579,8
DYOU2544660,DYOU,254466,0
UJSU8410143,UJSU,841014,3
LIMU4049302,LIMU,404930,2
MEGU5452028,MEGU,545202,8
LIUU7813244,LIUU,781324,4
IAAU2813869,IAAU,281386,9
WQOU1058440,WQOU,105844,0
TDSU5569211,TDSU,556921,1
ABMU5067498,ABMU,506749,8
MPHU1424337,MPHU,142433,7
GDWU1270552,GDWU,127055,2
GYYU9825208,GYYU,982520,8
VIAU2424867,VIAU,242486,7
RZWU2906495,RZWU,290649,5
LPRU5719572,LPRU,571957,2
WMZU1151538,WMZU,115153,8
OGOU1663530,OGOU,166353,0
MHDU4292300,MHDU,429230,0
UYAU5410908,UYAU,541090,8
DZCU6533734,DZCU,653373,4
LVFU4708856,LVFU,470885,6
VCQU0033770,VCQU,003377,0
NSBU2574948,NSBU,257494,8
AQPU4593970,AQPU,459397,0
JKLU1454269,JKLU,145426,9
QDAU4666799,QDAU,466679,9
BRVU6521048,BRVU,652104,8
CLRU2974285,CLRU,297428,5
GEXU9379479,GEXU,937947,9
OMVU1254174,OMVU,125417,4
IVSU0728297,IVSU,072829,7
EGYU9178320,EGYU,917832,0
NCBU0963493,NCBU,096349,3
AVUU5791521,AVUU,579152,1
ZYUU6563281,ZYUU,656328,1
UYLU2560012,UYLU,256001,2
XTLU5081680,XTLU,508168,0
AZNU6136911,AZNU,613691,1
YQUU7701900,YQUU,770190,0
FBFU7996050,FBFU,799605,0
GDBU6104144,GDBU,610414,4
HFBU9030374,HFBU,903037,4
GFZU8362790,GFZU,836279,0
BLBU5328666,BLBU,532866,6
YWHU7876937,YWHU,787693,7
FUGU9121628,FUGU,912162,8
KHGU8780379,KHGU,878037,9
PPOU3476408,PPOU,347640,8
JUXU4566001,JUXU,456600,1
OBCU4729980,OBCU,472998,0
WCKU6333370,WCKU,633337,0
AHTU5295154,AHTU,529515,4
KXEU6886290,KXEU,688629,0
CPRU3844410,CPRU,384441,0
JDXU0332255,JDXU,033225,5
OKBU8552597,OKBU,855259,7
EHPU4547082,EHPU,454708,2
UAAU6994983,UAAU,699498,3
XZQU4078467,XZQU,407846,7
AEEU5527256,AEEU,552725,6
GQOU0525230,GQOU,052523,0
DGIU1482833,DGIU,148283,3
ULOU6778862,ULOU,677886,2
DHWU0909350,DHWU,090935,0
PUFU3411966,PUFU,341196,6
CSKU0448290,CSKU,044829,0
WZDU7620991,WZDU,762099,1
BBHU9839795,BBHU,983979,5
OZNU2363927,OZNU,236392,7
DCHU7980410,DCHU,798041,0
VMVU6435233,VMVU,643523,3
MTFU0007560,MTFU,000756,0
DOCU2334706,DOCU,233470,6
URRU8387792,URRU,838779,2
VAUU2853295,VAUU,285329,5
YZFU3456554,YZFU,345655,4
YBPU2874470,YBPU,287447,0
ZGEU2979354,ZGEU,297935,4
SCFU1969788,SCFU,196978,8
RZMU1290912,RZMU,129091,2
WKCU0060967,WKCU,006096,7
TLFU3033246,TLFU,303324,6
HOJU9186024,HOJU,918602,4
BUXU7566918,BUXU,756691,8
JYUU1713422,JYUU,171342,2
ZJHU5512210,ZJHU,551221,0
FTAU4954943,FTAU,495494,3
OSSU1161801,OSSU,116180,1
HFBU2114771,HFBU,211477,1
SFYU6115192,SFYU,611519,2
TLVU9000733,TLVU,900073,3
QLGU2175191,QLGU,217519,1
KWJU6455406,KWJU,645540,6
PFOU2211240,PFOU,221124,0
XRFU3314660,XRFU,331466,0
NNGU1636094,NNGU,163609,4
AQEU7401532,AQEU,740153,2
OVLU7266669,OVLU,726666,9
WIOU1823028,WIOU,182302,8
ILJU4197572,ILJU,419757,2
VCTU3009526,VCTU,300952,6
QVSU6816006,QVSU,681600,6
GAYU2802109,GAYU,280210,9
LQPU0810494,LQPU,081049,4
TPRU4422695,TPRU,442269,5
AKSU9357317,AKSU,935731,7
VJHU6563291,VJHU,656329,1
CXGU6373981,CXGU,637398,1
BDNU6010937,BDNU,601093,7
QXVU0951033,QXVU,095103,3
BNEU8109270,BNEU,810927,0
TOAU5676728,TOAU,567672,8
DBTU0654737,DBTU,065473,7
EBAU5201002,EBAU,520100,2
CQWU3495518,CQWU,349551,8
QALU2202232,QALU,220223,2
PJGU3768580,PJGU,376858,0
KUBU7230694,KUBU,723069,4
TPIU6481900,TPIU,648190,0
YEGU6577438,YEGU,657743,8
HVWU8645128,HVWU,864512,8
TCYU2580376,TCYU,258037,6
UPHU2312663,UPHU,231266,3
AZHU3056761,AZHU,305676,1
YYYU3095712,YYYU,309571,2
YONU9895869,YONU,989586,9
DWKU4580936,DWKU,458093,6
IQOU0220510,IQOU,022051,0
MWOU4664248,MWOU,466424,8
LUAU5433296,LUAU,543329,6
NEKU9748775,NEKU,974877,5
XQAU6895380,XQAU,689538,0
XZXU9666098,XZXU,966609,8
VLYU7540989,VLYU,754098,9
HBUU5581693,HBUU,558169,3
QHZU7503686,QHZU,750368,6
AVXU3042560,AVXU,304256,0
ZPBU6623250,ZPBU,662325,0
BLKU3322430,BLKU,332243,0
VRBU1213248,VRBU,121324,8
ETKU6447870,ETKU,644787,0
JFIU1367725,JFIU,136772,5
SZCU7924018,SZCU,792401,8
YWGU9567086,YWGU,956708,6
IEGU3548661,IEGU,354866,1
YNTU3099967,YNTU,309996,7
CHGU8721738,CHGU,872173,8
HQJU4181569,HQJU,418156,9
RWZU8415133,RWZU,841513,3
BVZU7927992,BVZU,792799,2
OYGU4174773,OYGU,417477,3
RJGU7979834,RJGU,797983,4
VPEU7173710,VPEU,717371,0
XWQU8849989,XWQU,884998,9
LSGU7919313,LSGU,791931,3
ZAKU4872810,ZAKU,487281,0
MHAU9485539,MHAU,948553,9
URRU4100137,URRU,410013,7
OTJU6644650,OTJU,664465,0
KHRU0509404,KHRU,050940,4
SDXU8695045,SDXU,869504,5
YQUU2563809,YQUU,256380,9
MLGU1339086,MLGU,133908,6
CZZU5578170,CZZU,557817,0
RABU9548552,RABU,954855,2
KMIU5182896,KMIU,518289,6
YTLU4174331,YTLU,417433,1
TKIU2103346,TKIU,210334,6
UNDU0373682,UNDU,037368,2
RBYU4317853,RBYU,431785,3
LHTU9676989,LHTU,967698,9
XAYU3410054,XAYU,341005,4
TYDU6813748,TYDU,681374,8
TDCU2377770,TDCU,237777,0
OLEU0081448,OLEU,008144,8
DVJU9682489,DVJU,968248,9
BWTU4477389,BWTU,447738,9
FXMU1032424,FXMU,103242,4
TWKU6843045,TWKU,684304,5
CBSU0694674,CBSU,069467,4
EPSU8955074,EPSU,895507,4
SVWU1488877,SVWU,148887,7
JZWU4065516,JZWU,406551,6
CLUU4415332,CLUU,441533,2
SJUU9672462,SJUU,967246,2
PXVU8130861,PXVU,813086,1
KGIU2971970,KGIU,297197,0
OVGU2601150,OVGU,260115,0
ZHQU0770467,ZHQU,077046,7
ZDTU5725401,ZDTU,572540,1
IPOU4040432,IPOU,404043,2
WBWU7684233,WBWU,768423,3
JAJU7903427,JAJU,790342,7
GBAU6707255,GBAU,670725,5
OHNU7824619,OHNU,782461,9
LDVU6441881,LDVU,644188,1
IAHU4553190,IAHU,455319,0
LKBU5715240,LKBU,571524,0
BFKU5581041,BFKU,558104,1
YOTU1511969,YOTU,151196,9
TJUU2675970,TJUU,267597,0
TVXU0252644,TVXU,025264,4
XVEU1380910,XVEU,138091,0
RUFU9257926,RUFU,925792,6
MRCU3994360,MRCU,399436,0
GINU2392347,GINU,239234,7
CEEU2502236,CEEU,250223,6
GMFU3706120,GMFU,370612,0
RAMU6192179,RAMU,619217,9
RPHU8187165,RPHU,818716,5
EUFU4566489,EUFU,456648,9
WBSU2486010,WBSU,248601,0
SQAU8434382,SQAU,843438,2
BLSU3461757,BLSU,346175,7
IJYU9999751,IJYU,999975,1
ILHU5343036,ILHU,534303,6
RPJU2846262,RPJU,284626,2
NVWU1120108,NVWU,112010,8
HZLU1477129,HZLU,147712,9
GMYU0500086,GMYU,050008,6
VEQU5323230,VEQU,532323,0
IKCU0792794,IKCU,079279,4
WTFU3949509,WTFU,394950,9
IBKU9065546,IBKU,906554,6
QNZU3988869,QNZU,398886,9
MEDU1087760,MEDU,108776,0
IMVU9295975,IMVU,929597,5
OGYU9375735,OGYU,937573,5
INNU7622548,INNU,762254,8
HVOU8563834,HVOU,856383,4
ADHU7724309,ADHU,772430,9
YARU7154060,YARU,715406,0
PMEU1553876,PMEU,155387,6
UXQU6534050,UXQU,653405,0
LYQU7826553,LYQU,782655,3
WGUU6812908,WGUU,681290,8
OWYU5502201,OWYU,550220,1
PPRU7663516,PPRU,766351,6
EVWU0917926,EVWU,091792,6
APHU6409800,APHU,640980,0
VDQU7753959,VDQU,775395,9
ZPHU1782523,ZPHU,178252,3
EOAU1491059,EOAU,149105,9
ZYPU8662829,ZYPU,866282,9
GYZU6707057,GYZU,670705,7
QMTU8475305,QMTU,847530,5
BHYU5382078,BHYU,538207,8
QYNU2467691,QYNU,246769,1
JMGU7532779,JMGU,753277,9
LCKU4792450,LCKU,479245,0
WYDU8051310,WYDU,805131,0
DAGU8474070,DAGU,847407,0
XRSU8053220,XRSU,805322,0
SICU6314438,SICU,631443,8
EKFU3611583,EKFU,361158,3
TZKU6544986,TZKU,654498,6
KKHU0363280,KKHU,036328,0
PXMU5707439,PXMU,570743,9
LNTU5374319,LNTU,537431,9
FTPU4367660,FTPU,436766,0
TKVU2853073,TKVU,285307,3
SNNU8082505,SNNU,808250,5
GLDU6955580,GLDU,695558,0
CDFU9734549,CDFU,973454,9
YZOU1803408,YZOU,180340,8
IYDU7695530,IYDU,769553,0
NWFU1432541,NWFU,143254,1
EWGU4583058,EWGU,458305,8
GWQU4188501,GWQU,418850,1
DLMU0348182,DLMU,034818,2
PYQU0065055,PYQU,006505,5
TWVU7174682,TWVU,717468,2
LRCU0532542,LRCU,053254,2
GAMU8388730,GAMU,838873,0
AFZU8721701,AFZU,872170,1
ZNIU5431337,ZNIU,543133,7
WUNU5003156,WUNU,500315,6
ELOU1384686,ELOU,138468,6
KTLU2071469,KTLU,207146,9
DEGU5745813,DEGU,574581,3
NOFU2524266,NOFU,252426,6
OKGU6015452,OKGU,601545,2
ZUVU1855247,ZUVU,185524,7
YNBU5109113,YNBU,510911,3
MLPU8563005,MLPU,856300,5
GCVU7706313,GCVU,770631,3
ATQU6943193,ATQU,694319,3
YPLU9592065,YPLU,959206,5
ZMVU3890999,ZMVU,389099,9
CIUU3319722,CIUU,331972,2
UBWU4425909,UBWU,442590,9
XHYU1693052,XHYU,169305,2
ATMU6060960,ATMU,606096,0
YDAU8921910,YDAU,892191,0
HZTU7688869,HZTU,768886,9
LKTU6101800,LKTU,610180,0
AWCU8760759,AWCU,876075,9
TSJU2483040,TSJU,248304,0
HVRU4841563,HVRU,484156,3
VBMU1151112,VBMU,115111,2
ABZU1245170,ABZU,124517,0
RTOU8993980,RTOU,899398,0
ZAJU5661188,ZAJU,566118,8
UGSU9312948,UGSU,931294,8
TUWU6146350,TUWU,614635,0
AHYU1344144,AHYU,134414,4
MAAU4977716,MAAU,497771,6
DRNU0335852,DRNU,033585,2
COZU8829493,COZU,882949,3
BECU6218889,BECU,621888,9
GZBU5465470,GZBU,546547,0
EFKU5352449,EFKU,535244,9
FHHU0920010,FHHU,092001,0
AOZU4811805,AOZU,481180,5
ZEHU6299748,ZEHU,629974,8
XSEU2229270,XSEU,222927,0
WAIU9134363,WAIU,913436,3
VAKU0459512,VAKU,045951,2
IZCU4094581,IZCU,409458,1
TNVU0459010,TNVU,045901,0
FLXU5615245,FLXU,561524,5
LAOU1950215,LAOU,195021,5
AEQU1088002,AEQU,108800,2
JSDU3627731,JSDU,362773,1
HARU9169360,HARU,916936,0
IAXU3565801,IAXU,356580,1
AEQU0882018,AEQU,088201,8
NHCU0053412,NHCU,005341,2
EDHU8703239,EDHU,870323,9
PODU8877012,PODU,887701,2
BTYU8696585,BTYU,869658,5
DVLU4044414,DVLU,404441,4
SYMU7974887,SYMU,797488,7
AGZU7869321,AGZU,786932,1
AOSU6616835,AOSU,661683,5
RRZU8548897,RRZU,854889,7
OZVU6141710,OZVU,614171,0
QZGU2249882,QZGU,224988,2
SXRU9750136,SXRU,975013,6
ANNU6536030,ANNU,653603,0
KIVU8132831,KIVU,813283,1
VZYU4062435,VZYU,406243,5
PTJU9820408,PTJU,982040,8
IOPU1115611,IOPU,111561,1
ZGIU2224007,ZGIU,222400,7
LDMU7357249,LDMU,735724,9
JTUU3089968,JTUU,308996,8
ALIU4309840,ALIU,430984,0
JZAU2998770,JZAU,299877,0
PEOU1956622,PEOU,195662,2
DYCU2601628,DYCU,260162,8
SVWU5133582,SVWU,513358,2
VLYU9429450,VLYU,942945,0
PPEU3043270,PPEU,304327,0
BHEU6540820,BHEU,654082,0
VESU9943983,VESU,994398,3
DFZU6818846,DFZU,681884,6
XGXU8721443,XGXU,872144,3
YLKU5240781,YLKU,524078,1
QTBU1887789,QTBU,188778,9
BPOU8182697,BPOU,818269,7
DUKU0389090,DUKU,038909,0
ESMU2206869,ESMU,220686,9
CFBU8574194,CFBU,857419,4
OHRU9935529,OHRU,993552,9
GPBU7617103,GPBU,761710,3
MNVU7833194,MNVU,783319,4
ALMU5179965,ALMU,517996,5
GIPU4014087,GIPU,401408,7
AJBU6830075,AJBU,683007,5
DXAU8168364,DXAU,816836,4
AWWU6562008,AWWU,656200,8
GWRU1712218,GWRU,171221,8
XYSU9722454,XYSU,972245,4
TIBU7918147,TIBU,791814,7
DOCU2805489,DOCU,280548,9
FBQU5516942,FBQU,551694,2
SSEU0240079,SSEU,024007,9
EKVU4011399,EKVU,401139,9
FNKU7483511,FNKU,748351,1
USRU5925216,USRU,592521,6
VPTU9606479,VPTU,960647,9
GGNU6859570,GGNU,685957,0
IKXU1754869,IKXU,175486,9
GNPU2268988,GNPU,226898,8
XWIU1270251,XWIU,127025,1
TYJU0113902,TYJU,011390,2
OEAU9569596,OEAU,956959,6
DXVU5396199,DXVU,539619,9
NBKU4580111,NBKU,458011,1
MXHU4662572,MXHU,466257,2
ZQZU3140337,ZQZU,314033,7
PVZU9022585,PVZU,902258,5
NDQU8953613,NDQU,895361,3
RAGU5922451,RAGU,592245,1
GFTU7859596,GFTU,785959,6
XITU7434399,XITU,743439,9
FUJU5520425,FUJU,552042,5
WIIU2616652,WIIU,261665,2
DCKU8167638,DCKU,816763,8
AJMU1344475,AJMU,134447,5
ULZU1149670,ULZU,114967,0
HASU1603052,HASU,160305,2
HSHU2389800,HSHU,238980,0
GVUU6551774,GVUU,655177,4
ADQU1958862,ADQU,195886,2
TDIU0269016,TDIU,026901,6
SAKU5912588,SAKU,591258,8
PUPU2910554,PUPU,291055,4
HXYU5217600,HXYU,521760,0
ROQU3632215,ROQU,363221,5
SWGU6104245,SWGU,610424,5
QQIU7925417,QQIU,792541,7
HGBU6098583,HGBU,609858,3
CVBU1009300,CVBU,100930,0
IPTU1704578,IPTU,170457,8
UJGU1726934,UJGU,172693,4
DXBU3301018,DXBU,330101,8
SOHU2969485,SOHU,296948,5
EEIU0333175,EEIU,033317,5
AYOU9888874,AYOU,988887,4
OOYU0717197,OOYU,071719,7
JALU1069262,JALU,106926,2
CUXU8723294,CUXU,872329,4
LMYU7741244,LMYU,774124,4
DGFU5132642,DGFU,513264,2
VQTU9143817,VQTU,914381,7
UMAU9148182,UMAU,914818,2
OIFU3636870,OIFU,363687,0
LPWU0322178,LPWU,032217,8
JHPU1702847,JHPU,170284,7
APBU6106186,APBU,610618,6
NXIU4243919,NXIU,424391,9
HXUU2643162,HXUU,264316,2
IJVU5774777,IJVU,577477,7
UNHU0670411,UNHU,067041,1
OHZU6894413,OHZU,689441,3
QFXU3776228,QFXU,377622,8
DLRU8923938,DLRU,892393,8
ZBPU7959400,ZBPU,795940,0
RGAU9866754,RGAU,986675,4
NIEU0331132,NIEU,033113,2
YYWU2596590,YYWU,259659,0
ZILU0172480,ZILU,017248,0
IGMU2620354,IGMU,262035,4
QQIU2524155,QQIU,252415,5
HFCU8974809,HFCU,897480,9
TAPU0871961,TAPU,087196,1
FCNU2869130,FCNU,286913,0
LRXU5617899,LRXU,561789,9
WLOU4064806,WLOU,406480,6
YBXU5103525,YBXU,510352,5
VKSU4399306,VKSU,439930,6
NBBU4752769,NBBU,475276,9
ZWBU0431316,ZWBU,043131,6
OLVU8087550,OLVU,808755,0
VLBU7557110,VLBU,755711,0
YNAU3436716,YNAU,343671,6
EPHU1375738,EPHU,137573,8
QZKU1670844,QZKU,167084,4
ZUAU6895116,ZUAU,689511,6
HTWU8364085,HTWU,836408,5
QCCU8399940,QCCU,839994,0
FRTU0596211,FRTU,059621,1
VNNU6862131,VNNU,686213,1
IRJU3239150,IRJU,323915,0
JRCU9637372,JRCU,963737,2
KRZU8764100,KRZU,876410,0
BYNU1149048,BYNU,114904,8
LLTU3181446,LLTU,318144,6
BCVU9704547,BCVU,970454,7
ZCWU7377308,ZCWU,737730,8
JLZU7325586,JLZU,732558,6
USRU1029588,USRU,102958,8
KOMU4014992,KOMU,401499,2
LMYU8129341,LMYU,812934,1
MJKU1008390,MJKU,100839,0
EAQU1158722,EAQU,115872,2
WZYU1794367,WZYU,179436,7
LPNU2828699,LPNU,282869,9
EXWU2840690,EXWU,284069,0
RZIU7584243,RZIU,758424,3
BGPU1073405,BGPU,107340,5
CKTU8073117,CKTU,807311,7
DFCU6839914,DFCU,683991,4
XWLU0687646,XWLU,068764,6
YZMU4748312,YZMU,474831,2
MVMU3690958,MVMU,369095,8
EUWU2430764,EUWU,243076,4
SCDU1318161,SCDU,131816,1
RXNU9696868,RXNU,969686,8
PEBU6280838,PEBU,628083,8
VKWU5032777,VKWU,503277,7
KVKU1244819,KVKU,124481,9
IJDU6397947,IJDU,639794,7
VZYU6699839,VZYU,669983,9
VQSU4681349,VQSU,468134,9
IRXU9801540,IRXU,980154,0
WHAU8644370,WHAU,864437,0
BYQU9105155,BYQU,910515,5
ZCCU1911334,ZCCU,191133,4
RGTU6067220,RGTU,606722,0
YYFU6096640,YYFU,609664,0
WXBU9484635,WXBU,948463,5
SXRU4567020,SXRU,456702,0
CMCU1462441,CMCU,146244,1
JTEU5114918,JTEU,511491,8
IYRU5465831,IYRU,546583,1
LJIU3816912,LJIU,381691,2
CKFU2734766,CKFU,273476,6
BMOU1871235,BMOU,187123,5
SHQU8868004,SHQU,886800,4
ULNU2978581,ULNU,297858,1
FPQU2018584,FPQU,201858,4
LWGU1579792,LWGU,157979,2
YBFU9252463,YBFU,925246,3
LTFU8677470,LTFU,867747,0
ZAXU7746092,ZAXU,774609,2
OEEU9252491,OEEU,925249,1
IZLU8692490,IZLU,869249,0
ARYU7227660,ARYU,722766,0
OTAU1841027,OTAU,184102,7
ZKAU8851040,ZKAU,885104,0
ICHU2587724,ICHU,258772,4
WGJU9991697,WGJU,999169,7
GWJU5098424,GWJU,509842,4
DVFU5896528,DVFU,589652,8
KIKU6163991,KIKU,616399,1
UPWU8403145,UPWU,840314,5
PAXU2439724,PAXU,243972,4
XIVU0941962,XIVU,094196,2
MIEU0505038,MIEU,050503,8
XMDU4091143,XMDU,409114,3
EDVU7360107,EDVU,736010,7
SPUU7732400,SPUU,773240,0
BZDU2819758,BZDU,281975,8
HOSU3659403,HOSU,365940,3
NXMU1221046,NXMU,122104,6
IQHU1026114,IQHU,102611,4
ZXAU4638707,ZXAU,463870,7
QBIU8538671,QBIU,853867,1
JIMU7452303,JIMU,745230,3
KFGU8982870,KFGU,898287,0
TXKU4250741,TXKU,425074,1
QJBU0862148,QJBU,086214,8
HCFU5316482,HCFU,531648,2
NLSU1256734,NLSU,125673,4
IGQU5457311,IGQU,545731,1
YGGU3388012,YGGU,338801,2
HNBU7239058,HNBU,723905,8
VRQU9066861,VRQU,906686,1
KHUU8260108,KHUU,826010,8
IMHU7869844,IMHU,786984,4
IINU2252753,IINU,225275,3
RMPU2630566,RMPU,263056,6
QFUU8357770,QFUU,835777,0
WDQU6493550,WDQU,649355,0
KRSU4707171,KRSU,470717,1
PZHU1077610,PZHU,107761,0
TVGU7994728,TVGU,799472,8
YABU3779886,YABU,377988,6
MNQU6289361,MNQU,628936,1
FGKU2035802,FGKU,203580,2
XFJU8936138,XFJU,893613,8
BJQU5042778,BJQU,504277,8
CYSU0522290,CYSU,052229,0
JGJU2503210,JGJU,250321,0
UMBU1580480,UMBU,158048,0
XIWU1221929,XIWU,122192,9
GCRU2449195,GCRU,244919,5
FIFU3971205,FIFU,397120,5
SRNU1360704,SRNU,136070,4
LJFU7362967,LJFU,736296,7
EWMU5476722,EWMU,547672,2
FEZU9159357,FEZU,915935,7
XGXU6896015,XGXU,689601,5
RJUU2130598,RJUU,213059,8
DTWU2075883,DTWU,207588,3
NWAU0980615,NWAU,098061,5
BASU7666833,BASU,766683,3
SNOU8142043,SNOU,814204,3
XHVU9096900,XHVU,909690,0
RJHU2433588,RJHU,243358,8
ORBU3020528,ORBU,302052,8
IKVU3996252,IKVU,399625,2
CWJU4464905,CWJU,446490,5
BJXU1084223,BJXU,108422,3
VMPU8048897,VMPU,804889,7
HFPU1969761,HFPU,196976,1
HMDU6345997,HMDU,634599,7
MWAU0610538,MWAU,061053,8
IFLU2435601,IFLU,243560,1
ELIU8641456,ELIU,864145,6
OGWU8841596,OGWU,884159,6
QTBU5755230,QTBU,575523,0
JNNU1841175,JNNU,184117,5
ZIFU5392521,ZIFU,539252,1
KGCU8228872,KGCU,822887,2
KJDU2301321,KJDU,230132,1
TIWU8335030,TIWU,833503,0
PWIU3177495,PWIU,317749,5
KFAU1526105,KFAU,152610,5
RGXU6844062,RGXU,684406,2
NXRU5765025,NXRU,576502,5
TKRU8573488,TKRU,857348,8
VZNU7314809,VZNU,731480,9
YMKU5730630,YMKU,573063,0
ZUOU8811405,ZUOU,881140,5
CCLU2244055,CCLU,224405,5
EQJU7473237,EQJU,747323,7
YWAU7790177,YWAU,779017,7
ZTXU8511254,ZTXU,851125,4
LEQU2150018,LEQU,215001,8
TEYU9112339,TEYU,911233,9
UODU6350710,UODU,635071,0
PFXU2418002,PFXU,241800,2
QWXU4798592,QWXU,479859,2
LIEU1249156,LIEU,124915,6
KXRU4513787,KXRU,451378,7
DCOU1888522,DCOU,188852,2
LEMU6693554,LEMU,669355,4
IVPU3950521,IVPU,395052,1
WGIU6129556,WGIU,612955,6
VUOU1489320,VUOU,148932,0
LUTU9778965,LUTU,977896,5
RVUU3609410,RVUU,360941,0
AIIU3143757,AIIU,314375,7
NWSU8714379,NWSU,871437,9
VGIU5987502,VGIU,598750,2
GZRU7367259,GZRU,736725,9
PNUU8646090,PNUU,864609,0
UTJU3568166,UTJU,356816,6
SMVU4249895,SMVU,424989,5
MPBU1773893,MPBU,177389,3
HFGU5870580,HFGU,587058,0
XVWU3447300,XVWU,344730,0
IJGU7486891,IJGU,748689,1
LIBU7063213,LIBU,706321,3
RKCU9553676,RKCU,955367,6
OCPU2981233,OCPU,298123,3
CUOU0894490,CUOU,089449,0
OOWU1111490,OOWU,111149,0
UVGU1558034,UVGU,155803,4
SIGU7328446,SIGU,732844,6
PMGU1943070,PMGU,194307,0
NVFU9836152,NVFU,983615,2
DUTU3765237,DUTU,376523,7
DJJU8848796,DJJU,884879,6
GALU5227390,GALU,522739,0
SUNU5909090,SUNU,590909,0
JYPU2625858,JYPU,262585,8
XWSU0193660,XWSU,019366,0
NKXU0983634,NKXU,098363,4
TLSU0986230,TLSU,098623,0
CLMU5343583,CLMU,534358,3
RBCU9805832,RBCU,980583,2
QYQU0061596,QYQU,006159,6
VHMU2470692,VHMU,247069,2
CVIU0790343,CVIU,079034,3
XJTU1828680,XJTU,182868,0
POGU9604498,POGU,960449,8
VLRU5789989,VLRU,578998,9
MMOU8250950,MMOU,825095,0
WCKU7547885,WCKU,754788,5
JEIU7077892,JEIU,707789,2
WLRU5078596,WLRU,507859,6
QFLU9685431,QFLU,968543,1
LOFU9873123,LOFU,987312,3
POGU6103023,POGU,610302,3
CAZU5411746,CAZU,541174,6
KJZU9518390,KJZU,951839,0
GTRU9734108,GTRU,973410,8
HABU2975439,HABU,297543,9
DHXU1132588,DHXU,113258,8
DYCU1612633,DYCU,161263,3
GRPU2241069,GRPU,224106,9
IHBU7520762,IHBU,752076,2
HFUU9090695,HFUU,909069,5
HNDU5970461,HNDU,597046,1
OAPU7710711,OAPU,771071,1
GRYU7028411,GRYU,702841,1
TDSU0768519,TDSU,076851,9
VAWU9655395,VAWU,965539,5
KIUU7800076,KIUU,780007,6
KDKU4896590,KDKU,489659,0
DZKU1788449,DZKU,178844,9
XENU3627600,XENU,362760,0
ONEU1960194,ONEU,196019,4
DCBU8443306,DCBU,844330,6
RBUU0995237,RBUU,099523,7
DBQU6499241,DBQU,649924,1
CIUU4955586,CIUU,495558,6
BOMU6181326,BOMU,618132,6
TJIU7963879,TJIU,796387,9
SITU4990568,SITU,499056,8
SWLU4739110,SWLU,473911,0
DRLU3750593,DRLU,375059,3
ZCVU9148565,ZCVU,914856,5
SOXU1273230,SOXU,127323,0
EGFU8108717,EGFU,810871,7
YRTU4306984,YRTU,430698,4
AZDU2776633,AZDU,277663,3
KFDU1295295,KFDU,129529,5
WOMU1853500,WOMU,185350,0
LHNU3772828,LHNU,377282,8
SFVU9829232,SFVU,982923,2
IPHU4534776,IPHU,453477,6
WVXU2825055,WVXU,282505,5
EPOU4366868,EPOU,436686,8
SJEU7223007,SJEU,722300,7
PQDU9466010,PQDU,946601,0
CVRU2833559,CVRU,283355,9
ORRU1922973,ORRU,192297,3
CZEU0518066,CZEU,051806,6
MOXU3844190,MOXU,384419,0
TOSU3429589,TOSU,342958,9
ZULU5903359,ZULU,590335,9
GIYU7274715,GIYU,727471,5
LQTU7397052,LQTU,739705,2
PWCU0445083,PWCU,044508,3
USWU1150821,USWU,115082,1
PEXU2312723,PEXU,231272,3
FYUU0433700,FYUU,043370,0
QEIU8075588,QEIU,807558,8
MERU2838480,MERU,283848,0
QFSU4859270,QFSU,485927,0
JZYU6477485,JZYU,647748,5
LQTU3472651,LQTU,347265,1
AMOU1410503,AMOU,141050,3
TMVU7896617,TMVU,789661,7
YSQU5681722,YSQU,568172,2
KZZU6821419,KZZU,682141,9
FFWU6385304,FFWU,638530,4
LZVU0075140,LZVU,007514,0
QJZU5544015,QJZU,554401,5
EBOU7020700,EBOU,702070,0
VZBU0323268,VZBU,032326,8
DGTU3076499,DGTU,307649,9
VCLU5791414,VCLU,579141,4
SPGU6479885,SPGU,647988,5
CYYU2905946,CYYU,290594,6
PGFU5254914,PGFU,525491,4
TJMU3215938,TJMU,321593,8
TGIU1873279,TGIU,187327,9
ZZOU1214179,ZZOU,121417,9
KPXU8294984,KPXU,829498,4
PIZU4556446,PIZU,455644,6
CAEU2167951,CAEU,216795,1
LSJU9594809,LSJU,959480,9
AEEU2662479,AEEU,266247,9
VGWU1247620,VGWU,124762,0
SHIU7812585,SHIU,781258,5
GMRU9304974,GMRU,930497,4
VZSU3114020,VZSU,311402,0
YNYU3737739,YNYU,373773,9
CTHU4277258,CTHU,427725,8
QHTU9060473,QHTU,906047,3
EIKU5959320,EIKU,595932,0
GAEU4707625,GAEU,470762,5
GLTU7748620,GLTU,774862,0
TQEU7065566,TQEU,706556,6
OYBU6057886,OYBU,605788,6
KDUU5175828,KDUU,517582,8
ROQU9312986,ROQU,931298,6
BMKU0507447,BMKU,050744,7
VGYU6889194,VGYU,688919,4
CGMU4921080,CGMU,492108,0
CGEU9988740,CGEU,998874,0
MXFU1121284,MXFU,112128,4
EZLU0920986,EZLU,092098,6
AGGU7511100,AGGU,751110,0
PTJU8742595,PTJU,874259,5
BQBU9482494,BQBU,948249,4
MXBU1558984,MXBU,155898,4
YMZU1638087,YMZU,163808,7
DIOU0825428,DIOU,082542,8
MJOU7541717,MJOU,754171,7
LPIU7714830,LPIU,771483,0
EQYU6819456,EQYU,681945,6
DWEU7079530,DWEU,707953,0
BDZU6174748,BDZU,617474,8
UFGU6434590,UFGU,643459,0
WQBU7977237,WQBU,797723,7
KSUU3672510,KSUU,367251,0
BFRU5010247,BFRU,501024,7
ABLU2762424,ABLU,276242,4
VQWU9359098,VQWU,935909,8
IGGU6728716,IGGU,672871,6
AYZU2007613,AYZU,200761,3
FKIU5001180,FKIU,500118,0
NNOU0402983,NNOU,040298,3
HONU3660788,HONU,366078,8
GGCU7666865,GGCU,766686,5
MPFU3573158,MPFU,357315,8
HPUU4465314,HPUU,446531,4
TUYU1028285,TUYU,102828,5
LLDU6963180,LLDU,696318,0
EXIU4889330,EXIU,488933,0
NBVU1296710,NBVU,129671,0
RCQU4068955,RCQU,406895,5
BHAU1479544,BHAU,147954,4
ZKDU1064860,ZKDU,106486,0
PAPU0186413,PAPU,018641,3
SSSU2272681,SSSU,227268,1
YHRU6538955,YHRU,653895,5
UVJU2715653,UVJU,271565,3
BKMU9558271,BKMU,955827,1
OQXU9623904,OQXU,962390,4
ROVU5111917,ROVU,511191,7
AAAU1242411,AAAU,124241,1
USSU5449176,USSU,544917,6
NQJU4838686,NQJU,483868,6
HFYU6406371,HFYU,640637,1
ARPU4668372,ARPU,466837,2
GIYU2308221,GIYU,230822,1
BLSU1760044,BLSU,176004,4
RNCU7493641,RNCU,749364,1
ROXU7946996,ROXU,794699,6
UHHU9330003,UHHU,933000,3
PGPU4422314,PGPU,442231,4
KECU5926454,KECU,592645,4
KBLU7852032,KBLU,785203,2
BCQU7264149,BCQU,726414,9
DCXU9755538,DCXU,975553,8
LLUU7484824,LLUU,748482,4
XLKU5036545,XLKU,503654,5
WIMU3483845,WIMU,348384,5
UKBU8705583,UKBU,870558,3
UZVU5987041,UZVU,598704,1
IERU2874477,IERU,287447,7
MCDU8584553,MCDU,858455,3
BNTU9150261,BNTU,915026,1
PXPU9011753,PXPU,901175,3
CBNU5876890,CBNU,587689,0
CHSU9868720,CHSU,986872,0
KLKU9068444,KLKU,906844,4
SBCU9472990,SBCU,947299,0
AURU2143583,AURU,214358,3
ODKU0075245,ODKU,007524,5
QUKU8813714,QUKU,881371,4
FVOU5158646,FVOU,515864,6
WBMU0650191,WBMU,065019,1
AHXU4898249,AHXU,489824,9
FCSU3013001,FCSU,301300,1
YSGU8213392,YSGU,821339,2
NAUU6543751,NAUU,654375,1
NBBU1250010,NBBU,125001,0
VBUU9358065,VBUU,935806,5
TSVU5877990,TSVU,587799,0
GDUU8861643,GDUU,886164,3
QGPU9774643,QGPU,977464,3
VJDU5290937,VJDU,529093,7
MUWU5278885,MUWU,527888,5
FWHU6033902,FWHU,603390,2
GSGU2290217,GSGU,229021,7
QNVU9133254,QNVU,913325,4
YRDU3383705,YRDU,338370,5
ODTU6176877,ODTU,617687,7
ZIQU9568470,ZIQU,956847,0
PRUU4970088,PRUU,497008,8
NWDU6852154,NWDU,685215,4
CRWU4039854,CRWU,403985,4
MXXU8408411,MXXU,840841,1
KOVU7763943,KOVU,776394,3
LVGU0033486,LVGU,003348,6
FDJU1417083,FDJU,141708,3
VNEU7575762,VNEU,757576,2
TZZU4475208,TZZU,447520,8
KXDU0055233,KXDU,005523,3
BYFU3433786,BYFU,343378,6
COIU4018396,COIU,401839,6
XPSU6903419,XPSU,690341,9
JSGU3991493,JSGU,399149,3
MHFU6516807,MHFU,651680,7
VFVU8266992,VFVU,826699,2
INBU2591811,INBU,259181,1
PNIU3160452,PNIU,316045,2
RENU1690905,RENU,169090,5
BTTU0245304,BTTU,024530,4
POOU4155170,POOU,415517,0
XQCU7391256,XQCU,739125,6
IOCU8468780,IOCU,846878,0
SBTU2008710,SBTU,200871,0
POSU6236888,POSU,623688,8
PSAU3225879,PSAU,322587,9
MIMU5366679,MIMU,536667,9
DMPU5269962,DMPU,526996,2
EOLU8325782,EOLU,832578,2
XVVU3549084,XVVU,354908,4
GSUU1097569,GSUU,109756,9
TABU3207838,TABU,320783,8
XYVU5135290,XYVU,513529,0
NSIU4580288,NSIU,458028,8
CKFU2927256,CKFU,292725,6
CSLU2092966,CSLU,209296,6
TICU3576097,TICU,357609,7
LLWU9028634,LLWU,902863,4
DGKU0806600,DGKU,080660,0
QEOU6297051,QEOU,629705,1
ZMDU8400345,ZMDU,840034,5
JQVU9404164,JQVU,940416,4
GPQU5718047,GPQU,571804,7
MVEU0058410,MVEU,005841,0
RPTU3060160,RPTU,306016,0
JHJU1265525,JHJU,126552,5
MLEU8944076,MLEU,894407,6
GPMU6643924,GPMU,664392,4
NGAU1230715,NGAU,123071,5
GJOU5815453,GJOU,581545,3
JALU7236388,JALU,723638,8
BEMU8558553,BEMU,855855,3
CBQU5059695,CBQU,505969,5
ECMU0787125,ECMU,078712,5
BUSU1995493,BUSU,199549,3
JAUU6452071,JAUU,645207,1
AARU3299170,AARU,329917,0
IEOU4756873,IEOU,475687,3
KSRU7456191,KSRU,745619,1
UUUU8187152,UUUU,818715,2
AFQU0962199,AFQU,096219,9
UVFU0349674,UVFU,034967,4
ORJU5739309,ORJU,573930,9
ZDOU5728613,ZDOU,572861,3
TLWU9875702,TLWU,987570,2
EXYU4612968,EXYU,461296,8
CJZU2030153,CJZU,203015,3
FFVU9433803,FFVU,943380,3
BJUU3782682,BJUU,378268,2
GDFU8648460,GDFU,864846,0
QDVU7963334,QDVU,796333,4
SWFU7439044,SWFU,743904,4
YKIU4964776,YKIU,496477,6
CHFU7279700,CHFU,727970,0
AEUU1589483,AEUU,158948,3
KWQU3397476,KWQU,339747,6
QYJU4112537,QYJU,411253,7
HUHU3672296,HUHU,367229,6
HEPU0632440,HEPU,063244,0
JFFU3907987,JFFU,390798,7
UXUU4759386,UXUU,475938,6
FGMU9966536,FGMU,996653,6
RZEU5300908,RZEU,530090,8
ZSHU5025117,ZSHU,502511,7
EAAU9346090,EAAU,934609,0
TAJU9373481,TAJU,937348,1
DURU1368995,DURU,136899,5
RPWU1446878,RPWU,144687,8
HIKU6568087,HIKU,656808,7
HHKU6905463,HHKU,690546,3
NDPU6239584,NDPU,623958,4
EBRU7500510,EBRU,750051,0
VLUU1091692,VLUU,109169,2
RSVU8222064,RSVU,822206,4
ZBZU7746004,ZBZU,774600,4
TVNU1325637,TVNU,132563,7
PPPU8031635,PPPU,803163,5
GMOU8845593,GMOU,884559,3
LXGU3874762,LXGU,387476,2
PIVU2619031,PIVU,261903,1
LYQU8214640,LYQU,821464,0
DJBU1093723,DJBU,109372,3
NRFU9243918,NRFU,924391,8
KXJU6612030,KXJU,661203,0
ALJU5171091,ALJU,517109,1
KKGU7585434,KKGU,758543,4
URIU0154674,URIU,015467,4
GWEU6175553,GWEU,617555,3
FXLU6633893,FXLU,663389,3
OPJU9474483,OPJU,947448,3
FZGU1976823,FZGU,197682,3
URAU4654166,URAU,465416,6
GOAU6700390,GOAU,670039,0
BPFU9386657,BPFU,938665,7
AIOU2894996,AIOU,289499,6
HROU8410733,HROU,841073,3
QXFU9333452,QXFU,933345,2
MEEU4620285,MEEU,462028,5
ECRU9265109,ECRU,926510,9
CDKU5267948,CDKU,526794,8
TBZU9671377,TBZU,967137,7
QNTU5542504,QNTU,554250,4
LTMU8846815,LTMU,884681,5
HPWU6485096,HPWU,648509,6
GCOU3506914,GCOU,350691,4
FVXU8466103,FVXU,846610,3
ZJKU9812387,ZJKU,981238,7
SAFU5365121,SAFU,536512,1
FLQU1744672,FLQU,174467,2
NLPU6068359,NLPU,606835,9
XMNU9255933,XMNU,925593,3
QNGU1875949,QNGU,187594,9
KPFU8442501,KPFU,844250,1
WKTU2950245,WKTU,295024,5
HOTU3536510,HOTU,353651,0
UXLU6226995,UXLU,622699,5
CZNU1679009,CZNU,167900,9
LIOU6329146,LIOU,632914,6
ZWXU0384551,ZWXU,038455,1
ZELU2999166,ZELU,299916,6
WEIU1674282,WEIU,167428,2
PFEU7855776,PFEU,785577,6
BWCU8383641,BWCU,838364,1
SGQU6168524,SGQU,616852,4
TOWU4727457,TOWU,472745,7
NSTU7646778,NSTU,764677,8
DQNU8541755,DQNU,854175,5
JDQU2117083,JDQU,211708,3
UYCU8959301,UYCU,895930,1
FYHU5963718,FYHU,596371,8
SZCU6820826,SZCU,682082,6
TCAU3959010,TCAU,395901,0
DCAU9336394,DCAU,933639,4
KZHU9324250,KZHU,932425,0
YYOU6612104,YYOU,661210,4
TWSU3794844,TWSU,379484,4
WTUU9220786,WTUU,922078,6
EWOU5215412,EWOU,521541,2
APGU9806833,APGU,980683,3
ACFU7753226,ACFU,775322,6
IVLU4561411,IVLU,456141,1
JJSU6851200,JJSU,685120,0
JICU0367241,JICU,036724,1
KPYU4401054,KPYU,440105,4
TYXU0499080,TYXU,049908,0
PAEU5690486,PAEU,569048,6
KRBU3597747,KRBU,359774,7
EHJU9469285,EHJU,946928,5
FKTU6296222,FKTU,629622,2
QNEU8529051,QNEU,852905,1
WDTU7393751,WDTU,739375,1
XKGU2534335,XKGU,253433,5
WUTU8984730,WUTU,898473,0
ABQU2544009,ABQU,254400,9
KNYU9974800,KNYU,997480,0
XJWU3414528,XJWU,341452,8
CDNU6795055,CDNU,679505,5
XMRU2721314,XMRU,272131,4
HPJU1015789,HPJU,101578,9
HTMU7860814,HTMU,786081,4
JKTU9030040,JKTU,903004,0
QQDU2540163,QQDU,254016,3
TESU3588976,TESU,358897,6
AKBU2957377,AKBU,295737,7
TLWU6580708,TLWU,658070,8
GHRU1694670,GHRU,169467,0
AUVU5793847,AUVU,579384,7
ENGU9927158,ENGU,992715,8
AONU2190255,AONU,219025,5
ROJU6426409,ROJU,642640,9
OZNU6902396,OZNU,690239,6
GDNU0764678,GDNU,076467,8
ANMU9510951,ANMU,951095,1
EIIU3102691,EIIU,310269,1
IKKU1863994,IKKU,186399,4
VPXU9100133,VPXU,910013,3
WTOU3020325,WTOU,302032,5
ZVJU3768988,ZVJU,376898,8
HLSU8108840,HLSU,810884,0
KWWU5877459,KWWU,587745,9
FOQU4140136,FOQU,414013,6
ALWU0808772,ALWU,080877,2
TARU7671659,TARU,767165,9
ZAWU8393099,ZAWU,839309,9
IHMU8071870,IHMU,807187,0
YAUU8342124,YAUU,834212,4
CLIU8029351,CLIU,802935,1
VYVU9253220,VYVU,925322,0
BXUU0556079,BXUU,055607,9
ZLJU9149342,ZLJU,914934,2
KWDU4036353,KWDU,403635,3
HNLU6503438,HNLU,650343,8
HOEU7687266,HOEU,768726,6
IPNU5646879,IPNU,564687,9
DQNU6838868,DQNU,683886,8
AUMU6395543,AUMU,639554,3
GZKU2203314,GZKU,220331,4
BJCU7272944,BJCU,727294,4
ZWCU8230944,ZWCU,823094,4
UJPU6165961,UJPU,616596,1
UFTU2907680,UFTU,290768,0
KLYU0777344,KLYU,077734,4
LYKU3937086,LYKU,393708,6
SPJU6624876,SPJU,662487,6
FDCU5674551,FDCU,567455,1
EOVU1343070,EOVU,134307,0
OBIU2774702,OBIU,277470,2
CJTU8713486,CJTU,871348,6
EDYU6947810,EDYU,694781,0
CRPU5587555,CRPU,558755,5
AMNU2904596,AMNU,290459,6
KDFU3765874,KDFU,376587,4
ROMU5049286,ROMU,504928,6
GJKU5148270,GJKU,514827,0
VIQU1702969,VIQU,170296,9
YKUU3034812,YKUU,303481,2
ARKU4297599,ARKU,429759,9
LGAU6128113,LGAU,612811,3
LSJU8626115,LSJU,862611,5
JVSU0509129,JVSU,050912,9
SVHU9735987,SVHU,973598,7
WPDU2472340,WPDU,247234,0
RGUU9335059,RGUU,933505,9
NVIU7975099,NVIU,797509,9
LMZU7726330,LMZU,772633,0
JIMU6470133,JIMU,647013,3
FMTU3083764,FMTU,308376,4
JLPU1231284,JLPU,123128,4
PITU1272100,PITU,127210,0
AIDU6477976,AIDU,647797,6
LEXU1864093,LEXU,186409,3
YFZU9076058,YFZU,907605,8
SHPU6130276,SHPU,613027,6
KXMU9504291,KXMU,950429,1
VGWU4467994,VGWU,446799,4
IVZU8313758,IVZU,831375,8
LGCU8404274,LGCU,840427,4
KYSU4139857,KYSU,413985,7
LGGU7923557,LGGU,792355,7
WFAU1272066,WFAU,127206,6
PMHU6256830,PMHU,625683,0
LKZU1376712,LKZU,137671,2
NIZU3708115,NIZU,370811,5
DRAU5878122,DRAU,587812,2
ZIOU9929636,ZIOU,992963,6
GGYU6718447,GGYU,671844,7
IFZU6639892,IFZU,663989,2
BJHU2571637,BJHU,257163,7
PXOU8427491,PXOU,842749,1
EPTU5012846,EPTU,501284,6
YCTU2822175,YCTU,282217,5
JCGU5656718,JCGU,565671,8
PVBU2465910,PVBU,246591,0
REGU7967921,REGU,796792,1
BFUU9123221,BFUU,912322,1
HREU9297175,HREU,929717,5
YARU2710980,YARU,271098,0
TXMU7527255,TXMU,752725,5
XEAU7477822,XEAU,747782,2
BSFU2492708,BSFU,249270,8
KTHU1947991,KTHU,194799,1
QFDU3355450,QFDU,335545,0
XHYU5372425,XHYU,537242,5
RPBU3964960,RPBU,396496,0
XFVU6456125,XFVU,645612,5
OXSU2615155,OXSU,261515,5
GRWU7170270,GRWU,717027,0
FKVU0448925,FKVU,044892,5
ZSSU7288142,ZSSU,728814,2
AADU4696304,AADU,469630,4
QATU5181087,QATU,518108,7
HCCU0720320,HCCU,072032,0
OUAU2648293,OUAU,264829,3
TZJU7576156,TZJU,757615,6
ELMU6786248,ELMU,678624,8
IUSU4012990,IUSU,401299,0
CASU7459170,CASU,745917,0
QTLU4783200,QTLU,478320,0
MBUU7015772,MBUU,701577,2
OLAU7045547,OLAU,704554,7
ZCWU6502719,ZCWU,650271,9
GFSU1870296,GFSU,187029,6
TMYU2171341,TMYU,217134,1
LDFU9803823,LDFU,980382,3
NMKU4302370,NMKU,430237,0
XWSU9524028,XWSU,952402,8
GERU6074676,GERU,607467,6
THOU6218683,THOU,621868,3
QNKU3614830,QNKU,361483,0
PJUU4031099,PJUU,403109,9
QORU1148776,QORU,114877,6
RAYU4850072,RAYU,485007,2
XQZU2370930,XQZU,237093,0
JSGU2426271,JSGU,242627,1
LNIU1154400,LNIU,115440,0
QELU6474428,QELU,647442,8
PIJU8698870,PIJU,869887,0
ZNQU6835700,ZNQU,683570,0
WSZU6900840,WSZU,690084,0
KSMU9937393,KSMU,993739,3
CIJU7969569,CIJU,796956,9
HNSU5634399,HNSU,563439,9
QUBU1128573,QUBU,112857,3
RJMU7019335,RJMU,701933,5
VQUU3283163,VQUU,328316,3
MPPU6853358,MPPU,685335,8
HHXU5146095,HHXU,514609,5
QRIU2666486,QRIU,266648,6
GPOU9493002,GPOU,949300,2
DKEU0056420,DKEU,005642,0
YYGU9066196,YYGU,906619,6
ZVHU2673730,ZVHU,267373,0
HIZU9436300,HIZU,943630,0
QSEU6107267,QSEU,610726,7
WVHU6954522,WVHU,695452,2
USNU5939534,USNU,593953,4
YEAU1892278,YEAU,189227,8
QZEU7892512,QZEU,789251,2
NWZU8492331,NWZU,849233,1
GHCU9936391,GHCU,993639,1
FRLU3188528,FRLU,318852,8
VGJU4123417,VGJU,412341,7
DLHU4522475,DLHU,452247,5
UVSU3403553,UVSU,340355,3
LKCU1213680,LKCU,121368,0
OMIU9611421,OMIU,961142,1
HFZU2827226,HFZU,282722,6
ANZU3549788,ANZU,354978,8
HMEU5251916,HMEU,525191,6
KNFU9364400,KNFU,936440,0
UHYU0807310,UHYU,080731,0
VXVU1222936,VXVU,122293,6
WSKU9201552,WSKU,920155,2
OLYU0842953,OLYU,084295,3
RHBU4164800,RHBU,416480,0
XFEU8807560,XFEU,880756,0
JRHU2157847,JRHU,215784,7
XBOU2660221,XBOU,266022,1
GNHU3920871,GNHU,392087,1
PIOU9225405,PIOU,922540,5
MTMU5322815,MTMU,532281,5
ANBU6573612,ANBU,657361,2
BKZU1945784,BKZU,194578,4
OKAU8553657,OKAU,855365,7
LYTU8328155,LYTU,832815,5
AWFU6514736,AWFU,651473,6
MFBU1952097,MFBU,195209,7
GVVU0739308,GVVU,073930,8
DDOU1131525,DDOU,113152,5
ZLGU0216881,ZLGU,021688,1
JUZU7418793,JUZU,741879,3
LTEU2194867,LTEU,219486,7
XNBU4471277,XNBU,447127,7
FCCU9896154,FCCU,989615,4
NUMU8503996,NUMU,850399,6
SVGU0805483,SVGU,080548,3
OXNU3824059,OXNU,382405,9
RLRU8680180,RLRU,868018,0
GOSU6195368,GOSU,619536,8
QGFU3450930,QGFU,345093,0
BYZU8648093,BYZU,864809,3
CUIU8743663,CUIU,874366,3
MODU2399762,MODU,239976,2
UUWU5303964,UUWU,530396,4
GDWU3804528,GDWU,380452,8
RCJU8206478,RCJU,820647,8
NNWU2874512,NNWU,287451,2
GQEU1277138,GQEU,127713,8
QVKU1164751,QVKU,116475,1
EAAU0816802,EAAU,081680,2
MGAU6826305,MGAU,682630,5
EDGU8686945,EDGU,868694,5
QJEU1784884,QJEU,178488,4
SFGU7243148,SFGU,724314,8
BBXU2124840,BBXU,212484,0
HKZU3226091,HKZU,322609,1
XBJU9844893,XBJU,984489,3
BBZU9383012,BBZU,938301,2
TRMU7387567,TRMU,738756,7
PMUU6129667,PMUU,612966,7
GEMU6210898,GEMU,621089,8
RHZU2137498,RHZU,213749,8
ZPBU5181853,ZPBU,518185,3
KTZU6012068,KTZU,601206,8
KJRU6841467,KJRU,684146,7
MGBU6510926,MGBU,651092,6
RWYU1365886,RWYU,136588,6
OBYU3662240,OBYU,366224,0
THPU4447051,THPU,444705,1
ONZU3776960,ONZU,377696,0
FDFU3491402,FDFU,349140,2
HUBU0441352,HUBU,044135,2
XQMU4977840,XQMU,497784,0
EJWU6399407,EJWU,639940,7
IRDU9634000,IRDU,963400,0
GOCU0044784,GOCU,004478,4
FDCU4918761,FDCU,491876,1
CZIU8079874,CZIU,807987,4
JSFU0754806,JSFU,075480,6
FXTU2158074,FXTU,215807,4
SMTU9299732,SMTU,929973,2
KELU0664044,KELU,066404,4
XCLU9726316,XCLU,972631,6
FKMU4436612,FKMU,443661,2
RLKU3291720,RLKU,329172,0
VNPU5546650,VNPU,554665,0
DNPU5867400,DNPU,586740,0
SWTU3749679,SWTU,374967,9
SHGU5329354,SHGU,532935,4
RVXU0328265,RVXU,032826,5
XOCU1836762,XOCU,183676,2
ZJNU2995819,ZJNU,299581,9
ZYIU5619033,ZYIU,561903,3
ZEUU7542832,ZEUU,754283,2
ASZU2726698,ASZU,272669,8
BWZU9603926,BWZU,960392,6
GPJU5591328,GPJU,559132,8
LLLU7512570,LLLU,751257,0
ZTFU4755218,ZTFU,475521,8
YBBU2397368,YBBU,239736,8
OQPU9509308,OQPU,950930,8
VFEU4502787,VFEU,450278,7
ADAU1864916,ADAU,186491,6
PLLU5481920,PLLU,548192,0
FHDU7053739,FHDU,705373,9
NMOU3270301,NMOU,327030,1
ZOWU4968471,ZOWU,496847,1
KGRU1745465,KGRU,174546,5
WCNU3877097,WCNU,387709,7
NTGU2504088,NTGU,250408,8
THEU3121489,THEU,312148,9
FHFU2271329,FHFU,227132,9
PAQU4741797,PAQU,474179,7
PPAU5571978,PPAU,557197,8
GDHU6120810,GDHU,612081,0
VIRU3469572,VIRU,346957,2
PYHU8728564,PYHU,872856,4
QKBU1667364,QKBU,166736,4
NIEU4037580,NIEU,403758,0
GJTU5361169,GJTU,536116,9
UZVU4205180,UZVU,420518,0
ZWBU8419092,ZWBU,841909,2
LBXU9762153,LBXU,976215,3
NHZU8841793,NHZU,884179,3
AEGU8119050,AEGU,811905,0
YQHU5507963,YQHU,550796,3
KEFU6117331,KEFU,611733,1
DKKU4793725,DKKU,479372,5
KGLU6098349,KGLU,609834,9
CAWU5146493,CAWU,514649,3
VCSU2614323,VCSU,261432,3
BLQU5618365,BLQU,561836,5
LZMU4670525,LZMU,467052,5
BORU4901153,BORU,490115,3
ECQU1957914,ECQU,195791,4
MAEU5642799,MAEU,564279,9
YWCU6474030,YWCU,647403,0
KLWU4097498,KLWU,409749,8
MJSU6028860,MJSU,602886,0
YHGU8446561,YHGU,844656,1
IKIU4004594,IKIU,400459,4
ORTU6477688,ORTU,647768,8
YRTU4569975,YRTU,456997,5
KUQU7740119,KUQU,774011,9
FHFU0364910,FHFU,036491,0
AOSU1642066,AOSU,164206,6
QUDU7076258,QUDU,707625,8
ITOU7072472,ITOU,707247,2
JKFU0269682,JKFU,026968,2
EVGU5091045,EVGU,509104,5
TFGU8998089,TFGU,899808,9
STLU0825531,STLU,082553,1
DUVU8944160,DUVU,894416,0
RMTU7378261,RMTU,737826,1
TNOU7627797,TNOU,762779,7
UGNU3824126,UGNU,382412,6
DSKU9870970,DSKU,987097,0
LTQU6271110,LTQU,627111,0
ORSU5435982,ORSU,543598,2
VSFU9666165,VSFU,966616,5
POKU6075332,POKU,607533,2
JPBU4436995,JPBU,443699,5
PVMU6714444,PVMU,671444,4
OZZU6042780,OZZU,604278,0
VBDU0210195,VBDU,021019,5
WSFU7189737,WSFU,718973,7
BZRU1837556,BZRU,183755,6
HQOU0838301,HQOU,083830,1
LDCU6016320,LDCU,601632,0
QOVU0116664,QOVU,011666,4
JCKU4995286,JCKU,499528,6
TIGU1004712,TIGU,100471,2
VQPU4943860,VQPU,494386,0
AJQU2234116,AJQU,223411,6
HLEU9214061,HLEU,921406,1
ZQJU0057373,ZQJU,005737,3
KMWU7990206,KMWU,799020,6
AMCU2148622,AMCU,214862,2
OVUU2789090,OVUU,278909,0
ZMDU6518977,ZMDU,651897,7
NTIU8652541,NTIU,865254,1
PUTU8485523,PUTU,848552,3
XJQU9666352,XJQU,966635,2
NIFU8539620,NIFU,853962,0
XXSU2525636,XXSU,252563,6
OCFU9172077,OCFU,917207,7
FXKU7349544,FXKU,734954,4
FOUU3695345,FOUU,369534,5
TGQU5999165,TGQU,599916,5
UDAU1029424,UDAU,102942,4
RFUU6337354,RFUU,633735,4
GQTU4037247,GQTU,403724,7
VTKU9581474,VTKU,958147,4
SAGU6516355,SAGU,651635,5
NJGU0201251,NJGU,020125,1
SXQU1703094,SXQU,170309,4
TLGU7278533,TLGU,727853,3
MJAU0093253,MJAU,009325,3
LCOU2064963,LCOU,206496,3
ETGU8351979,ETGU,835197,9
QKEU2373004,QKEU,237300,4
WUOU6083099,WUOU,608309,9
BXMU7654400,BXMU,765440,0
WHGU0445356,WHGU,044535,6
EBRU0832262,EBRU,083226,2
ZZPU9983445,ZZPU,998344,5
TCIU1512920,TCIU,151292,0
JEGU4178602,JEGU,417860,2
DJCU7046830,DJCU,704683,0
XHRU8668915,XHRU,866891,5
BNTU8097666,BNTU,809766,6
LYKU7159584,LYKU,715958,4
DXIU2639048,DXIU,263904,8
TMIU2084154,TMIU,208415,4
QZYU2039153,QZYU,203915,3
TYWU3843724,TYWU,384372,4
AIGU1251626,AIGU,125162,6
MYUU3277091,MYUU,327709,1
BMRU7621743,BMRU,762174,3
HFGU9784963,HFGU,978496,3
YZUU6286850,YZUU,628685,0
ZJAU8266213,ZJAU,826621,3
TTSU1062620,TTSU,106262,0
PDLU4003621,PDLU,400362,1
AYZU4854670,AYZU,485467,0
BVIU0104484,BVIU,010448,4
IAGU4375073,IAGU,437507,3
ZMRU3482284,ZMRU,348228,4
QCJU2908521,QCJU,290852,1
GCFU1099686,GCFU,109968,6
DPIU4333050,DPIU,433305,0
WGAU2841488,WGAU,284148,8
JCIU2171834,JCIU,217183,4
GGWU9159812,GGWU,915981,2
SFIU7777080,SFIU,777708,0
FAUU4818790,FAUU,481879,0
UNAU7102970,UNAU,710297,0
TSWU5193163,TSWU,519316,3
LXRU6559074,LXRU,655907,4
WNGU9127092,WNGU,912709,2
MXYU7232255,MXYU,723225,5
JZOU4528238,JZOU,452823,8
URWU0993007,URWU,099300,7
MBVU3579405,MBVU,357940,5
PERU8589366,PERU,858936,6
HNGU4070804,HNGU,407080,4
REDU9775716,REDU,977571,6
SYNU7896730,SYNU,789673,0
EEEU6370736,EEEU,637073,6
RCGU6981388,RCGU,698138,8
GSSU2781901,GSSU,278190,1
ZBGU5642093,ZBGU,564209,3
GPQU4257110,GPQU,425711,0
ZNLU3931488,ZNLU,393148,8
LMNU1943711,LMNU,194371,1
EHVU0054695,EHVU,005469,5
UYMU2687314,UYMU,268731,4
ABEU3221889,ABEU,322188,9
EGSU8914441,EGSU,891444,1
OUOU6143029,OUOU,614302,9
BJCU5866504,BJCU,586650,4
NQWU0337741,NQWU,033774,1
TUFU6588619,TUFU,658861,9
TISU9235166,TISU,923516,6
YSDU9795342,YSDU,979534,2
WEKU3591409,WEKU,359140,9
LWJU2171384,LWJU,217138,4
YRIU4461945,YRIU,446194,5
DIOU6494116,DIOU,649411,6
QFIU8806257,QFIU,880625,7
SBZU5586701,SBZU,558670,1
ELMU7927720,ELMU,792772,0
ZNTU4626683,ZNTU,462668,3
WDMU5297060,WDMU,529706,0
WNCU2211890,WNCU,221189,0
SVOU5771060,SVOU,577106,0
VBWU0476730,VBWU,047673,0
YEUU8567407,YEUU,856740,7
YCKU0933358,YCKU,093335,8
ZBEU9824735,ZBEU,982473,5
ZQWU9517263,ZQWU,951726,3
ZSUU9307763,ZSUU,930776,3
SUNU2758730,SUNU,275873,0
MJDU5153982,MJDU,515398,2
RWNU6725750,RWNU,672575,0
OADU3239592,OADU,323959,2
GLBU9267028,GLBU,926702,8
ZIEU4886866,ZIEU,488686,6
BWDU0043016,BWDU,004301,6
TSSU9841076,TSSU,984107,6
SRYU4202060,SRYU,420206,0
UQNU2209945,UQNU,220994,5
NGFU2754154,NGFU,275415,4
RRNU2584610,RRNU,258461,0
NVXU8479270,NVXU,847927,0
JDLU5683390,JDLU,568339,0
KNUU7859476,KNUU,785947,6
YGYU2232516,YGYU,223251,6
XVHU3550750,XVHU,355075,0
AQXU5511075,AQXU,551107,5
DNAU8102135,DNAU,810213,5
VOKU4964574,VOKU,496457,4
PXXU3932630,PXXU,393263,0
BNCU9891567,BNCU,989156,7
AXPU3400201,AXPU,340020,1
BKMU1270545,BKMU,127054,5
DOCU6962146,DOCU,696214,6
LHPU2109382,LHPU,210938,2
PIKU7021240,PIKU,702124,0
AADU1487086,AADU,148708,6
RHWU4840240,RHWU,484024,0
ZPEU7849881,ZPEU,784988,1
YZYU0243905,YZYU,024390,5
ZMNU6122501,ZMNU,612250,1
YUMU5003128,YUMU,500312,8
TKQU0151121,TKQU,015112,1
YRDU6177694,YRDU,617769,4
ELTU6578105,ELTU,657810,5
YAYU7851059,YAYU,785105,9
LPJU1826245,LPJU,182624,5
SSBU0659969,SSBU,065996,9
QGLU4461847,QGLU,446184,7
EUZU8984168,EUZU,898416,8
BKNU4461831,BKNU,446183,1
WMXU8068372,WMXU,806837,2
MJBU8384150,MJBU,838415,0
DXOU3384374,DXOU,338437,4
ZLUU7007363,ZLUU,700736,3
XDMU4734783,XDMU,473478,3
SYXU9822212,SYXU,982221,2
YUGU8929061,YUGU,892906,1
CPCU8528947,CPCU,852894,7
ORFU5342889,ORFU,534288,9
INXU6967756,INXU,696775,6
WOKU2674068,WOKU,267406,8
UCHU9958515,UCHU,995851,5
GGJU6056159,GGJU,605615,9
MFBU8662870,MFBU,866287,0
XTDU7857030,XTDU,785703,0
SUEU2045990,SUEU,204599,0
OSGU1448456,OSGU,144845,6
IHKU7781500,IHKU,778150,0
GOVU7539734,GOVU,753973,4
KEPU2814702,KEPU,281470,2
QUAU2603053,QUAU,260305,3
NUDU3069197,NUDU,306919,7
XVYU6532403,XVYU,653240,3
RYZU3389380,RYZU,338938,0
CJWU9415156,CJWU,941515,6
LKTU6283622,LKTU,628362,2
IICU2391380,IICU,239138,0
NDQU6508429,NDQU,650842,9
LUDU7401728,LUDU,740172,8
DRNU6451612,DRNU,645161,2
CBTU4981362,CBTU,498136,2
KHFU7422377,KHFU,742237,7
PDPU9976653,PDPU,997665,3
FCAU8484697,FCAU,848469,7
UMAU5828010,UMAU,582801,0
JZTU3216315,JZTU,321631,5
GTWU8218454,GTWU,821845,4
LZNU2105339,LZNU,210533,9
FVMU7513172,FVMU,751317,2
HGNU6201261,HGNU,620126,1
ORTU6925864,ORTU,692586,4
GEPU6626417,GEPU,662641,7
VURU2067335,VURU,206733,5
LUFU1623237,LUFU,162323,7
JIKU3598515,JIKU,359851,5
XJPU2699793,XJPU,269979,3
LBSU1343837,LBSU,134383,7
EVLU3989335,EVLU,398933,5
ZYTU6469137,ZYTU,646913,7
BFAU7659513,BFAU,765951,3
SDTU8013595,SDTU,801359,5
ZQHU6242068,ZQHU,624206,8
ACSU0987579,ACSU,098757,9
ZDPU7949140,ZDPU,794914,0
TKDU9290831,TKDU,929083,1
DRGU4053945,DRGU,405394,5
SKHU8501698,SKHU,850169,8
LZZU7369917,LZZU,736991,7
CXGU3963752,CXGU,396375,2
CGLU0945027,CGLU,094502,7
EQTU3105860,EQTU,310586,0
EXVU2979803,EXVU,297980,3
IJVU6319079,IJVU,631907,9
PYFU4705080,PYFU,470508,0
JCUU0742588,JCUU,074258,8
MTTU4882169,MTTU,488216,9
IZXU9105620,IZXU,910562,0
UEPU1201590,UEPU,120159,0
QJSU4342290,QJSU,434229,0
JYCU2329393,JYCU,232939,3
PVXU8373309,PVXU,837330,9
TZLU4168300,TZLU,416830,0
RMLU1218610,RMLU,121861,0
GTKU4459771,GTKU,445977,1
ZQNU4667238,ZQNU,466723,8
PFCU9156873,PFCU,915687,3
RKTU4089022,RKTU,408902,2
IQEU4985889,IQEU,498588,9
NRXU4420715,NRXU,442071,5
YSRU5895693,YSRU,589569,3
NJCU7542661,NJCU,754266,1
QXWU7711629,QXWU,771162,9
LWIU7255904,LWIU,725590,4
OIWU7084887,OIWU,708488,7
GOZU3954731,GOZU,395473,1
MWVU4359829,MWVU,435982,9
HZZU9721935,HZZU,972193,5
MZMU1063215,MZMU,106321,5
VHSU4977749,VHSU,497774,9
NXEU1703169,NXEU,170316,9
SVDU4275185,SVDU,427518,5
DZPU3265222,DZPU,326522,2
VPUU3547726,VPUU,354772,6
LCRU4465462,LCRU,446546,2
MTKU7724089,MTKU,772408,9
DCUU4529657,DCUU,452965,7
HZCU7179104,HZCU,717910,4
WEQU0054417,WEQU,005441,7
NQZU8211299,NQZU,821129,9
EMHU4804975,EMHU,480497,5
CKLU1106056,CKLU,110605,6
LBAU5723220,LBAU,572322,0
UANU2797337,UANU,279733,7
TIQU6788160,TIQU,678816,0
BMTU0890455,BMTU,089045,5
MYTU6172948,MYTU,617294,8
LBDU9952467,LBDU,995246,7
LAJU3517537,LAJU,351753,7
GKDU5227967,GKDU,522796,7
WXPU7473214,WXPU,747321,4
SAUU6763473,SAUU,676347,3
ABDU2726390,ABDU,272639,0
IAEU6228095,IAEU,622809,5
AFEU7358590,AFEU,735859,0
GJBU7124059,GJBU,712405,9
ZMTU1906436,ZMTU,190643,6
ZFPU9374177,ZFPU,937417,7
VARU8907593,VARU,890759,3
LMJU2737342,LMJU,273734,2
YVQU7836970,YVQU,783697,0
DYUU9007875,DYUU,900787,5
BHNU4673835,BHNU,467383,5
FGYU6306346,FGYU,630634,6
TWGU5196844,TWGU,519684,4
BHXU7232685,BHXU,723268,5
UFIU2793726,UFIU,279372,6
ZPZU5775530,ZPZU,577553,0
ZTEU8245712,ZTEU,824571,2
KCRU2748013,KCRU,274801,3
UNDU2100115,UNDU,210011,5
JXZU0665401,JXZU,066540,1
MKGU4770004,MKGU,477000,4
BTZU5310096,BTZU,531009,6
QYWU3000645,QYWU,300064,5
HNOU7598640,HNOU,759864,0
UNHU3804469,UNHU,380446,9
QGSU0826916,QGSU,082691,6
TUKU5196340,TUKU,519634,0
CZDU7099013,CZDU,709901,3
KLCU7610670,KLCU,761067,0
YTIU9701750,YTIU,970175,0
SQIU5578970,SQIU,557897,0
KLOU7972229,KLOU,797222,9
TRMU7651556,TRMU,765155,6
BJIU8423013,BJIU,842301,3
KTAU7734438,KTAU,773443,8
IAKU3804542,IAKU,380454,2
JDRU8165122,JDRU,816512,2
MJBU7185810,MJBU,718581,0
RUUU8204196,RUUU,820419,6
UYXU4875443,UYXU,487544,3
WTKU0821678,WTKU,082167,8
ZOUU2575480,ZOUU,257548,0
QVIU0055445,QVIU,005544,5
VUFU4186296,VUFU,418629,6
TTWU2149282,TTWU,214928,2
DGRU9196771,DGRU,919677,1
KGLU2565358,KGLU,256535,8
KLSU4931684,KLSU,493168,4
SKOU7811194,SKOU,781119,4
ABDU4633573,ABDU,463357,3
JEGU9150167,JEGU,915016,7
MJTU0016042,MJTU,001604,2
IHLU8372905,IHLU,837290,5
ZJVU2754558,ZJVU,275455,8
YBZU8068615,YBZU,806861,5
VKFU0264852,VKFU,026485,2
IVXU7269890,IVXU,726989,0
OBCU7231990,OBCU,723199,0
NSAU2744266,NSAU,274426,6
PXXU6502695,PXXU,650269,5
NTMU2824180,NTMU,282418,0
QPPU5193377,QPPU,519337,7
WOGU0095205,WOGU,009520,5
PHTU2251522,PHTU,225152,2
UOEU1116468,UOEU,111646,8
MDLU3885311,MDLU,388531,1
KCJU0874030,KCJU,087403,0
HILU0433878,HILU,043387,8
LXIU0426000,LXIU,042600,0
GLBU3647627,GLBU,364762,7
HSRU5956446,HSRU,595644,6
IYPU9733597,IYPU,973359,7
ATQU2363242,ATQU,236324,2
GUDU2093680,GUDU,209368,0
QFHU4538384,QFHU,453838,4
NFYU5396043,NFYU,539604,3
PQOU4843599,PQOU,484359,9
VKMU1378798,VKMU,137879,8
MKTU6686830,MKTU,668683,0
DKTU9893174,DKTU,989317,4
FODU2386285,FODU,238628,5
RHLU6968638,RHLU,696863,8
AKPU3660515,AKPU,366051,5
TPYU5588627,TPYU,558862,7
IGLU7608168,IGLU,760816,8
NQBU1207332,NQBU,120733,2
JVHU2514115,JVHU,251411,5
CLYU7569160,CLYU,756916,0
KPRU3483167,KPRU,348316,7
QGTU4180047,QGTU,418004,7
SKZU7337134,SKZU,733713,4
JVFU4419700,JVFU,441970,0
KFXU8051665,KFXU,805166,5
UPXU9321127,UPXU,932112,7
WQZU1451131,WQZU,145113,1
NHGU9373582,NHGU,937358,2
XDJU8839406,XDJU,883940,6
GOCU0267319,GOCU,026731,9
UCDU8076117,UCDU,807611,7
AYXU8136400,AYXU,813640,0
VVJU8380311,VVJU,838031,1
ZNOU5530119,ZNOU,553011,9
XSGU9233432,XSGU,923343,2
ESLU6553219,ESLU,655321,9
RSJU8713236,RSJU,871323,6
PDEU0149434,PDEU,014943,4
SHTU1939869,SHTU,193986,9
KPLU5542225,KPLU,554222,5
LVZU1135175,LVZU,113517,5
KNAU8840496,KNAU,884049,6
HBXU8511307,HBXU,851130,7
YVTU9727286,YVTU,972728,6
TLFU8298778,TLFU,829877,8
HWZU6404090,HWZU,640409,0
DZDU7742711,DZDU,774271,1
RXVU6564074,RXVU,656407,4
MZNU0687680,MZNU,068768,0
HNNU4203336,HNNU,420333,6
UUWU9485980,UUWU,948598,0
NVZU4819980,NVZU,481998,0
IHLU1489696,IHLU,148969,6
FKPU5212789,FKPU,521278,9
RGTU9851200,RGTU,985120,0
QMCU3478203,QMCU,347820,3
QAAU1604630,QAAU,160463,0
XRAU5197725,XRAU,519772,5
ZBIU6031774,ZBIU,603177,4
CVJU8290013,CVJU,829001,3
TBCU4395320,TBCU,439532,0
FSZU3131750,FSZU,313175,0
XESU0993054,XESU,099305,4
FQZU4375125,FQZU,437512,5
DXWU0136084,DXWU,013608,4
UUVU6433402,UUVU,643340,2
GPJU8709097,GPJU,870909,7
JQPU8419971,JQPU,841997,1
TUQU9784270,TUQU,978427,0
ESJU7770250,ESJU,777025,0
QPCU4479642,QPCU,447964,2
CLUU1365942,CLUU,136594,2
FPWU0464068,FPWU,046406,8
XHGU0855006,XHGU,085500,6
OZEU2740304,OZEU,274030,4
MFLU9042787,MFLU,904278,7
CQCU6794050,CQCU,679405,0
KVIU5290008,KVIU,529000,8
LVAU8918606,LVAU,891860,6
PTSU7809319,PTSU,780931,9
BVHU0342869,BVHU,034286,9
LRWU6716320,LRWU,671632,0
ZZVU5667737,ZZVU,566773,7
ZSUU8440133,ZSUU,844013,3
AEXU7665292,AEXU,766529,2
RTMU5916386,RTMU,591638,6
MUNU6687120,MUNU,668712,0
YHEU1844951,YHEU,184495,1
DHJU4612197,DHJU,461219,7
WCZU1846880,WCZU,184688,0
MIDU4813740,MIDU,481374,0
HWRU7506637,HWRU,750663,7
YZLU0406529,YZLU,040652,9
OUSU6169516,OUSU,616951,6
QWTU4722829,QWTU,472282,9
LLCU6664550,LLCU,666455,0
ADLU5513115,ADLU,551311,5
MFDU4888419,MFDU,488841,9
DYXU1620817,DYXU,162081,7
FAPU1690497,FAPU,169049,7
CEXU2644495,CEXU,264449,5
TUAU3800759,TUAU,380075,9
XYPU9962310,XYPU,996231,0
PIYU3928756,PIYU,392875,6
GLFU3488350,GLFU,348835,0
OKGU7515365,OKGU,751536,5
DBZU0904127,DBZU,090412,7
XNZU6413485,XNZU,641348,5
MHDU9331712,MHDU,933171,2
NJCU6443520,NJCU,644352,0
WYIU5790059,WYIU,579005,9
EXYU3439204,EXYU,343920,4
YNUU7885802,YNUU,788580,2
HAQU6209888,HAQU,620988,8
LKXU0974841,LKXU,097484,1
IMRU5506942,IMRU,550694,2
UBJU7710248,UBJU,771024,8
JGCU1362955,JGCU,136295,5
TOUU0137662,TOUU,013766,2
QGUU5331917,QGUU,533191,7
VBUU2950494,VBUU,295049,4
DDBU0271331,DDBU,027133,1
DOEU8200614,DOEU,820061,4
PVBU8439380,PVBU,843938,0
FNWU8587086,FNWU,858708,6
BCAU6883821,BCAU,688382,1
SXHU9324378,SXHU,932437,8
PROU3258462,PROU,325846,2
FUZU2164007,FUZU,216400,7
UFPU4250120,UFPU,425012,0
IELU5185422,IELU,518542,2
RFZU6103888,RFZU,610388,8
AGCU4244670,AGCU,424467,0
SEVU1608700,SEVU,160870,0
MEAU0978502,MEAU,097850,2
ARBU6628266,ARBU,662826,6
YGNU2773564,YGNU,277356,4
TGFU7162169,TGFU,716216,9
YDOU7362878,YDOU,736287,8
QYEU3833000,QYEU,383300,0
RIPU2861308,RIPU,286130,8
ESFU3006613,ESFU,300661,3
ZFFU1008546,ZFFU,100854,6
KFLU6716039,KFLU,671603,9
OIRU7643089,OIRU,764308,9
CVQU0137270,CVQU,013727,0
BRBU1663245,BRBU,166324,5
HWKU0893453,HWKU,089345,3
WVSU1295597,WVSU,129559,7
NWMU1676085,NWMU,167608,5
KUUU0097685,KUUU,009768,5
KUPU1882262,KUPU,188226,2
TOHU5326312,TOHU,532631,2
IEXU5379404,IEXU,537940,4
HCCU9688240,HCCU,968824,0
PCBU9812798,PCBU,981279,8
AWSU7461288,AWSU,746128,8
IDUU6286207,IDUU,628620,7
LCQU0505917,LCQU,050591,7
QSNU0427608,QSNU,042760,8
BTGU3462771,BTGU,346277,1
LRKU3042574,LRKU,304257,4
YFHU9701620,YFHU,970162,0
FQTU3055435,FQTU,305543,5
YHBU3725380,YHBU,372538,0
RJRU5063893,RJRU,506389,3
UPYU6803160,UPYU,680316,0
TESU8020280,TESU,802028,0
ZOXU9559206,ZOXU,955920,6
PVTU0793502,PVTU,079350,2
RUBU3675837,RUBU,367583,7
SZPU3119979,SZPU,311997,9
BQMU7835467,BQMU,783546,7
QQKU5308223,QQKU,530822,3
SZVU3236517,SZVU,323651,7
REJU9349944,REJU,934994,4
DAEU3264849,DAEU,326484,9
BWSU6937480,BWSU,693748,0
BHEU2467090,BHEU,246709,0
GCVU0424621,GCVU,042462,1
DPYU3816105,DPYU,381610,5
BPHU3886415,BPHU,388641,5
QLCU8316008,QLCU,831600,8
TNSU3446265,TNSU,344626,5
CODU8840345,CODU,884034,5
BOMU7652879,BOMU,765287,9
AECU6048055,AECU,604805,5
NXHU1230299,NXHU,123029,9
VKMU7912576,VKMU,791257,6
LOHU7281776,LOHU,728177,6
MLRU9504998,MLRU,950499,8
HMLU4718230,HMLU,471823,0
QDZU4093955,QDZU,409395,5
TIYU5451305,TIYU,545130,5
PFDU0816579,PFDU,081657,9
DCAU9454340,DCAU,945434,0
BIFU0661120,BIFU,066112,0
ONXU9638895,ONXU,963889,5
FRNU2577878,FRNU,257787,8
VVRU0138243,VVRU,013824,3
AASU3013079,AASU,301307,9
VTJU3232527,VTJU,323252,7
JWDU0553439,JWDU,055343,9
FQMU4723765,FQMU,472376,5
QVCU2396407,QVCU,239640,7
MHSU7699827,MHSU,769982,7
JQNU7274808,JQNU,727480,8
NEPU2486588,NEPU,248658,8
LFJU5630097,LFJU,563009,7
NHWU1964394,NHWU,196439,4
FGVU2440660,FGVU,244066,0
VKPU1691123,VKPU,169112,3
YBYU0054910,YBYU,005491,0
ZWVU4725237,ZWVU,472523,7
CXLU4292579,CXLU,429257,9
CPKU5747175,CPKU,574717,5
TPHU3391727,TPHU,339172,7
UBLU8881082,UBLU,888108,2
QRAU1674313,QRAU,167431,3
EXAU5969083,EXAU,596908,3
QESU2458759,QESU,245875,9
LQYU3709658,LQYU,370965,8
VTJU5773937,VTJU,577393,7
RTNU6030164,RTNU,603016,4
NVJU6531832,NVJU,653183,2
BOKU4387467,BOKU,438746,7
CSHU7980093,CSHU,798009,3
EHIU2524828,EHIU,252482,8
CDDU8679270,CDDU,867927,0
ABVU4324577,ABVU,432457,7
UWKU1295654,UWKU,129565,4
DIPU1651480,DIPU,165148,0
NJFU8300827,NJFU,830082,7
IPTU7225633,IPTU,722563,3
RQPU1192781,RQPU,119278,1
UPPU3284450,UPPU,328445,0
WSXU8082155,WSXU,808215,5
KYGU6835749,KYGU,683574,9
FEQU2030356,FEQU,203035,6
RPQU1312385,RPQU,131238,5
USBU0725810,USBU,072581,0
OQRU8405219,OQRU,840521,9
HRPU9211107,HRPU,921110,7
APHU7088896,APHU,708889,6
LUPU5542730,LUPU,554273,0
QPKU3936419,QPKU,393641,9
GGEU6637978,GGEU,663797,8
FUYU9343593,FUYU,934359,3
KZIU4014321,KZIU,401432,1
XYRU6481025,XYRU,648102,5
GQPU9909923,GQPU,990992,3
EQNU5594808,EQNU,559480,8
TXJU5785404,TXJU,578540,4
FBMU9175480,FBMU,917548,0
NOXU9892386,NOXU,989238,6
YLAU7538820,YLAU,753882,0
EURU4521408,EURU,452140,8
ZVGU4214510,ZVGU,421451,0
EEGU2301713,EEGU,230171,3
IJBU2355674,IJBU,235567,4
ZNBU3048302,ZNBU,304830,2
GDJU1631809,GDJU,163180,9
NKQU2136352,NKQU,213635,2
FLHU9738622,FLHU,973862,2
JDEU0086577,JDEU,008657,7
ZIQU5269064,ZIQU,526906,4
TMMU0262949,TMMU,026294,9
PSEU1257582,PSEU,125758,2
XCUU3848407,XCUU,384840,7
DGIU1600284,DGIU,160028,4
KXDU6380349,KXDU,638034,9
YZHU4887532,YZHU,488753,2
LDFU1348050,LDFU,134805,0
PIOU6196746,PIOU,619674,6
GERU9096093,GERU,909609,3
RNWU5502467,RNWU,550246,7
GFIU4741760,GFIU,474176,0
YOXU6692410,YOXU,669241,0
VSQU4451487,VSQU,445148,7
UAHU6359462,UAHU,635946,2
UMMU1638604,UMMU,163860,4
KSIU7767176,KSIU,776717,6
OFCU0073669,OFCU,007366,9
HTMU5041962,HTMU,504196,2
PJHU2053919,PJHU,205391,9
TMVU9466678,TMVU,946667,8
ANXU2681051,ANXU,268105,1
NULU5865046,NULU,586504,6
AZXU0921692,AZXU,092169,2
LMDU5848841,LMDU,584884,1
ICJU8600306,ICJU,860030,6
TCEU5310179,TCEU,531017,9
OFAU7868521,OFAU,786852,1
PAZU7482016,PAZU,748201,6
SZOU3013828,SZOU,301382,8
QUGU1939579,QUGU,193957,9
YUUU4941910,YUUU,494191,0
YJHU6160658,YJHU,616065,8
VMSU4775332,VMSU,477533,2
IUJU4386870,IUJU,438687,0
CVMU8085440,CVMU,808544,0
BOMU2882138,BOMU,288213,8
ZHZU5876632,ZHZU,587663,2
XXZU5234166,XXZU,523416,6
HLZU9914644,HLZU,991464,4
SOZU7774869,SOZU,777486,9
HITU5638057,HITU,563805,7
SBSU6545591,SBSU,654559,1
HOFU3615683,HOFU,361568,3
ZACU1662410,ZACU,166241,0
KJYU6785228,KJYU,678522,8
QJMU9803197,QJMU,980319,7
KOJU3130015,KOJU,313001,5
GFRU9274704,GFRU,927470,4
JFSU2676056,JFSU,267605,6
PXYU1226366,PXYU,122636,6
UTCU0504244,UTCU,050424,4
WXTU4579737,WXTU,457973,7
YDJU0398115,YDJU,039811,5
GXPU9723722,GXPU,972372,2
ZZRU4730987,ZZRU,473098,7
ZKWU6086508,ZKWU,608650,8
NVLU7005788,NVLU,700578,8
NACU0720336,NACU,072033,6
YDVU7078583,YDVU,707858,3
MCQU5648043,MCQU,564804,3
PNJU7928060,PNJU,792806,0
TPQU3802383,TPQU,380238,3
QYDU1736477,QYDU,173647,7
XYSU8794423,XYSU,879442,3
LLEU1441839,LLEU,144183,9
YNUU8655110,YNUU,865511,0
CMJU4556597,CMJU,455659,7
XQJU7633078,XQJU,763307,8
USUU3665698,USUU,366569,8
HYEU9541938,HYEU,954193,8
DDOU8424280,DDOU,842428,0
OCWU9006856,OCWU,900685,6
JBKU1331260,JBKU,133126,0
QBKU1918738,QBKU,191873,8
PYKU9042965,PYKU,904296,5
SSKU0060253,SSKU,006025,3
NPDU5129697,NPDU,512969,7
RKUU5179417,RKUU,517941,7
TSMU3856122,TSMU,385612,2
JLNU2079796,JLNU,207979,6
WCOU6018653,WCOU,601865,3
SOGU2636963,SOGU,263696,3
CYBU1304390,CYBU,130439,0
GQEU9960433,GQEU,996043,3
MUTU6284466,MUTU,628446,6
HHFU2653112,HHFU,265311,2
ERJU9528120,ERJU,952812,0
LBGU8589677,LBGU,858967,7
PZMU9011680,PZMU,901168,0
BTDU6032095,BTDU,603209,5
QYRU6528336,QYRU,652833,6
NVKU4153001,NVKU,415300,1
EIKU7766211,EIKU,776621,1
FJPU6297583,FJPU,629758,3
AHGU0912289,AHGU,091228,9
VUBU9610524,VUBU,961052,4
ZNXU5780602,ZNXU,578060,2
DGXU6119566,DGXU,611956,6
OYXU1439836,OYXU,143983,6
LVIU7041665,LVIU,704166,5
VMBU6544168,VMBU,654416,8
BRQU8358663,BRQU,835866,3
ELEU2725215,ELEU,272521,5
MZNU3491793,MZNU,349179,3
VBDU8899178,VBDU,889917,8
UEJU1870671,UEJU,187067,1
VYSU5889204,VYSU,588920,4
LWXU2503450,LWXU,250345,0
JKFU1426153,JKFU,142615,3
RWJU5222860,RWJU,522286,0
ODKU1000180,ODKU,100018,0
EUIU8743670,EUIU,874367,0
XSIU5354290,XSIU,535429,0
APEU0060598,APEU,006059,8
OYDU7821487,OYDU,782148,7
NUXU1734868,NUXU,173486,8
FWWU3801953,FWWU,380195,3
PWIU9354962,PWIU,935496,2
DIVU3499957,DIVU,349995,7
HBWU2945257,HBWU,294525,7
YNNU9360818,YNNU,936081,8
EEIU3393877,EEIU,339387,7
XWDU2158525,XWDU,215852,5
UIMU7772000,UIMU,777200,0
EVQU0765345,EVQU,076534,5
QEZU4281548,QEZU,428154,8
BLOU5659834,BLOU,565983,4
OYKU4819619,OYKU,481961,9
WEMU4233993,WEMU,423399,3
KIAU8490381,KIAU,849038,1
KMQU6192612,KMQU,619261,2
DMDU9430640,DMDU,943064,0
WOLU0444063,WOLU,044406,3
TQPU3712396,TQPU,371239,6
XCNU1170845,XCNU,117084,5
DTOU3486741,DTOU,348674,1
CCAU4670520,CCAU,467052,0
JOOU8291651,JOOU,829165,1
BAHU0364165,BAHU,036416,5
WAHU6109722,WAHU,610972,2
RWBU1909633,RWBU,190963,3
YSJU0025933,YSJU,002593,3
FDGU3869944,FDGU,386994,4
XEJU2021986,XEJU,202198,6
AASU2288955,AASU,228895,5
ADDU8089800,ADDU,808980,0
NYMU4235364,NYMU,423536,4
ZHCU1404339,ZHCU,140433,9
SYCU5832482,SYCU,583248,2
JRMU1445500,JRMU,144550,0
ADLU8433040,ADLU,843304,0
UYFU1682828,UYFU,168282,8
KKQU7963030,KKQU,796303,0
AGKU7315816,AGKU,731581,6
ICUU3769616,ICUU,376961,6
REEU6954856,REEU,695485,6
DLKU5883576,DLKU,588357,6
JIWU0688920,JIWU,068892,0
IHLU5879394,IHLU,587939,4
PVTU4567458,PVTU,456745,8
JVUU3153677,JVUU,315367,7
GLDU0119346,GLDU,011934,6
TJOU3735156,TJOU,373515,6
GGOU5422764,GGOU,542276,4
BYFU2335189,BYFU,233518,9
JQUU9535779,JQUU,953577,9
MOAU6705927,MOAU,670592,7
QIYU7584433,QIYU,758443,3
NKVU1277790,NKVU,127779,0
HHOU2053177,HHOU,205317,7
NARU1232632,NARU,123263,2
VMLU7556728,VMLU,755672,8
KAMU7150015,KAMU,715001,5
QGNU0545715,QGNU,054571,5
SWUU5703520,SWUU,570352,0
MIVU2756767,MIVU,275676,7
WPKU2390778,WPKU,239077,8
HIIU3714581,HIIU,371458,1
CPLU4278342,CPLU,427834,2
MPNU8114895,MPNU,811489,5
QJWU9485455,QJWU,948545,5
ZXJU4714212,ZXJU,471421,2
ICMU4195473,ICMU,419547,3
DFUU5765225,DFUU,576522,5
TSIU8070061,TSIU,807006,1
ENHU9533800,ENHU,953380,0
PJAU3889946,PJAU,388994,6
ILLU7110915,ILLU,711091,5
GASU9087012,GASU,908701,2
KUEU5667897,KUEU,566789,7
VUZU2826408,VUZU,282640,8
CNBU3469802,CNBU,346980,2
TRCU9787264,TRCU,978726,4
XKKU1935960,XKKU,193596,0
HGJU0858477,HGJU,085847,7
WSSU6295890,WSSU,629589,0
QMCU8750905,QMCU,875090,5
RCRU1230069,RCRU,123006,9
EYJU0904658,EYJU,090465,8
BPFU2585657,BPFU,258565,7
SQWU4553379,SQWU,455337,9
SKDU3316917,SKDU,331691,7
CKWU8889759,CKWU,888975,9
IDCU6980775,IDCU,698077,5
KWVU1485590,KWVU,148559,0
RQUU2409139,RQUU,240913,9
WKRU2030379,WKRU,203037,9
ALPU2445316,ALPU,244531,6
DYGU2994073,DYGU,299407,3
ZEJU9448040,ZEJU,944804,0
IGSU1701896,IGSU,170189,6
MYGU0642426,MYGU,064242,6
ISCU0721610,ISCU,072161,0
XOEU8054525,XOEU,805452,5
DFFU0560440,DFFU,056044,0
FVQU8513016,FVQU,851301,6
YGRU1584540,YGRU,158454,0
GIGU0517765,GIGU,051776,5
ZWZU7942288,ZWZU,794228,8
GSMU2259773,GSMU,225977,3
GZYU0499083,GZYU,049908,3
NOIU2270183,NOIU,227018,3
RUPU1005240,RUPU,100524,0
HABU5422036,HABU,542203,6
VNRU6313990,VNRU,631399,0
QSSU9563244,QSSU,956324,4
CTPU6843737,CTPU,684373,7
QKVU7623635,QKVU,762363,5
MEQU5659226,MEQU,565922,6
LOLU6834690,LOLU,683469,0
LZSU7595999,LZSU,759599,9
EDMU2186742,EDMU,218674,2
QTNU4752423,QTNU,475242,3
TVEU7510997,TVEU,751099,7
HECU7509631,HECU,750963,1
OLJU0749896,OLJU,074989,6
BTRU9144072,BTRU,914407,2
EWBU7268597,EWBU,726859,7
NSUU8420074,NSUU,842007,4
XJHU0395166,XJHU,039516,6
WGYU5610238,WGYU,561023,8
XXCU0038529,XXCU,003852,9
QQZU1422461,QQZU,142246,1
WDXU3466375,WDXU,346637,5
WVNU0728225,WVNU,072822,5
NBLU3846550,NBLU,384655,0
SHCU2178460,SHCU,217846,0
INCU6940089,INCU,694008,9
CFOU0069962,CFOU,006996,2
HULU9567655,HULU,956765,5
KDKU5483688,KDKU,548368,8
ZIEU7900799,ZIEU,790079,9
HCJU1873205,HCJU,187320,5
MGVU8979208,MGVU,897920,8
UFYU5157493,UFYU,515749,3
OGDU0594111,OGDU,059411,1
OLYU5546379,OLYU,554637,9
KEDU5312125,KEDU,531212,5
WMTU2315775,WMTU,231577,5
TIHU2092590,TIHU,209259,0
BCBU2206305,BCBU,220630,5
WHTU4941967,WHTU,494196,7
OSFU5194757,OSFU,519475,7
KEOU3419720,KEOU,341972,0
VZJU2491439,VZJU,249143,9
KPCU7831848,KPCU,783184,8
HFJU8038425,HFJU,803842,5
RTAU4417904,RTAU,441790,4
TKNU5350547,TKNU,535054,7
RDHU4423510,RDHU,442351,0
AVXU7345740,AVXU,734574,0
VXDU0295555,VXDU,029555,5
QTUU3921545,QTUU,392154,5
AHLU5026454,AHLU,502645,4
DKDU9774846,DKDU,977484,6
XEEU9317499,XEEU,931749,9
ZLRU4407874,ZLRU,440787,4
IAUU3919562,IAUU,391956,2
LPJU6840436,LPJU,684043,6
GHTU7238400,GHTU,723840,0
MREU3289075,MREU,328907,5
QVCU4235891,QVCU,423589,1
PJHU2349650,PJHU,234965,0
IUUU3954440,IUUU,395444,0
GGFU1239569,GGFU,123956,9
WZLU6452962,WZLU,645296,2
ZSIU4286911,ZSIU,428691,1
SQIU8031219,SQIU,803121,9
VXUU1111299,VXUU,111129,9
QJIU8673130,QJIU,867313,0
ENCU1896159,ENCU,189615,9
FKMU3702894,FKMU,370289,4
RZTU8574460,RZTU,857446,0
AKJU6543728,AKJU,654372,8
AKJU8368732,AKJU,836873,2
RXMU9730742,RXMU,973074,2
HYIU9319822,HYIU,931982,2
LUGU4954232,LUGU,495423,2
BHRU8954687,BHRU,895468,7
ABYU0649913,ABYU,064991,3
LFNU2297756,LFNU,229775,6
EGXU1816300,EGXU,181630,0
DGJU7863321,DGJU,786332,1
SIKU6636285,SIKU,663628,5
EOTU9884779,EOTU,988477,9
FVMU3961137,FVMU,396113,7
KENU8826093,KENU,882609,3
JWOU9867748,JWOU,986774,8
SRRU3100892,SRRU,310089,2
DHYU8044477,DHYU,804447,7
QALU1054125,QALU,105412,5
YITU8510410,YITU,851041,0
YJUU5592299,YJUU,559229,9
GUZU5337494,GUZU,533749,4
OJEU5652858,OJEU,565285,8
ZOCU8859355,ZOCU,885935,5
EEVU3041401,EEVU,304140,1
HCCU5884748,HCCU,588474,8
IIDU1739198,IIDU,173919,8
TETU8593222,TETU,859322,2
WFVU5584619,WFVU,558461,9
ERMU2464394,ERMU,246439,4
EGHU8518848,EGHU,851884,8
ZMWU4693149,ZMWU,469314,9
FBVU1197140,FBVU,119714,0
KIJU1076817,KIJU,107681,7
ADCU6200947,ADCU,620094,7
CBNU7797320,CBNU,779732,0
JDRU4484482,JDRU,448448,2
VJDU9181467,VJDU,918146,7
IWSU3202728,IWSU,320272,8
ZLOU3583986,ZLOU,358398,6
AMIU7694865,AMIU,769486,5
GOPU7465718,GOPU,746571,8
GQQU3883790,GQQU,388379,0
XXFU8300831,XXFU,830083,1
MFSU9415274,MFSU,941527,4
MKLU4169103,MKLU,416910,3
WCEU4608590,WCEU,460859,0
LYHU6333520,LYHU,633352,0
NVPU4496492,NVPU,449649,2
PIHU4648093,PIHU,464809,3
IPKU4869512,IPKU,486951,2
MEMU3494138,MEMU,349413,8
DBCU5208120,DBCU,520812,0
FKIU9095824,FKIU,909582,4
PAGU3558040,PAGU,355804,0
RBUU7868548,RBUU,786854,8
NGAU1496346,NGAU,149634,6
VMQU3635323,VMQU,363532,3
VBCU6024419,VBCU,602441,9
LZEU6152034,LZEU,615203,4
TNKU5675186,TNKU,567518,6
IOKU3868490,IOKU,386849,0
OGQU8038790,OGQU,803879,0
JYAU5917960,JYAU,591796,0
WFQU7361968,WFQU,736196,8
EWBU3323058,EWBU,332305,8
LEJU3609416,LEJU,360941,6
SQHU8589151,SQHU,858915,1
WPWU6410683,WPWU,641068,3
HEWU0711701,HEWU,071170,1
NPYU9153801,NPYU,915380,1
ASGU2555053,ASGU,255505,3
RSPU9783589,RSPU,978358,9
WLFU4660516,WLFU,466051,6
WMJU5501726,WMJU,550172,6
BUTU3974913,BUTU,397491,3
NDEU8722983,NDEU,872298,3
BAMU5631420,BAMU,563142,0
UXJU5233371,UXJU,523337,1
VIOU2511635,VIOU,251163,5
CVVU4596644,CVVU,459664,4
ULRU8643661,ULRU,864366,1
RXBU8360064,RXBU,836006,4
LRQU1045815,LRQU,104581,5
TRLU2779561,TRLU,277956,1
NBRU3885877,NBRU,388587,7
HXHU1993864,HXHU,199386,4
DPSU1679604,DPSU,167960,4
UGWU5256989,UGWU,525698,9
PITU8739542,PITU,873954,2
ZRUU6562655,ZRUU,656265,5
BGMU0149629,BGMU,014962,9
AIUU2409095,AIUU,240909,5
HHKU1548595,HHKU,154859,5
PKYU0788510,PKYU,078851,0
BVKU8720518,BVKU,872051,8
YGQU5627707,YGQU,562770,7
ACIU6342330,ACIU,634233,0
MRSU8240621,MRSU,824062,1
XDHU1861870,XDHU,186187,0
ACWU6659298,ACWU,665929,8
GMPU8818610,GMPU,881861,0
XIFU1351944,XIFU,135194,4
CVGU3883680,CVGU,388368,0
YZXU4070960,YZXU,407096,0
NXYU6232586,NXYU,623258,6
RAOU6161200,RAOU,616120,0
HTMU8023670,HTMU,802367,0
ZVKU5843786,ZVKU,584378,6
PQMU1795041,PQMU,179504,1
DNUU8912408,DNUU,891240,8
QRWU7542151,QRWU,754215,1
GRWU4925202,GRWU,492520,2
GSJU5798959,GSJU,579895,9
KYLU1475908,KYLU,147590,8
HSSU6522303,HSSU,652230,3
UNPU2232037,UNPU,223203,7
BYXU0104687,BYXU,010468,7
GZAU5877850,GZAU,587785,0
YFYU3119518,YFYU,311951,8
CGUU9269029,CGUU,926902,9
MRCU7313721,MRCU,731372,1
HIYU3573426,HIYU,357342,6
JCSU6288840,JCSU,628884,0
CWQU4053396,CWQU,405339,6
EYOU8877020,EYOU,887702,0
IOXU4149238,IOXU,414923,8
LAOU4866664,LAOU,486666,4
KTSU7163780,KTSU,716378,0
UOTU4584060,UOTU,458406,0
QOMU3826874,QOMU,382687,4
EZEU7653434,EZEU,765343,4
XCLU4406480,XCLU,440648,0
EHKU3438280,EHKU,343828,0
CICU1978064,CICU,197806,4
ULUU3537837,ULUU,353783,7
QSQU4583127,QSQU,458312,7
CLUU2061060,CLUU,206106,0
LIOU9211136,LIOU,921113,6
CNVU3630250,CNVU,363025,0
WIAU0878861,WIAU,087886,1
PMSU3367685,PMSU,336768,5
MEFU0433654,MEFU,043365,4
AIWU1173494,AIWU,117349,4
JOIU6137575,JOIU,613757,5
MYUU9979562,MYUU,997956,2
GHNU3167293,GHNU,316729,3
XQYU6315881,XQYU,631588,1
UDBU6212435,UDBU,621243,5
SNFU9843484,SNFU,984348,4
LUDU5067674,LUDU,506767,4
KNRU2084683,KNRU,208468,3
GJGU2083377,GJGU,208337,7
GPYU2751954,GPYU,275195,4
LZZU9256838,LZZU,925683,8
TECU3019181,TECU,301918,1
BWYU9849860,BWYU,984986,0
ZODU8378306,ZODU,837830,6
QEHU2561608,QEHU,256160,8
JEOU9563414,JEOU,956341,4
YKFU1839851,YKFU,183985,1
TXOU5495114,TXOU,549511,4
FUZU2908114,FUZU,290811,4
RWBU7148254,RWBU,714825,4
ZCEU8671675,ZCEU,867167,5
LRJU3237016,LRJU,323701,6
MXPU9012274,MXPU,901227,4
VJWU7074770,VJWU,707477,0
RHLU4191889,RHLU,419188,9
CXAU2902079,CXAU,290207,9
JMMU6186928,JMMU,618692,8
RSUU0597175,RSUU,059717,5
RVGU7073819,RVGU,707381,9
DUPU8297319,DUPU,829731,9
KLDU2792848,KLDU,279284,8
DAFU9795912,DAFU,979591,2
HLSU1691735,HLSU,169173,5
TIYU5002069,TIYU,500206,9
SGXU2463958,SGXU,246395,8
NOAU9690246,NOAU,969024,6
QYZU9054275,QYZU,905427,5
PXDU6994770,PXDU,699477,0
HELU8978389,HELU,897838,9
YDGU5951182,YDGU,595118,2
HVTU2731158,HVTU,273115,8
DSZU9076216,DSZU,907621,6
IQXU3468189,IQXU,346818,9
OBCU9730509,OBCU,973050,9
RNAU4389571,RNAU,438957,1
ZQPU4514160,ZQPU,451416,0
VIMU4930016,VIMU,493001,6
NJQU4245387,NJQU,424538,7
NRVU1639430,NRVU,163943,0
XSAU6708652,XSAU,670865,2
AQBU6806474,AQBU,680647,4
UXYU2731515,UXYU,273151,5
GKOU2559468,GKOU,255946,8
GHVU0196428,GHVU,019642,8
CSAU9551695,CSAU,955169,5
HYIU8572883,HYIU,857288,3
MPFU9707845,MPFU,970784,5
VVNU1613981,VVNU,161398,1
JTOU7241892,JTOU,724189,2
YFQU5433000,YFQU,543300,0
RTUU7224088,RTUU,722408,8
ZIOU6436301,ZIOU,643630,1
DYTU1572768,DYTU,157276,8
ICKU2107148,ICKU,210714,8
VSYU0394885,VSYU,039488,5
PWAU4332525,PWAU,433252,5
KDGU3360484,KDGU,336048,4
UGHU4632349,UGHU,463234,9
DPZU0860200,DPZU,086020,0
NZCU4070857,NZCU,407085,7
VXOU3364967,VXOU,336496,7
VAQU8942672,VAQU,894267,2
UGDU8284503,UGDU,828450,3
DHJU3668165,DHJU,366816,5
FOPU4313243,FOPU,431324,3
FIUU7553860,FIUU,755386,0
CFUU2880142,CFUU,288014,2
JZPU1113334,JZPU,111333,4
AYKU7546719,AYKU,754671,9
OWXU3907613,OWXU,390761,3
TLJU4619149,TLJU,461914,9
SFNU3526220,SFNU,352622,0
CHJU5282273,CHJU,528227,3
AYTU9971246,AYTU,997124,6
IARU5673327,IARU,567332,7
AORU4122444,AORU,412244,4
ENVU1297497,ENVU,129749,7
VZEU1316963,VZEU,131696,3
FPKU1972020,FPKU,197202,0
UCDU3509657,UCDU,350965,7
EOPU5518822,EOPU,551882,2
SMOU6453553,SMOU,645355,3
FELU3303360,FELU,330336,0
KQXU5762764,KQXU,576276,4
EXJU4561961,EXJU,456196,1
SEWU2454780,SEWU,245478,0
IHAU5909510,IHAU,590951,0
APPU3328224,APPU,332822,4
GZRU3221456,GZRU,322145,6
ZQVU9485326,ZQVU,948532,6
ELMU2297634,ELMU,229763,4
LGSU9422546,LGSU,942254,6
QQFU6792026,QQFU,679202,6
KVJU8278381,KVJU,827838,1
UTJU1561840,UTJU,156184,0
SDEU1922238,SDEU,192223,8
NDUU4487260,NDUU,448726,0
KREU3501540,KREU,350154,0
OSNU0288711,OSNU,028871,1
IDXU9377049,IDXU,937704,9
MSSU4119742,MSSU,411974,2
OMVU2004689,OMVU,200468,9
YBPU0303997,YBPU,030399,7
IKKU4982390,IKKU,498239,0
MWEU0545404,MWEU,054540,4
TYNU0540040,TYNU,054004,0
YWRU6657195,YWRU,665719,5
YZIU5910374,YZIU,591037,4
GRRU2924714,GRRU,292471,4
IINU9118089,IINU,911808,9
RDAU4130791,RDAU,413079,1
UOIU8828371,UOIU,882837,1
MVAU8044158,MVAU,804415,8
LPDU6064834,LPDU,606483,4
QMIU2549243,QMIU,254924,3
LGUU6162210,LGUU,616221,0
VORU3225584,VORU,322558,4
TMCU9122151,TMCU,912215,1
GOOU0870166,GOOU,087016,6
ENXU3720389,ENXU,372038,9
BCDU4388612,BCDU,438861,2
AVUU6648460,AVUU,664846,0
AOPU1944609,AOPU,194460,9
CQHU6648877,CQHU,664887,7
ZVFU9367592,ZVFU,936759,2
QRXU7632829,QRXU,763282,9
ZPMU7644035,ZPMU,764403,5
EADU9736765,EADU,973676,5
XUOU9733901,XUOU,973390,1
WYAU2452097,WYAU,245209,7
PTDU3926427,PTDU,392642,7
TRDU6952179,TRDU,695217,9
XLXU9020367,XLXU,902036,7
EVRU9763590,EVRU,976359,0
QNDU5896358,QNDU,589635,8
UXDU6141684,UXDU,614168,4
AQQU9571345,AQQU,957134,5
UOXU5967462,UOXU,596746,2
NWXU5755329,NWXU,575532,9
XBSU7694131,XBSU,769413,1
GEUU2613298,GEUU,261329,8
XGMU7467135,XGMU,746713,5
CCQU9968554,CCQU,996855,4
BQAU3670394,BQAU,367039,4
ZPXU0009113,ZPXU,000911,3
JGBU1459643,JGBU,145964,3
STTU9726272,STTU,972627,2
NBQU1162094,NBQU,116209,4
KLJU6541077,KLJU,654107,7
ODBU8709467,ODBU,870946,7
WLNU0169683,WLNU,016968,3
CKBU7135880,CKBU,713588,0
JLIU5520096,JLIU,552009,6
YLGU8899171,YLGU,889917,1
ANZU2867573,ANZU,286757,3
ZHCU3992458,ZHCU,399245,8
YKLU2147684,YKLU,214768,4
FHXU9594429,FHXU,959442,9
FMAU4479080,FMAU,447908,0
FYSU5794057,FYSU,579405,7
ECLU6059442,ECLU,605944,2
BBJU2509295,BBJU,250929,5
TBFU2872929,TBFU,287292,9
LHBU8755087,LHBU,875508,7
EIOU9801921,EIOU,980192,1
GBTU6252487,GBTU,625248,7
WFZU5270823,WFZU,527082,3
PDZU3582781,PDZU,358278,1
LHMU7285362,LHMU,728536,2
HNQU8593948,HNQU,859394,8
BITU9895206,BITU,989520,6
IOMU2961418,IOMU,296141,8
AOIU5984576,AOIU,598457,6
MROU2384057,MROU,238405,7
BGPU2065322,BGPU,206532,2
VXFU7541513,VXFU,754151,3
FDNU1888501,FDNU,188850,1
TZPU9913462,TZPU,991346,2
FOBU3471580,FOBU,347158,0
YEKU7332856,YEKU,733285,6
RORU8690429,RORU,869042,9
LCTU7504430,LCTU,750443,0
QWXU4470290,QWXU,447029,0
JKCU3684557,JKCU,368455,7
EFRU2148641,EFRU,214864,1
OXBU9836240,OXBU,983624,0
IYZU9770081,IYZU,977008,1
EVIU2243774,EVIU,224377,4
GUQU7914006,GUQU,791400,6
PXVU8664091,PXVU,866409,1
YGPU6715075,YGPU,671507,5
XUFU5918808,XUFU,591880,8
QSYU5868467,QSYU,586846,7
BVYU9001923,BVYU,900192,3
RURU5569477,RURU,556947,7
MWHU6228753,MWHU,622875,3
CLAU0940564,CLAU,094056,4
OQFU2217480,OQFU,221748,0
XEIU2057250,XEIU,205725,0
PJNU4021618,PJNU,402161,8
ZWPU9913566,ZWPU,991356,6
CKWU6992270,CKWU,699227,0
WZLU2005164,WZLU,200516,4
GLPU4404668,GLPU,440466,8
JTTU0261447,JTTU,026144,7
VNVU7889079,VNVU,788907,9
VUZU5984069,VUZU,598406,9
URSU3465638,URSU,346563,8
BXPU5361132,BXPU,536113,2
MMXU4116404,MMXU,411640,4
IFEU5431766,IFEU,543176,6
UATU6298913,UATU,629891,3
IUOU7545828,IUOU,754582,8
ICAU9522710,ICAU,952271,0
CLUU3255800,CLUU,325580,0
KQZU5025492,KQZU,502549,2
YOSU9431758,YOSU,943175,8
AAOU4016170,AAOU,401617,0
FGQU2029050,FGQU,202905,0
SESU6408280,SESU,640828,0
HMWU5035777,HMWU,503577,7
ULHU4953334,ULHU,495333,4
SLCU1826552,SLCU,182655,2
UAFU0639350,UAFU,063935,0
FBJU8876500,FBJU,887650,0
HAFU8234443,HAFU,823444,3
XSYU1708025,XSYU,170802,5
FQMU5134029,FQMU,513402,9
AMBU1357199,AMBU,135719,9
VIZU1223319,VIZU,122331,9
AKKU8176604,AKKU,817660,4
NUGU1175307,NUGU,117530,7
OCCU5131926,OCCU,513192,6
PBBU8283785,PBBU,828378,5
FJVU2701239,FJVU,270123,9
EUJU5911305,EUJU,591130,5
WRMU1691940,WRMU,169194,0
SJFU2098755,SJFU,209875,5
WYBU0113229,WYBU,011322,9
SNWU9055901,SNWU,905590,1
VYRU3188140,VYRU,318814,0
VCGU1118888,VCGU,111888,8
CRPU6051567,CRPU,605156,7
MBWU8650201,MBWU,865020,1
ORNU4606974,ORNU,460697,4
IGDU7681079,IGDU,768107,9
WEAU9886789,WEAU,988678,9
GHUU6659836,GHUU,665983,6
WVGU4725014,WVGU,472501,4
NTMU9786163,NTMU,978616,3
BCHU7096537,BCHU,709653,7
PLXU1397823,PLXU,139782,3
NZBU2563660,NZBU,256366,0
QBOU3997837,QBOU,399783,7
EFFU2280049,EFFU,228004,9
ZPUU8994206,ZPUU,899420,6
FZLU6179085,FZLU,617908,5
NOCU9029685,NOCU,902968,5
HISU8021487,HISU,802148,7
SEYU0100700,SEYU,010070,0
ONNU1877445,ONNU,187744,5
DJCU4211947,DJCU,421194,7
LGMU1996886,LGMU,199688,6
DBHU0049765,DBHU,004976,5
XBSU2682225,XBSU,268222,5
UUKU8470007,UUKU,847000,7
FMEU8532751,FMEU,853275,1
ENMU6470438,ENMU,647043,8
DRGU8106067,DRGU,810606,7
NJBU9038548,NJBU,903854,8
YKJU9597234,YKJU,959723,4
KGEU9574687,KGEU,957468,7
FFBU9769228,FFBU,976922,8
IAMU0021755,IAMU,002175,5
UEAU8887577,UEAU,888757,7
RTUU3163810,RTUU,316381,0
VTFU8414052,VTFU,841405,2
WTWU2474687,WTWU,247468,7
ULTU8677313,ULTU,867731,3
ZLRU2919341,ZLRU,291934,1
EJQU6566670,EJQU,656667,0
NTNU0131092,NTNU,013109,2
NMOU7535820,NMOU,753582,0
QZOU3057104,QZOU,305710,4
RWLU0655339,RWLU,065533,9
MXFU7093322,MXFU,709332,2
FTAU8251342,FTAU,825134,2
XHBU5182002,XHBU,518200,2
BGCU3819365,BGCU,381936,5
VAZU2351880,VAZU,235188,0
IGMU5826159,IGMU,582615,9
JYIU6247850,JYIU,624785,0
OXAU7157664,OXAU,715766,4
YKYU6141129,YKYU,614112,9
HAZU1324890,HAZU,132489,0
BXDU6906184,BXDU,690618,4
UEPU6335992,UEPU,633599,2
AUBU2948626,AUBU,294862,6
QNNU1020433,QNNU,102043,3
IQQU8841486,IQQU,884148,6
TWMU0360971,TWMU,036097,1
YVPU5061047,YVPU,506104,7
QVRU9317265,QVRU,931726,5
BZMU8484703,BZMU,848470,3
IMTU2772294,IMTU,277229,4
OUJU4535815,OUJU,453581,5
SJKU3232506,SJKU,323250,6
LRAU8017208,LRAU,801720,8
BWVU4252697,BWVU,425269,7
WWZU2676080,WWZU,267608,0
UBDU5936342,UBDU,593634,2
ZSOU2636322,ZSOU,263632,2
RZFU4000140,RZFU,400014,0
AVUU3507431,AVUU,350743,1
RCRU7683904,RCRU,768390,4
OBIU4813578,OBIU,481357,8
GJQU2641041,GJQU,264104,1
RJPU5158477,RJPU,515847,7
JRPU9883150,JRPU,988315,0
HOHU4229039,HOHU,422903,9
XNDU0874796,XNDU,087479,6
OQKU8929921,OQKU,892992,1
LEEU4532938,LEEU,453293,8
PVEU8470112,PVEU,847011,2
RAVU8979806,RAVU,897980,6
JXOU4739371,JXOU,473937,1
JAUU6351820,JAUU,635182,0
BWPU8958201,BWPU,895820,1
PDMU7481588,PDMU,748158,8
HBQU6866443,HBQU,686644,3
OKSU9453280,OKSU,945328,0
ZLAU6391295,ZLAU,639129,5
CGDU9815124,CGDU,981512,4
HETU5140621,HETU,514062,1
ADBU9181256,ADBU,918125,6
FOGU9977737,FOGU,997773,7
QWVU7096397,QWVU,709639,7
OMZU6733030,OMZU,673303,0
ASCU4576317,ASCU,457631,7
TEJU9138347,TEJU,913834,7
XUWU9063090,XUWU,906309,0
GOQU8144552,GOQU,814455,2
MHNU0070238,MHNU,007023,8
OLJU5127940,OLJU,512794,0
MVTU8152462,MVTU,815246,2
KUZU4830030,KUZU,483003,0
SHEU0966563,SHEU,096656,3
PZSU0386291,PZSU,038629,1
POMU4076855,POMU,407685,5
MKPU5271135,MKPU,527113,5
MSVU9642262,MSVU,964226,2
DOJU6731271,DOJU,673127,1
MLUU3602806,MLUU,360280,6
HKVU0700469,HKVU,070046,9
ZQNU8203765,ZQNU,820376,5
SUHU6599712,SUHU,659971,2
GYZU3704178,GYZU,370417,8
WZMU6847122,WZMU,684712,2
JVHU1518142,JVHU,151814,2
MZVU3577251,MZVU,357725,1
WNDU5042118,WNDU,504211,8
VKYU5072479,VKYU,507247,9
JFYU9009087,JFYU,900908,7
KQAU6294196,KQAU,629419,6
UXHU8188031,UXHU,818803,1
OFUU3132419,OFUU,313241,9
RFNU8642829,RFNU,864282,9
TZSU7669044,TZSU,766904,4
COIU4115591,COIU,411559,1
WYCU5427735,WYCU,542773,5
ANTU5620869,ANTU,562086,9
MTGU8925592,MTGU,892559,2
MZKU9480739,MZKU,948073,9
CDRU3895271,CDRU,389527,1
QOSU2226624,QOSU,222662,4
VYUU2168691,VYUU,216869,1
GNDU5234670,GNDU,523467,0
KCGU5266752,KCGU,526675,2
OKRU3408505,OKRU,340850,5
QUBU1232572,QUBU,123257,2
WDIU4691912,WDIU,469191,2
HDNU3122435,HDNU,312243,5
MDWU9929869,MDWU,992986,9
FOPU4693478,FOPU,469347,8
EVWU7834546,EVWU,783454,6
GSYU5227571,GSYU,522757,1
OJHU7405420,OJHU,740542,0
VMMU1115478,VMMU,111547,8
XMZU3495512,XMZU,349551,2
CSRU4653306,CSRU,465330,6
AHRU2212945,AHRU,221294,5
UIVU6036989,UIVU,603698,9
WMXU5487138,WMXU,548713,8
QRJU2530549,QRJU,253054,9
DVJU3034431,DVJU,303443,1
BWEU5745683,BWEU,574568,3
EDHU1083985,EDHU,108398,5
LSOU0546479,LSOU,054647,9
DFSU3053380,DFSU,305338,0
CDNU7071964,CDNU,707196,4
QTHU4994870,QTHU,499487,0
BJKU3137565,BJKU,313756,5
SBWU7851104,SBWU,785110,4
LCWU3361280,LCWU,336128,0
BCAU5269254,BCAU,526925,4
GZOU1943715,GZOU,194371,5
FKYU5669977,FKYU,566997,7
KQOU8500648,KQOU,850064,8
EQZU9836384,EQZU,983638,4
HREU8791970,HREU,879197,0
JAPU4743995,JAPU,474399,5
RTRU5722460,RTRU,572246,0
DZMU3332802,DZMU,333280,2
ZTUU8655241,ZTUU,865524,1
MCAU9772680,MCAU,977268,0
RCEU4190159,RCEU,419015,9
LYVU6303863,LYVU,630386,3
JAGU7929586,JAGU,792958,6
QOCU0504874,QOCU,050487,4
QBKU6791749,QBKU,679174,9
MSEU1922566,MSEU,192256,6
HVUU2714513,HVUU,271451,3
IDZU2298536,IDZU,229853,6
QOIU2168847,QOIU,216884,7
FCXU0611439,FCXU,061143,9
MFRU6988685,MFRU,698868,5
XAPU9180184,XAPU,918018,4
FYSU6397007,FYSU,639700,7
KCBU8755300,KCBU,875530,0
JQBU2794667,JQBU,279466,7
YAVU9360011,YAVU,936001,1
WKBU4700328,WKBU,470032,8
PBHU4190048,PBHU,419004,8
OUOU3305867,OUOU,330586,7
WGSU9356640,WGSU,935664,0
ZLLU5562826,ZLLU,556282,6
YJTU8150548,YJTU,815054,8
ZUAU7657597,ZUAU,765759,7
VBLU4769610,VBLU,476961,0
GAZU3310730,GAZU,331073,0
QRDU5229840,QRDU,522984,0
RCIU9273374,RCIU,927337,4
FSGU3968632,FSGU,396863,2
OQZU1654697,OQZU,165469,7
TLLU8842383,TLLU,884238,3
YNCU2192935,YNCU,219293,5
ZNQU5195770,ZNQU,519577,0
IBEU8748124,IBEU,874812,4
BJXU7955991,BJXU,795599,1
NDCU1963981,NDCU,196398,1
WDCU3448547,WDCU,344854,7
MAXU1176174,MAXU,117617,4
LMNU0237990,LMNU,023799,0
YKXU1997171,YKXU,199717,1
CWSU8225783,CWSU,822578,3
YFWU1461870,YFWU,146187,0
NMQU8924911,NMQU,892491,1
VOIU2086662,VOIU,208666,2
BWDU0068544,BWDU,006854,4
KZBU9917870,KZBU,991787,0
EULU5109348,EULU,510934,8
QQOU0973996,QQOU,097399,6
RTTU5063653,RTTU,506365,3
KMEU4821534,KMEU,482153,4
SLEU8032757,SLEU,803275,7
FFKU2345540,FFKU,234554,0
DLGU8040652,DLGU,804065,2
OSOU7814597,OSOU,781459,7
EXBU2017498,EXBU,201749,8
ILAU6333563,ILAU,633356,3
PMBU6049342,PMBU,604934,2
YFHU5718373,YFHU,571837,3
OQSU1399421,OQSU,139942,1
FJZU3360321,FJZU,336032,1
UWSU8179860,UWSU,817986,0
HGTU0309585,HGTU,030958,5
CIPU4249107,CIPU,424910,7
UIHU6984851,UIHU,698485,1
KHCU5356803,KHCU,535680,3
MAUU1287276,MAUU,128727,6
FMGU9141316,FMGU,914131,6
INIU5076385,INIU,507638,5
YASU3374184,YASU,337418,4
FUNU8477573,FUNU,847757,3
SMNU3425913,SMNU,342591,3
IFTU9508139,IFTU,950813,9
ONKU0858997,ONKU,085899,7
OIGU3807792,OIGU,380779,2
ODKU9039146,ODKU,903914,6
WAKU7614695,WAKU,761469,5
NHBU1270110,NHBU,127011,0
LTNU2695700,LTNU,269570,0
BMIU6597414,BMIU,659741,4
UGIU9592113,UGIU,959211,3
DWIU7128959,DWIU,712895,9
YKFU7554521,YKFU,755452,1
JIVU6413356,JIVU,641335,6
AJTU4062064,AJTU,406206,4
QOAU3585082,QOAU,358508,2
ENEU6586220,ENEU,658622,0
QGNU1242380,QGNU,124238,0
RGVU5846680,RGVU,584668,0
STFU4536634,STFU,453663,4
FMRU7327542,FMRU,732754,2
RBYU4530088,RBYU,453008,8
URDU1728716,URDU,172871,6
WAFU7996202,WAFU,799620,2
MWMU4604806,MWMU,460480,6
DQMU6743460,DQMU,674346,0
LFNU6873680,LFNU,687368,0
YDPU9423180,YDPU,942318,0
GKTU3803432,GKTU,380343,2
OOAU6029110,OOAU,602911,0
YIKU3021088,YIKU,302108,8
JRDU1570790,JRDU,157079,0
UXVU5437041,UXVU,543704,1
EPTU1440656,EPTU,144065,6
UIWU7913788,UIWU,791378,8
SJFU9590983,SJFU,959098,3
MQGU4112372,MQGU,411237,2
JYPU8593151,JYPU,859315,1
OEIU0757770,OEIU,075777,0
FCHU5604709,FCHU,560470,9
MIUU5267335,MIUU,526733,5
DSPU2101786,DSPU,210178,6
DOEU9674346,DOEU,967434,6
YBXU8966284,YBXU,896628,4
OXGU6511022,OXGU,651102,2
GGRU6950540,GGRU,695054,0
WEJU7855086,WEJU,785508,6
XKBU7335127,XKBU,733512,7
BSUU2612720,BSUU,261272,0
MXHU1482263,MXHU,148226,3
DLSU8382755,DLSU,838275,5
JPAU8379849,JPAU,837984,9
FCXU1017735,FCXU,101773,5
QWBU7689509,QWBU,768950,9
LFXU1584849,LFXU,158484,9
BBOU5512951,BBOU,551295,1
DAGU2545670,DAGU,254567,0
SDVU0537391,SDVU,053739,1
BZKU4486950,BZKU,448695,0
FVRU2085640,FVRU,208564,0
FWXU5884971,FWXU,588497,1
IZJU9776949,IZJU,977694,9
PRUU0271436,PRUU,027143,6
IBJU4164178,IBJU,416417,8
TVUU5114900,TVUU,511490,0
ZSBU0170379,ZSBU,017037,9
CQSU3021315,CQSU,302131,5
TWSU3193400,TWSU,319340,0
FLBU5016656,FLBU,501665,6
WRUU7198972,WRUU,719897,2
CXPU5261788,CXPU,526178,8
YHIU4459151,YHIU,445915,1
YJWU8679080,YJWU,867908,0
EJPU5862267,EJPU,586226,7
BAGU7337208,BAGU,733720,8
YRXU6928162,YRXU,692816,2
FTLU2117272,FTLU,211727,2
GRGU4377459,GRGU,437745,9
UHFU2284017,UHFU,228401,7
LUKU9741240,LUKU,974124,0
DFDU0343535,DFDU,034353,5
XTEU6095490,XTEU,609549,0
HSBU3290425,HSBU,329042,5
CIQU4518365,CIQU,451836,5
QZQU9122523,QZQU,912252,3
QCRU3922759,QCRU,392275,9
HCUU2278094,HCUU,227809,4
ZFQU3165975,ZFQU,316597,5
LDKU8924650,LDKU,892465,0
PYBU0452288,PYBU,045228,8
QJVU6987142,QJVU,698714,2
VDXU9117148,VDXU,911714,8
JGUU2034862,JGUU,203486,2
UWTU9591200,UWTU,959120,0
UIPU6148263,UIPU,614826,3
WJGU9587360,WJGU,958736,0
BAKU2841925,BAKU,284192,5
BUWU4701899,BUWU,470189,9
SBNU3756817,SBNU,375681,7
FLFU4849837,FLFU,484983,7
AUDU2366094,AUDU,236609,4
SJXU1779377,SJXU,177937,7
PKHU1783597,PKHU,178359,7
JBOU1285707,JBOU,128570,7
YJPU2074868,YJPU,207486,8
VDOU2854379,VDOU,285437,9
SSXU5217139,SSXU,521713,9
OFXU2002550,OFXU,200255,0
KEFU9851884,KEFU,985188,4
GDJU2029801,GDJU,202980,1
POHU1729635,POHU,172963,5
CXLU8928490,CXLU,892849,0
GAKU7784735,GAKU,778473,5
FLKU0670604,FLKU,067060,4
WOYU4218194,WOYU,421819,4
LEZU3993501,LEZU,399350,1
NNBU8285413,NNBU,828541,3
NQIU2963561,NQIU,296356,1
NNWU9706681,NNWU,970668,1
GDEU4983364,GDEU,498336,4
NEDU6122062,NEDU,612206,2
GAFU4190330,GAFU,419033,0
AXPU7503189,AXPU,750318,9
VVDU8226412,VVDU,822641,2
GVAU8931979,GVAU,893197,9
VQVU1385543,VQVU,138554,3
WWRU3730623,WWRU,373062,3
GEUU5645935,GEUU,564593,5
IDWU5519075,IDWU,551907,5
GFTU4032731,GFTU,403273,1
OHRU2824354,OHRU,282435,4
XRLU2893943,XRLU,289394,3
DYVU7944040,DYVU,794404,0
BTFU7138751,BTFU,713875,1
FYNU8223979,FYNU,822397,9
AIBU4408726,AIBU,440872,6
LLXU3831576,LLXU,383157,6
ATKU1386870,ATKU,138687,0
IOVU8381244,IOVU,838124,4
HYMU9786276,HYMU,978627,6
RYWU1844910,RYWU,184491,0
OQKU1919222,OQKU,191922,2
LMSU0948506,LMSU,094850,6
OOEU9385431,OOEU,938543,1
IIAU7255262,IIAU,725526,2
MOGU6736292,MOGU,673629,2
XWYU8838797,XWYU,883879,7
QMMU1669221,QMMU,166922,1
HBEU4830640,HBEU,483064,0
PGJU0134361,PGJU,013436,1
PPLU9233596,PPLU,923359,6
XXUU3000254,XXUU,300025,4
HUYU4033447,HUYU,403344,7
UPVU2889376,UPVU,288937,6
CPPU5292099,CPPU,529209,9
PEOU9332854,PEOU,933285,4
IRZU9941087,IRZU,994108,7
AIEU3277880,AIEU,327788,0
GEGU5537767,GEGU,553776,7
BMKU9680710,BMKU,968071,0
XFUU8955656,XFUU,895565,6
JNKU2690994,JNKU,269099,4
VNUU3353265,VNUU,335326,5
LCBU0845550,LCBU,084555,0
BMEU6438043,BMEU,643804,3
UKQU6228849,UKQU,622884,9
CTKU5940807,CTKU,594080,7
CUGU7750491,CUGU,775049,1
MZTU9694526,MZTU,969452,6
TAXU4778757,TAXU,477875,7
HNQU1238371,HNQU,123837,1
HGWU7670953,HGWU,767095,3
QLCU5810980,QLCU,581098,0
KOOU2253254,KOOU,225325,4
QTLU9349157,QTLU,934915,7
GGNU7268084,GGNU,726808,4
OBUU1572448,OBUU,157244,8
GTBU9378160,GTBU,937816,0
LGVU0802410,LGVU,080241,0
BFUU9614098,BFUU,961409,8
UXPU7342715,UXPU,734271,5
HTNU6039393,HTNU,603939,3
TNZU5886771,TNZU,588677,1
OWWU7287137,OWWU,728713,7
DYZU8449874,DYZU,844987,4
FRQU6267779,FRQU,626777,9
WPUU6180297,WPUU,618029,7
SWYU5793332,SWYU,579333,2
IVUU1091282,IVUU,109128,2
OLAU4319710,OLAU,431971,0
KHFU5284387,KHFU,528438,7
JBZU6274381,JBZU,627438,1
YRBU8766891,YRBU,876689,1
QWRU4031331,QWRU,403133,1
MJGU0908855,MJGU,090885,5
OPJU6974269,OPJU,697426,9
JNNU2225636,JNNU,222563,6
WNAU6932467,WNAU,693246,7
KTQU9187274,KTQU,918727,4
JZXU6134395,JZXU,613439,5
APOU3462780,APOU,346278,0
MUDU7235227,MUDU,723522,7
QWKU5926780,QWKU,592678,0
LEEU9987797,LEEU,998779,7
VDTU6397643,VDTU,639764,3
PPUU4190806,PPUU,419080,6
PRIU3374940,PRIU,337494,0
CMPU5012464,CMPU,501246,4
AFSU9871570,AFSU,987157,0
LHOU7325204,LHOU,732520,4
KWBU1852839,KWBU,185283,9
QHMU4904724,QHMU,490472,4
RJCU8849759,RJCU,884975,9
XHWU1367167,XHWU,136716,7
YWZU8038660,YWZU,803866,0
IKGU3082893,IKGU,308289,3
HJXU5647418,HJXU,564741,8
BXXU1629791,BXXU,162979,1
ZHBU1232278,ZHBU,123227,8
HLNU2093494,HLNU,209349,4
QLPU2330015,QLPU,233001,5
WDUU1610344,WDUU,161034,4
SNLU1075662,SNLU,107566,2
ZESU2247056,ZESU,224705,6
TFBU6493470,TFBU,649347,0
DALU2278826,DALU,227882,6
FWOU8233030,FWOU,823303,0
HCFU7678881,HCFU,767888,1
KUQU7754827,KUQU,775482,7
MRXU8553886,MRXU,855388,6
BWXU4544130,BWXU,454413,0
ZRLU6167262,ZRLU,616726,2
FWRU2650866,FWRU,265086,6
SUNU3028572,SUNU,302857,2
YZMU8642170,YZMU,864217,0
QSEU3480889,QSEU,348088,9
JQSU9207957,JQSU,920795,7
ATTU7562464,ATTU,756246,4
ZOEU6399242,ZOEU,639924,2
MYKU8521385,MYKU,852138,5
OWEU9016234,OWEU,901623,4
TIFU3006259,TIFU,300625,9
PTSU7802335,PTSU,780233,5
NEXU0694902,NEXU,069490,2
DLQU6999334,DLQU,699933,4
MTWU1600245,MTWU,160024,5
WMCU8030394,WMCU,803039,4
PWGU4516024,PWGU,451602,4
WEMU9411790,WEMU,941179,0
UAVU6152616,UAVU,615261,6
UABU0867356,UABU,086735,6
QIAU5565098,QIAU,556509,8
IUZU4014170,IUZU,401417,0
FWQU9584058,FWQU,958405,8
NUPU9939780,NUPU,993978,0
TINU9744099,TINU,974409,9
NQRU0168866,NQRU,016886,6
XYWU1055158,XYWU,105515,8
RISU0319222,RISU,031922,2
XPWU9300124,XPWU,930012,4
WBAU0350721,WBAU,035072,1
VNTU7699890,VNTU,769989,0
TARU7281692,TARU,728169,2
SBLU5129249,SBLU,512924,9
UGNU8263455,UGNU,826345,5
YRYU7296310,YRYU,729631,0
MRQU4833215,MRQU,483321,5
BIXU1349758,BIXU,134975,8
MFJU6879969,MFJU,687996,9
BHUU2118377,BHUU,211837,7
JMZU7414392,JMZU,741439,2
TOLU9781014,TOLU,978101,4
KAXU3864316,KAXU,386431,6
YEEU2202652,YEEU,220265,2
ZDJU8454767,ZDJU,845476,7
WJEU9434472,WJEU,943447,2
WLGU7370005,WLGU,737000,5
NNGU1869305,NNGU,186930,5
NHTU3312261,NHTU,331226,1
THHU5877542,THHU,587754,2
NMIU9423700,NMIU,942370,0
IICU0885595,IICU,088559,5
XTSU3677716,XTSU,367771,6
VUPU5852587,VUPU,585258,7
BJLU8026670,BJLU,802667,0
BOBU9795999,BOBU,979599,9
UCDU5087756,UCDU,508775,6
EETU3731263,EETU,373126,3
BDHU6091363,BDHU,609136,3
GSEU8586127,GSEU,858612,7
JKZU2698290,JKZU,269829,0
LYHU3798230,LYHU,379823,0
VSIU0128128,VSIU,012812,8
ZDVU1318060,ZDVU,131806,0
PQSU0741870,PQSU,074187,0
LBKU5265956,LBKU,526595,6
NRWU3404110,NRWU,340411,0
UYQU2005044,UYQU,200504,4
VMMU6639009,VMMU,663900,9
AKFU6373099,AKFU,637309,9
UFGU9992553,UFGU,999255,3
XZWU8166129,XZWU,816612,9
VETU2456550,VETU,245655,0
WQRU3293876,WQRU,329387,6
QIMU0116768,QIMU,011676,8
ZMEU2668083,ZMEU,266808,3
GXKU1972100,GXKU,197210,0
XDXU1244889,XDXU,124488,9
HTQU9085557,HTQU,908555,7
BHRU2220120,BHRU,222012,0
SWSU9254903,SWSU,925490,3
QUIU7213765,QUIU,721376,5
PRKU0427621,PRKU,042762,1
YCRU9196760,YCRU,919676,0
CFSU2087635,CFSU,208763,5
OZIU7340460,OZIU,734046,0
ZDGU6937997,ZDGU,693799,7
HRVU9268474,HRVU,926847,4
NJFU1605465,NJFU,160546,5
LXKU8227974,LXKU,822797,4
GVVU1193171,GVVU,119317,1
VCQU8393032,VCQU,839303,2
YWKU0232996,YWKU,023299,6
NJMU2163161,NJMU,216316,1
KRRU6384460,KRRU,638446,0
XGJU2954922,XGJU,295492,2
MFFU6882567,MFFU,688256,7
NMKU0254145,NMKU,025414,5
IBAU4322810,IBAU,432281,0
AMPU6077810,AMPU,607781,0
SPCU6632393,SPCU,663239,3
ZOUU9526532,ZOUU,952653,2
MVQU0023283,MVQU,002328,3
YNLU6345181,YNLU,634518,1
LFSU5182189,LFSU,518218,9
FTAU0278630,FTAU,027863,0
YLRU0107097,YLRU,010709,7
JBKU5639020,JBKU,563902,0
ZPLU6525188,ZPLU,652518,8
CULU8003363,CULU,800336,3
STEU1143521,STEU,114352,1
GIEU5399776,GIEU,539977,6
SULU3100540,SULU,310054,0
DSWU0453909,DSWU,045390,9
IEZU7926827,IEZU,792682,7
YWQU3596430,YWQU,359643,0
GADU1686931,GADU,168693,1
QHQU8218120,QHQU,821812,0
OJRU7221634,OJRU,722163,4
BSRU9543770,BSRU,954377,0
LIYU6369318,LIYU,636931,8
TZRU8889482,TZRU,888948,2
YJUU3184050,YJUU,318405,0
KUZU3448980,KUZU,344898,0
XMFU8472530,XMFU,847253,0
AIUU5522171,AIUU,552217,1
IHBU2473210,IHBU,247321,0
EUUU2526905,EUUU,252690,5
HUCU0616942,HUCU,061694,2
DEWU4870415,DEWU,487041,5
MILU0117725,MILU,011772,5
WTZU6040951,WTZU,604095,1
JMWU0034487,JMWU,003448,7
DJNU6239567,DJNU,623956,7
VUBU9191599,VUBU,919159,9
RYQU1866699,RYQU,186669,9
ZYYU8805398,ZYYU,880539,8
BLNU9154641,BLNU,915464,1
MDCU0174273,MDCU,017427,3
OMLU1352669,OMLU,135266,9
JHBU1442196,JHBU,144219,6
THMU0421715,THMU,042171,5
UOQU0606283,UOQU,060628,3
KVZU3338890,KVZU,333889,0
UWCU5495081,UWCU,549508,1
WGIU3620674,WGIU,362067,4
BHRU8062166,BHRU,806216,6
NTNU2381866,NTNU,238186,6
NSUU7859484,NSUU,785948,4
HKIU5947307,HKIU,594730,7
NEWU2339694,NEWU,233969,4
KBCU2535424,KBCU,253542,4
ARFU8169936,ARFU,816993,6
EYOU3062703,EYOU,306270,3
VFQU8901205,VFQU,890120,5
IBUU9190656,IBUU,919065,6
HWPU2913550,HWPU,291355,0
NTZU4912260,NTZU,491226,0
VCHU3271781,VCHU,327178,1
KPLU1936703,KPLU,193670,3
UGGU0500593,UGGU,050059,3
RUTU7340023,RUTU,734002,3
KTAU4585027,KTAU,458502,7
CTYU3751799,CTYU,375179,9
JXFU0423820,JXFU,042382,0
IXRU8156515,IXRU,815651,5
CTIU4786330,CTIU,478633,0
LPTU8557106,LPTU,855710,6
KTKU6587076,KTKU,658707,6
YMWU3422774,YMWU,342277,4
MLCU0022092,MLCU,002209,2
GAZU8244836,GAZU,824483,6
XZIU3034688,XZIU,303468,8
JEEU9368022,JEEU,936802,2
NDSU8758065,NDSU,875806,5
IYGU2838183,IYGU,283818,3
HQSU5567450,HQSU,556745,0
GNDU6180310,GNDU,618031,0
OUXU5370549,OUXU,537054,9
JXKU8558877,JXKU,855887,7
MLEU1494336,MLEU,149433,6
EAWU4754459,EAWU,475445,9
GLPU8800029,GLPU,880002,9
NWZU6288191,NWZU,628819,1
XRVU3540257,XRVU,354025,7
SBBU3730266,SBBU,373026,6
CELU1608290,CELU,160829,0
RTXU0251050,RTXU,025105,0
ATHU0091766,ATHU,009176,6
AEHU3060184,AEHU,306018,4
XOTU6025130,XOTU,602513,0
SEOU0117088,SEOU,011708,8
LEEU9637021,LEEU,963702,1
VVNU2985474,VVNU,298547,4
WNBU0907546,WNBU,090754,6
DEGU3598797,DEGU,359879,7
FXYU5905540,FXYU,590554,0
BLCU3441126,BLCU,344112,6
PCQU1460580,PCQU,146058,0
DSMU3612028,DSMU,361202,8
LZMU5703393,LZMU,570339,3
CVBU0600730,CVBU,060073,0
VPPU7187614,VPPU,718761,4
BTWU7873014,BTWU,787301,4
IRDU2048239,IRDU,204823,9
TWFU1294999,TWFU,129499,9
OMGU5708503,OMGU,570850,3
VEZU0089893,VEZU,008989,3
IWVU2350319,IWVU,235031,9
XVMU2511920,XVMU,251192,0
GLLU8913170,GLLU,891317,0
LNJU7525076,LNJU,752507,6
JOLU8634507,JOLU,863450,7
BVIU1639990,BVIU,163999,0
UUOU5627683,UUOU,562768,3
OUBU4546370,OUBU,454637,0
MYTU1592418,MYTU,159241,8
UTUU0982833,UTUU,098283,3
RKAU0756028,RKAU,075602,8
NEOU7559997,NEOU,755999,7
RPZU2565960,RPZU,256596,0
NQZU8769110,NQZU,876911,0
DUCU2015823,DUCU,201582,3
ORKU9167041,ORKU,916704,1
YPHU0240424,YPHU,024042,4
KUFU8633256,KUFU,863325,6
BRGU6379754,BRGU,637975,4
OGWU4732679,OGWU,473267,9
CODU1418889,CODU,141888,9
DHSU4423775,DHSU,442377,5
OTLU0390081,OTLU,039008,1
BOCU8710199,BOCU,871019,9
LZKU2302924,LZKU,230292,4
ETYU2133680,ETYU,213368,0
QINU5515620,QINU,551562,0
ORJU7443893,ORJU,744389,3
JNVU0851340,JNVU,085134,0
HHBU1922634,HHBU,192263,4
QQKU0351551,QQKU,035155,1
KNEU7329453,KNEU,732945,3
EBGU0310794,EBGU,031079,4
PWQU8575869,PWQU,857586,9
LRLU7288861,LRLU,728886,1
DQWU2497311,DQWU,249731,1
IKCU5592947,IKCU,559294,7
IAEU7615308,IAEU,761530,8
XBXU4839526,XBXU,483952,6
FTZU0290010,FTZU,029001,0
ZPWU8937444,ZPWU,893744,4
VPJU8475780,VPJU,847578,0
CZAU3393494,CZAU,339349,4
QLEU2011400,QLEU,201140,0
TGIU8021886,TGIU,802188,6
MBTU7584461,MBTU,758446,1
TZCU3431591,TZCU,343159,1
MVMU7777402,MVMU,777740,2
LKKU1186222,LKKU,118622,2
NHNU0759803,NHNU,075980,3
HVTU8813377,HVTU,881337,7
JNBU8030193,JNBU,803019,3
LHLU1865014,LHLU,186501,4
XLXU7488153,XLXU,748815,3
GQDU6150970,GQDU,615097,0
WWCU8312063,WWCU,831206,3
KIMU0203608,KIMU,020360,8
GWFU5555207,GWFU,555520,7
XUTU3824941,XUTU,382494,1
HXFU7749586,HXFU,774958,6
SELU4766361,SELU,476636,1
RKCU8119639,RKCU,811963,9
RGIU1818834,RGIU,181883,4
RKAU8915419,RKAU,891541,9
KUYU4883459,KUYU,488345,9
AMRU1355747,AMRU,135574,7
STXU9947862,STXU,994786,2
LTJU3487913,LTJU,348791,3
PNQU6404832,PNQU,640483,2
XNJU1060311,XNJU,106031,1
MWCU5056332,MWCU,505633,2
LTKU7447527,LTKU,744752,7
LTZU6307420,LTZU,630742,0
ZAPU0295332,ZAPU,029533,2
YKGU4922048,YKGU,492204,8
CHZU5542720,CHZU,554272,0
THHU2341601,THHU,234160,1
YKVU5575027,YKVU,557502,7
UGHU4214821,UGHU,421482,1
VLSU1598186,VLSU,159818,6
HDVU4313850,HDVU,431385,0
DBFU5267607,DBFU,526760,7
OABU8045490,OABU,804549,0
SDEU0186913,SDEU,018691,3
RYQU9364716,RYQU,936471,6
JEKU1329633,JEKU,132963,3
WIHU8868719,WIHU,886871,9
KLMU6278108,KLMU,627810,8
AZOU7969794,AZOU,796979,4
VQRU0235237,VQRU,023523,7
ZPLU7997620,ZPLU,799762,0
GWHU1945734,GWHU,194573,4
CKIU7846780,CKIU,784678,0
KXJU6647313,KXJU,664731,3
PTMU8873265,PTMU,887326,5
OLEU5945110,OLEU,594511,0
HITU3566410,HITU,356641,0
VPKU8844922,VPKU,884492,2
OTYU3823308,OTYU,382330,8
TQEU3246720,TQEU,324672,0
ILGU8321356,ILGU,832135,6
QPWU6627327,QPWU,662732,7
ZFGU8714044,ZFGU,871404,4
WOGU8496170,WOGU,849617,0
JZMU1225225,JZMU,122522,5
VHQU1458193,VHQU,145819,3
FBOU4228395,FBOU,422839,5
RMGU5386879,RMGU,538687,9
ZHUU4620080,ZHUU,462008,0
JDOU7914499,JDOU,791449,9
OMJU1835711,OMJU,183571,1
GKHU1201491,GKHU,120149,1
OOKU3162978,OOKU,316297,8
UTLU7505974,UTLU,750597,4
VMBU9801948,VMBU,980194,8
RDNU6132611,RDNU,613261,1
CDTU5120207,CDTU,512020,7
MIRU3786990,MIRU,378699,0
SISU2588140,SISU,258814,0
EBRU5924660,EBRU,592466,0
JRIU1515641,JRIU,151564,1
VYHU7408794,VYHU,740879,4
MBVU6102606,MBVU,610260,6
BAJU0326563,BAJU,032656,3
IJFU1250056,IJFU,125005,6
BHTU3853198,BHTU,385319,8
UIXU2392058,UIXU,239205,8
GXWU2567967,GXWU,256796,7
XGHU5322779,XGHU,532277,9
TYDU5067367,TYDU,506736,7
GJEU7302249,GJEU,730224,9
HERU4531481,HERU,453148,1
OLUU6158786,OLUU,615878,6
RDQU9879469,RDQU,987946,9
TSVU4947706,TSVU,494770,6
DQIU6123414,DQIU,612341,4
RDXU4865332,RDXU,486533,2
JLJU4065751,JLJU,406575,1
TUYU8668387,TUYU,866838,7
KUWU5363109,KUWU,536310,9
PVEU5576944,PVEU,557694,4
TVQU3907999,TVQU,390799,9
ROBU1032574,ROBU,103257,4
HFOU3531976,HFOU,353197,6
OQDU8419711,OQDU,841971,1
OJGU7422960,OJGU,742296,0
UQOU3792450,UQOU,379245,0
LNQU5218819,LNQU,521881,9
NCRU6469999,NCRU,646999,9
POCU6405332,POCU,640533,2
RZEU6136928,RZEU,613692,8
DWEU3864366,DWEU,386436,6
WQDU8504534,WQDU,850453,4
VYKU6719344,VYKU,671934,4
SXGU0927192,SXGU,092719,2
ALXU3231878,ALXU,323187,8
SHSU9734141,SHSU,973414,1
NGPU8383050,NGPU,838305,0
UKHU2583582,UKHU,258358,2
EKKU2725213,EKKU,272521,3
VKQU1319547,VKQU,131954,7
VZGU3881600,VZGU,388160,0
FNJU3631345,FNJU,363134,5
EVDU7856214,EVDU,785621,4
ZNKU4074124,ZNKU,407412,4
OVPU7830881,OVPU,783088,1
EUAU5580582,EUAU,558058,2
UZNU4603998,UZNU,460399,8
TYOU3260703,TYOU,326070,3
BIKU1277139,BIKU,127713,9
BSKU3621650,BSKU,362165,0
ACTU6395821,ACTU,639582,1
IOMU1503175,IOMU,150317,5
QFCU6781862,QFCU,678186,2
NVBU3562949,NVBU,356294,9
FXLU7609090,FXLU,760909,0
YIFU0251284,YIFU,025128,4
CIHU1486041,CIHU,148604,1
YDHU5955406,YDHU,595540,6
BZQU4660516,BZQU,466051,6
HLVU1417591,HLVU,141759,1
NVQU9609450,NVQU,960945,0
QGAU9528144,QGAU,952814,4
PRFU7976498,PRFU,797649,8
EWLU6855460,EWLU,685546,0
TSWU0775808,TSWU,077580,8
JSHU6706926,JSHU,670692,6
IPZU4191134,IPZU,419113,4
GGGU7462758,GGGU,746275,8
AFTU0163608,AFTU,016360,8
EJDU4677225,EJDU,467722,5
FFXU8588238,FFXU,858823,8
XMYU0443131,XMYU,044313,1
JRRU2464885,JRRU,246488,5
GAIU1472959,GAIU,147295,9
JFCU2471877,JFCU,247187,7
ZXPU9385408,ZXPU,938540,8
BSKU8394409,BSKU,839440,9
JBGU7811149,JBGU,781114,9
HZLU8016200,HZLU,801620,0
DXTU0761805,DXTU,076180,5
YQUU0964783,YQUU,096478,3
FZXU7566050,FZXU,756605,0
SQVU4687414,SQVU,468741,4
UKJU7728120,UKJU,772812,0
YHVU8121763,YHVU,812176,3
KOIU5362968,KOIU,536296,8
KSNU2220866,KSNU,222086,6
EAYU9679946,EAYU,967994,6
RGWU0452420,RGWU,045242,0
TOGU3453910,TOGU,345391,0
VLYU4066496,VLYU,406649,6
ZGXU8196080,ZGXU,819608,0
GYYU7496823,GYYU,749682,3
FPBU1464691,FPBU,146469,1
VSEU8266140,VSEU,826614,0
NLIU9008760,NLIU,900876,0
ERHU1644466,ERHU,164446,6
DQXU6153489,DQXU,615348,9
XFVU2358033,XFVU,235803,3
TSUU4556155,TSUU,455615,5
WSAU4531377,WSAU,453137,7
YNKU6368446,YNKU,636844,6
DYDU1633584,DYDU,163358,4
ZWQU6071874,ZWQU,607187,4
MWUU2508567,MWUU,250856,7
YOWU5173118,YOWU,517311,8
JLOU7485718,JLOU,748571,8
FMPU2479273,FMPU,247927,3
EUUU8035051,EUUU,803505,1
UJRU9024408,UJRU,902440,8
RHYU0600280,RHYU,060028,0
RLHU4884354,RLHU,488435,4
CNOU7573930,CNOU,757393,0
NVLU9699271,NVLU,969927,1
PJIU3554776,PJIU,355477,6
LWRU2535154,LWRU,253515,4
ATKU2818080,ATKU,281808,0
ASXU8684801,ASXU,868480,1
PFUU4246905,PFUU,424690,5
LLNU6230389,LLNU,623038,9
MDRU1814075,MDRU,181407,5
TXRU5473538,TXRU,547353,8
VBLU3442392,VBLU,344239,2
RDBU6371516,RDBU,637151,6
KETU9822197,KETU,982219,7
IESU1086366,IESU,108636,6
ZLQU1452599,ZLQU,145259,9
LSIU5690708,LSIU,569070,8
BOIU6774107,BOIU,677410,7
XFIU0395157,XFIU,039515,7
GHAU0473994,GHAU,047399,4
XRQU3665571,XRQU,366557,1
ALAU6154810,ALAU,615481,0
MNSU7087779,MNSU,708777,9
HVDU1622660,HVDU,162266,0
NZFU6395981,NZFU,639598,1
EJAU2148300,EJAU,214830,0
WMVU9953387,WMVU,995338,7
JBWU2513492,JBWU,251349,2
MQAU7707867,MQAU,770786,7
MXVU2514050,MXVU,251405,0
TPXU5224468,TPXU,522446,8
XATU7079277,XATU,707927,7
BHAU0822290,BHAU,082229,0
KBRU3874919,KBRU,387491,9
PVBU7962020,PVBU,796202,0
XOPU5555337,XOPU,555533,7
GJUU5778475,GJUU,577847,5
ULYU2399942,ULYU,239994,2
POUU7075569,POUU,707556,9
IHCU0262926,IHCU,026292,6
TEDU9004881,TEDU,900488,1
BFDU6097083,BFDU,609708,3
ZLSU1411339,ZLSU,141133,9
RQJU6971388,RQJU,697138,8
JXQU1062659,JXQU,106265,9
EEGU1989751,EEGU,198975,1
NWFU9906713,NWFU,990671,3
GRCU1945226,GRCU,194522,6
MSYU7553254,MSYU,755325,4
MPGU2159722,MPGU,215972,2
SUXU0018040,SUXU,001804,0
VBLU7420637,VBLU,742063,7
LSDU4173364,LSDU,417336,4
DAAU9323920,DAAU,932392,0
TZMU0797566,TZMU,079756,6
UWFU8798652,UWFU,879865,2
WTZU5551113,WTZU,555111,3
HPCU2318948,HPCU,231894,8
JZDU8876460,JZDU,887646,0
TXVU7919714,TXVU,791971,4
GOWU4097843,GOWU,409784,3
WQUU3319950,WQUU,331995,0
BOGU6117872,BOGU,611787,2
KOBU0971586,KOBU,097158,6
DTQU3014207,DTQU,301420,7
NVVU8899017,NVVU,889901,7
XEHU7287138,XEHU,728713,8
TPZU5368267,TPZU,536826,7
NKGU4438351,NKGU,443835,1
KACU0730201,KACU,073020,1
BSOU9668755,BSOU,966875,5
TOGU6496388,TOGU,649638,8
KFGU4872257,KFGU,487225,7
NEXU2903072,NEXU,290307,2
VTFU7637489,VTFU,763748,9
WOOU4176566,WOOU,417656,6
GZPU4138204,GZPU,413820,4
IVCU6812850,IVCU,681285,0
JIHU5250554,JIHU,525055,4
GDBU2884850,GDBU,288485,0
ZYQU9452862,ZYQU,945286,2
IXPU8602570,IXPU,860257,0
YGQU2348036,YGQU,234803,6
OWAU9581392,OWAU,958139,2
LMNU3801629,LMNU,380162,9
HZUU5430415,HZUU,543041,5
DAZU6745034,DAZU,674503,4
QINU7413463,QINU,741346,3
WGKU5283369,WGKU,528336,9
QJFU4940310,QJFU,494031,0
PNHU8659380,PNHU,865938,0
IRCU4191055,IRCU,419105,5
GNDU1910355,GNDU,191035,5
CFWU8060748,CFWU,806074,8
YMGU1909639,YMGU,190963,9
HGTU5362392,HGTU,536239,2
CIJU1154548,CIJU,115454,8
QCMU9887805,QCMU,988780,5
BHDU9537148,BHDU,953714,8
PIXU9007230,PIXU,900723,0
ZZUU5105054,ZZUU,510505,4
LMCU7903630,LMCU,790363,0
BACU6842659,BACU,684265,9
KEOU6507249,KEOU,650724,9
AWXU5200137,AWXU,520013,7
ALHU0498612,ALHU,049861,2
FRMU2574411,FRMU,257441,1
NAMU4684242,NAMU,468424,2
VEJU9822753,VEJU,982275,3
IQWU3696816,IQWU,369681,6
YNCU7770342,YNCU,777034,2
GMCU9696645,GMCU,969664,5
YFFU4734330,YFFU,473433,0
QUPU2812179,QUPU,281217,9
YPRU5729655,YPRU,572965,5
JHLU3700622,JHLU,370062,2
EPAU3588857,EPAU,358885,7
PSOU8691055,PSOU,869105,5
MLOU4585580,MLOU,458558,0
FBTU8383295,FBTU,838329,5
FFRU7281956,FFRU,728195,6
CABU8428100,CABU,842810,0
SZVU0645825,SZVU,064582,5
AFWU5711057,AFWU,571105,7
YIUU0147508,YIUU,014750,8
NSVU6510685,NSVU,651068,5
KVAU7439021,KVAU,743902,1
SEIU8760032,SEIU,876003,2
GBSU1784098,GBSU,178409,8
XBGU1575478,XBGU,157547,8
JQRU1210987,JQRU,121098,7
LWBU5762756,LWBU,576275,6
NNIU5236914,NNIU,523691,4
ZFGU2437195,ZFGU,243719,5
QEXU2503206,QEXU,250320,6
LFJU1866680,LFJU,186668,0
KFBU7347017,KFBU,734701,7
TKNU2295298,TKNU,229529,8
WPOU9841887,WPOU,984188,7
FGXU9406469,FGXU,940646,9
ZZUU8153992,ZZUU,815399,2
EHWU6850707,EHWU,685070,7
YEQU1349841,YEQU,134984,1
WAIU4229492,WAIU,422949,2
DCFU5088244,DCFU,508824,4
AKIU0044775,AKIU,004477,5
CFCU1896253,CFCU,189625,3
SKNU3313820,SKNU,331382,0
NRJU3745148,NRJU,374514,8
AXAU4582639,AXAU,458263,9
GEKU0172110,GEKU,017211,0
SZHU8939176,SZHU,893917,6
QHPU8314060,QHPU,831406,0
KLRU9135752,KLRU,913575,2
WHQU6125766,WHQU,612576,6
KDOU1051956,KDOU,105195,6
VKQU3597634,VKQU,359763,4
FIMU9763810,FIMU,976381,0
CZKU2013769,CZKU,201376,9
TGHU4792330,TGHU,479233,0
VPKU8107782,VPKU,810778,2
NUUU2742800,NUUU,274280,0
IWNU9811298,IWNU,981129,8
EOUU9397100,EOUU,939710,0
TETU2080032,TETU,208003,2
XRDU2312516,XRDU,231251,6
BUFU8593290,BUFU,859329,0
FSXU4861490,FSXU,486149,0
BHJU3220060,BHJU,322006,0
RQCU1726525,RQCU,172652,5
RGPU3884921,RGPU,388492,1
WULU5555029,WULU,555502,9
LFGU3376824,LFGU,337682,4
IBDU8330640,IBDU,833064,0
YMTU1250460,YMTU,125046,0
HXTU1880818,HXTU,188081,8
SBTU9945825,SBTU,994582,5
RPUU4661739,RPUU,466173,9
UJFU7908634,UJFU,790863,4
MQPU3815079,MQPU,381507,9
GCLU8998143,GCLU,899814,3
DOSU3484868,DOSU,348486,8
XXQU9531757,XXQU,953175,7
DBSU2183020,DBSU,218302,0
TWPU4217770,TWPU,421777,0
UMHU4148297,UMHU,414829,7
ERJU2378579,ERJU,237857,9
MARU6379076,MARU,637907,6
AYXU1019588,AYXU,101958,8
ONGU2867864,ONGU,286786,4
AXOU1406402,AXOU,140640,2
OWCU3158234,OWCU,315823,4
SHBU4836593,SHBU,483659,3
NLAU4392285,NLAU,439228,5
FVOU5635498,FVOU,563549,8
JQEU5362360,JQEU,536236,0
XMCU5440760,XMCU,544076,0
MNEU1712719,MNEU,171271,9
AMMU1922586,AMMU,192258,6
XDCU3802029,XDCU,380202,9
TSGU9194080,TSGU,919408,0
MFEU7298343,MFEU,729834,3
FYTU8177772,FYTU,817777,2
RRXU5821721,RRXU,582172,1
OYIU9897350,OYIU,989735,0
QYBU7618730,QYBU,761873,0
IXJU1403138,IXJU,140313,8
CUMU7074176,CUMU,707417,6
DXEU2419671,DXEU,241967,1
ORFU4413123,ORFU,441312,3
OYZU7103234,OYZU,710323,4
VGDU6152618,VGDU,615261,8
JVRU3836841,JVRU,383684,1
OVFU6029902,OVFU,602990,2
TLPU2076285,TLPU,207628,5
DDEU1759131,DDEU,175913,1
FQQU7334777,FQQU,733477,7
PFBU4095581,PFBU,409558,1
PBXU5937391,PBXU,593739,1
JNBU4395608,JNBU,439560,8
ULTU5355252,ULTU,535525,2
NJVU0068691,NJVU,006869,1
STXU7913307,STXU,791330,7
CGZU3454309,CGZU,345430,9
EDHU9877169,EDHU,987716,9
YODU2710290,YODU,271029,0
IBLU2496620,IBLU,249662,0
VGJU6217407,VGJU,621740,7
MAUU8264647,MAUU,826464,7
JLSU2114719,JLSU,211471,9
IJCU1592470,IJCU,159247,0
VSPU2693868,VSPU,269386,8
ZZSU4622179,ZZSU,462217,9
YWUU5100647,YWUU,510064,7
BVMU8114213,BVMU,811421,3
OTYU3916000,OTYU,391600,0
DGXU8480140,DGXU,848014,0
YAQU9309276,YAQU,930927,6
ARGU5617331,ARGU,561733,1
EOBU5562688,EOBU,556268,8
BEQU3244955,BEQU,324495,5
WUZU4149800,WUZU,414980,0
FELU9602748,FELU,960274,8
OTKU5203695,OTKU,520369,5
OEGU3722580,OEGU,372258,0
SNWU3250310,SNWU,325031,0
EWYU0191067,EWYU,019106,7
EIEU8992612,EIEU,899261,2
NVOU1263338,NVOU,126333,8
XZKU3800219,XZKU,380021,9
TAOU3977043,TAOU,397704,3
PUPU9727782,PUPU,972778,2
IWMU0814570,IWMU,081457,0
PQBU1724152,PQBU,172415,2
SXMU2121030,SXMU,212103,0
ABGU5908043,ABGU,590804,3
IJFU2221833,IJFU,222183,3
GKMU6403394,GKMU,640339,4
GIYU8305596,GIYU,830559,6
HBBU4196494,HBBU,419649,4
ZFYU0611783,ZFYU,061178,3
YKSU5149080,YKSU,514908,0
XTIU0716146,XTIU,071614,6
RWCU3537360,RWCU,353736,0
QGZU4344721,QGZU,434472,1
RVSU9426044,RVSU,942604,4
RRZU8098634,RRZU,809863,4
NSDU7884218,NSDU,788421,8
BQFU8529673,BQFU,852967,3
RHDU1705929,RHDU,170592,9
VONU7425077,VONU,742507,7
IHLU2364646,IHLU,236464,6
DMOU7188742,DMOU,718874,2
JTUU0075533,JTUU,007553,3
LWMU3636480,LWMU,363648,0
UATU0617715,UATU,061771,5
TIZU9487193,TIZU,948719,3
RXVU8437211,RXVU,843721,1
BJBU7138588,BJBU,713858,8
FKDU4126499,FKDU,412649,9
AJOU0347414,AJOU,034741,4
VQTU5622560,VQTU,562256,0
ILIU9308680,ILIU,930868,0
PSAU6168556,PSAU,616855,6
TJZU2279081,TJZU,227908,1
YIEU3825490,YIEU,382549,0
AIHU5519069,AIHU,551906,9
SRYU5405570,SRYU,540557,0
YZPU8594387,YZPU,859438,7
DGSU5982863,DGSU,598286,3
ZNUU9214701,ZNUU,921470,1
BJDU7972601,BJDU,797260,1
LUMU3111162,LUMU,311116,2
WTMU3856832,WTMU,385683,2
KWRU0854335,KWRU,085433,5
MFTU4212410,MFTU,421241,0
MILU1000625,MILU,100062,5
MXUU6943097,MXUU,694309,7
WGOU2281062,WGOU,228106,2
CAWU4143247,CAWU,414324,7
QYKU1014295,QYKU,101429,5
DFXU3395189,DFXU,339518,9
AAZU9690121,AAZU,969012,1
KHRU8104193,KHRU,810419,3
NQEU8424840,NQEU,842484,0
BSFU4421745,BSFU,442174,5
CJYU4219604,CJYU,421960,4
DUEU0651593,DUEU,065159,3
XVTU9414927,XVTU,941492,7
RQJU5216145,RQJU,521614,5
OFFU5372534,OFFU,537253,4
SIIU6454832,SIIU,645483,2
KCBU5488330,KCBU,548833,0
DTVU9158440,DTVU,915844,0
GKIU2322444,GKIU,232244,4
JTNU1262071,JTNU,126207,1
WDJU4036370,WDJU,403637,0
BNLU9864228,BNLU,986422,8
RRCU5070566,RRCU,507056,6
SJRU5889145,SJRU,588914,5
STEU7713600,STEU,771360,0
LZTU3445490,LZTU,344549,0
VTZU1537707,VTZU,153770,7
ULYU0061895,ULYU,006189,5
QDWU4176010,QDWU,417601,0
UNMU4669576,UNMU,466957,6
FCRU5166691,FCRU,516669,1
GUTU2027720,GUTU,202772,0
BOXU3428709,BOXU,342870,9
ZBWU3048874,ZBWU,304887,4
AUMU9045209,AUMU,904520,9
UYCU0443941,UYCU,044394,1
KAUU7719163,KAUU,771916,3
TRXU0615653,TRXU,061565,3
WSLU7079735,WSLU,707973,5
PXTU3784196,PXTU,378419,6
XSMU9487730,XSMU,948773,0
CGPU3290479,CGPU,329047,9
DGOU9378585,DGOU,937858,5
LVAU4907603,LVAU,490760,3
NOJU2883574,NOJU,288357,4
KIAU1728312,KIAU,172831,2
XAEU3873320,XAEU,387332,0
TBEU8953330,TBEU,895333,0
INCU9605910,INCU,960591,0
IGGU2579830,IGGU,257983,0
ASXU7613505,ASXU,761350,5
PSLU9718340,PSLU,971834,0
BBSU9929059,BBSU,992905,9
XBCU3535546,XBCU,353554,6
CYQU9688454,CYQU,968845,4
GJCU6092114,GJCU,609211,4
VCCU6401031,VCCU,640103,1
GRYU8301460,GRYU,830146,0
JOLU7855904,JOLU,785590,4
IWDU6401685,IWDU,640168,5
FTFU7052271,FTFU,705227,1
VGRU1498726,VGRU,149872,6
CYYU0165809,CYYU,016580,9
HKHU0422992,HKHU,042299,2
OEMU9875703,OEMU,987570,3
HKZU1481740,HKZU,148174,0
ZORU0756960,ZORU,075696,0
MCYU4070837,MCYU,407083,7
HIHU4656300,HIHU,465630,0
FYGU1429824,FYGU,142982,4
MRSU4367979,MRSU,436797,9
HKPU3230430,HKPU,323043,0
YFIU2508891,YFIU,250889,1
ZQFU2576434,ZQFU,257643,4
ZWCU5821265,ZWCU,582126,5
ADNU0931228,ADNU,093122,8
ZBQU1247697,ZBQU,124769,7
YWRU3592911,YWRU,359291,1
BGBU2947901,BGBU,294790,1
LLFU8622811,LLFU,862281,1
IYKU5375955,IYKU,537595,5
AKOU5636561,AKOU,563656,1
QAWU9293428,QAWU,929342,8
BXZU6377540,BXZU,637754,0
GQDU4618466,GQDU,461846,6
FIGU4254347,FIGU,425434,7
ICEU5917881,ICEU,591788,1
MRKU3925414,MRKU,392541,4
CJVU8078695,CJVU,807869,5
GCGU2370693,GCGU,237069,3
XBXU3309666,XBXU,330966,6
WHDU7424610,WHDU,742461,0
DSLU8081297,DSLU,808129,7
KKFU3705380,KKFU,370538,0
MEKU8756163,MEKU,875616,3
EPEU3016340,EPEU,301634,0
RFEU9243534,RFEU,924353,4
FPDU6223020,FPDU,622302,0
CTYU4588032,CTYU,458803,2
TFHU0271292,TFHU,027129,2
FSPU0039229,FSPU,003922,9
ZNEU1749840,ZNEU,174984,0
MRKU0414241,MRKU,041424,1
UQKU8230740,UQKU,823074,0
LYUU7855849,LYUU,785584,9
OWLU8141499,OWLU,814149,9
KAFU0010096,KAFU,001009,6
KNUU6433130,KNUU,643313,0
DXSU4502141,DXSU,450214,1
NRAU9832114,NRAU,983211,4
FBGU7684267,FBGU,768426,7
AGIU4123155,AGIU,412315,5
CIIU7717012,CIIU,771701,2
JRCU3488522,JRCU,348852,2
PBTU0351352,PBTU,035135,2
VMNU4480251,VMNU,448025,1
ICUU7375204,ICUU,737520,4
NLWU1509764,NLWU,150976,4
HRAU4618660,HRAU,461866,0
TPYU3484475,TPYU,348447,5
IOOU4888036,IOOU,488803,6
YHQU7471404,YHQU,747140,4
AZVU9267590,AZVU,926759,0
NIUU3048051,NIUU,304805,1
TZUU9904767,TZUU,990476,7
ZVNU2036574,ZVNU,203657,4
DVVU8892310,DVVU,889231,0
LELU6960739,LELU,696073,9
YVRU0085491,YVRU,008549,1
WUQU4647561,WUQU,464756,1
UWTU3358085,UWTU,335808,5
WRMU9217922,WRMU,921792,2
MQNU5315060,MQNU,531506,0
JRSU2489125,JRSU,248912,5
FPCU2034596,FPCU,203459,6
CBUU5281557,CBUU,528155,7
GXEU2521140,GXEU,252114,0
BOJU9109531,BOJU,910953,1
SOSU2890466,SOSU,289046,6
AYKU4837916,AYKU,483791,6
SGJU4273964,SGJU,427396,4
ENHU6790358,ENHU,679035,8
OWUU8884780,OWUU,888478,0
JTZU6974482,JTZU,697448,2
RVAU0229801,RVAU,022980,1
HTHU7770093,HTHU,777009,3
EZOU5149363,EZOU,514936,3
UWBU0060349,UWBU,006034,9
WDTU1422718,WDTU,142271,8
BTLU4587667,BTLU,458766,7
ISXU5315705,ISXU,531570,5
IFBU6458987,IFBU,645898,7
UEOU5564310,UEOU,556431,0
RUIU9659546,RUIU,965954,6
CMFU7562752,CMFU,756275,2
SBQU2024200,SBQU,202420,0
WDXU6090640,WDXU,609064,0
EDTU3620648,EDTU,362064,8
YBDU6244410,YBDU,624441,0
PWWU9777005,PWWU,977700,5
ETJU6381173,ETJU,638117,3
NYTU2370817,NYTU,237081,7
CMXU8038531,CMXU,803853,1
OFYU5910512,OFYU,591051,2
UBXU8892870,UBXU,889287,0
YDNU6731556,YDNU,673155,6
PFBU1200030,PFBU,120003,0
NVPU9180697,NVPU,918069,7
COKU1568626,COKU,156862,6
PARU8881996,PARU,888199,6
EZRU7320666,EZRU,732066,6
YPOU4911725,YPOU,491172,5
CKMU6818592,CKMU,681859,2
IELU1530330,IELU,153033,0
IDSU1628974,IDSU,162897,4
JEJU2956742,JEJU,295674,2
SXUU6615112,SXUU,661511,2
UBOU3151550,UBOU,315155,0
ROBU6730900,ROBU,673090,0
LPXU8983650,LPXU,898365,0
WJQU8485446,WJQU,848544,6
DNOU8162425,DNOU,816242,5
ZEMU2045095,ZEMU,204509,5
UUQU9451239,UUQU,945123,9
SKDU4678628,SKDU,467862,8
ZTVU4265242,ZTVU,426524,2
COPU8316130,COPU,831613,0
AVKU9196548,AVKU,919654,8
SSJU1992124,SSJU,199212,4
USBU3505866,USBU,350586,6
FLUU8934431,FLUU,893443,1
IUDU0690707,IUDU,069070,7
GIYU8841829,GIYU,884182,9
HPCU9998195,HPCU,999819,5
HPBU4676607,HPBU,467660,7
QSVU0780460,QSVU,078046,0
CRIU4714701,CRIU,471470,1
SSZU1118731,SSZU,111873,1
SWMU8094394,SWMU,809439,4
RZBU2411445,RZBU,241144,5
FWOU1118652,FWOU,111865,2
BOOU7645373,BOOU,764537,3
QPVU8043381,QPVU,804338,1
WVZU9051913,WVZU,905191,3
HYZU3109155,HYZU,310915,5
MMIU4370823,MMIU,437082,3
XLUU7841841,XLUU,784184,1
VUVU4215316,VUVU,421531,6
FCJU9204056,FCJU,920405,6
FLMU8515117,FLMU,851511,7
JBUU2850949,JBUU,285094,9
VUWU0750405,VUWU,075040,5
FQJU8336179,FQJU,833617,9
SPIU7015464,SPIU,701546,4
MFCU6863777,MFCU,686377,7
OJFU0598790,OJFU,059879,0
JSAU2954798,JSAU,295479,8
JIHU3417323,JIHU,341732,3
RFFU0026336,RFFU,002633,6
GLMU2109370,GLMU,210937,0
PHPU3430805,PHPU,343080,5
MTKU2796065,MTKU,279606,5
GRFU0828566,GRFU,082856,6
ITZU8508287,ITZU,850828,7
KZUU1383724,KZUU,138372,4
MEQU0242306,MEQU,024230,6
RXSU9147676,RXSU,914767,6
IOZU0481318,IOZU,048131,8
LXQU7208044,LXQU,720804,4
HGIU9765371,HGIU,976537,1
IXYU0811693,IXYU,081169,3
RSGU0806959,RSGU,080695,9
UOHU3801899,UOHU,380189,9
HQWU5714538,HQWU,571453,8
LUIU3764261,LUIU,376426,1
JSRU5556272,JSRU,555627,2
BRKU4254372,BRKU,425437,2
ERMU4062711,ERMU,406271,1
LQHU3492115,LQHU,349211,5
LUGU4096684,LUGU,409668,4
QVOU3721659,QVOU,372165,9
YFQU7517899,YFQU,751789,9
KNOU2022891,KNOU,202289,1
OHFU0407544,OHFU,040754,4
PWYU5656759,PWYU,565675,9
OUWU9627375,OUWU,962737,5
SMZU3707004,SMZU,370700,4
WVDU0958948,WVDU,095894,8
CQSU5024421,CQSU,502442,1
UBMU0650476,UBMU,065047,6
EUSU7200283,EUSU,720028,3
MTHU9120826,MTHU,912082,6
RGZU4246095,RGZU,424609,5
MLPU7225282,MLPU,722528,2
PLXU5550740,PLXU,555074,0
FUTU5203462,FUTU,520346,2
LTKU9350942,LTKU,935094,2
SWXU9811045,SWXU,981104,5
UQXU8431348,UQXU,843134,8
CUAU2398058,CUAU,239805,8
ASSU7868485,ASSU,786848,5
VIBU1749320,VIBU,174932,0
FRIU9447370,FRIU,944737,0
JVEU6410340,JVEU,641034,0
HQTU4410325,HQTU,441032,5
TQYU1347897,TQYU,134789,7
EBCU9381602,EBCU,938160,2
SQXU3079016,SQXU,307901,6
OMMU1010119,OMMU,101011,9
PULU7370120,PULU,737012,0
CQHU4085250,CQHU,408525,0
EFPU1409168,EFPU,140916,8
WHVU7428162,WHVU,742816,2
UKOU8789862,UKOU,878986,2
MBTU3706031,MBTU,370603,1
YQZU1450097,YQZU,145009,7
SQUU0939315,SQUU,093931,5
WKCU1607107,WKCU,160710,7
NOVU8559162,NOVU,855916,2
ITHU2147395,ITHU,214739,5
MQGU5554743,MQGU,555474,3
MTOU6200510,MTOU,620051,0
SDUU3682436,SDUU,368243,6
UMMU4363537,UMMU,436353,7
IGXU1300766,IGXU,130076,6
EQXU9002933,EQXU,900293,3
JLAU0620269,JLAU,062026,9
DBPU5012946,DBPU,501294,6
MHPU7329293,MHPU,732929,3
FFKU5587146,FFKU,558714,6
AVQU8703242,AVQU,870324,2
WWJU7817729,WWJU,781772,9
XIEU9242458,XIEU,924245,8
TMYU5483831,TMYU,548383,1
ROFU3065400,ROFU,306540,0
ZHOU3165396,ZHOU,316539,6
ORCU0886195,ORCU,088619,5
ZZUU3013806,ZZUU,301380,6
LYDU7060338,LYDU,706033,8
PAXU9002227,PAXU,900222,7
MSNU2926367,MSNU,292636,7
TDVU4478261,TDVU,447826,1
XJPU7662436,XJPU,766243,6
ZXKU3464508,ZXKU,346450,8
AAJU0804911,AAJU,080491,1
HHSU1380288,HHSU,138028,8
TUAU9140333,TUAU,914033,3
DYOU8093049,DYOU,809304,9
KJOU8077887,KJOU,807788,7
QJFU0383685,QJFU,038368,5
YLYU1181415,YLYU,118141,5
OUYU8060140,OUYU,806014,0
CFGU0138612,CFGU,013861,2
VVGU3871219,VVGU,387121,9
DMJU7298706,DMJU,729870,6
BGTU1363775,BGTU,136377,5
ZLBU8379850,ZLBU,837985,0
IYAU6080516,IYAU,608051,6
PWVU1286043,PWVU,128604,3
GNBU6176674,GNBU,617667,4
YEVU0097876,YEVU,009787,6
QBTU9464263,QBTU,946426,3
EMYU7561688,EMYU,756168,8
UIUU6940392,UIUU,694039,2
JYKU2341818,JYKU,234181,8
UYGU9880675,UYGU,988067,5
BWAU7002333,BWAU,700233,3
NMMU9118032,NMMU,911803,2
PRAU6492835,PRAU,649283,5
HILU7071301,HILU,707130,1
XVHU4172741,XVHU,417274,1
ZGFU7576099,ZGFU,757609,9
URVU9527942,URVU,952794,2
PJHU9940068,PJHU,994006,8
QONU1705244,QONU,170524,4
LIKU0162177,LIKU,016217,7
NQDU7208170,NQDU,720817,0
CTZU6664897,CTZU,666489,7
IZBU6648360,IZBU,664836,0
PWWU1394566,PWWU,139456,6
WXQU4792253,WXQU,479225,3
IJOU9798295,IJOU,979829,5
RLYU5411904,RLYU,541190,4
ZZEU6869380,ZZEU,686938,0
TEJU9316520,TEJU,931652,0
GQKU6402764,GQKU,640276,4
WQPU7537340,WQPU,753734,0
IBTU0076931,IBTU,007693,1
ECLU1242168,ECLU,124216,8
YHKU4286460,YHKU,428646,0
XHUU9706076,XHUU,970607,6
MQHU5361389,MQHU,536138,9
KNIU4300403,KNIU,430040,3
YFSU3771011,YFSU,377101,1
BTYU9379395,BTYU,937939,5
TSGU7751037,TSGU,775103,7
VRPU6973504,VRPU,697350,4
EQRU4303395,EQRU,430339,5
ENQU9366782,ENQU,936678,2
BYLU8394902,BYLU,839490,2
VKOU7699283,VKOU,769928,3
SCCU8082916,SCCU,808291,6
PELU7554933,PELU,755493,3
JDGU5085930,JDGU,508593,0
IUWU1491795,IUWU,149179,5
XBTU4755411,XBTU,475541,1
HSBU5953147,HSBU,595314,7
SHDU4097680,SHDU,409768,0
JWIU8847905,JWIU,884790,5
DAOU8541381,DAOU,854138,1
VASU1223653,VASU,122365,3
LJTU0647495,LJTU,064749,5
AQDU9874314,AQDU,987431,4
OJJU6302488,OJJU,630248,8
XTAU2988393,XTAU,298839,3
ITVU9414296,ITVU,941429,6
UVCU6042283,UVCU,604228,3
UWHU4732192,UWHU,473219,2
CVSU9820053,CVSU,982005,3
YDDU9675477,YDDU,967547,7
FOCU9206397,FOCU,920639,7
WROU0005811,WROU,000581,1
IUXU8676198,IUXU,867619,8
VYLU8196297,VYLU,819629,7
EQSU7594240,EQSU,759424,0
GYXU1814409,GYXU,181440,9
TOGU3192550,TOGU,319255,0
JQEU7421306,JQEU,742130,6
XJHU5772940,XJHU,577294,0
OHAU9732991,OHAU,973299,1
QSSU1498250,QSSU,149825,0
RSIU9235539,RSIU,923553,9
YVSU8943646,YVSU,894364,6
QXIU9199977,QXIU,919997,7
KWUU0131487,KWUU,013148,7
UAKU3424420,UAKU,342442,0
WVCU2031956,WVCU,203195,6
KDHU8587509,KDHU,858750,9
QPMU1649391,QPMU,164939,1
RNSU6542804,RNSU,654280,4
HFWU8674268,HFWU,867426,8
ZAPU1392548,ZAPU,139254,8
RPJU5240833,RPJU,524083,3
CGIU9995934,CGIU,999593,4
FPKU5564264,FPKU,556426,4
NXGU1008776,NXGU,100877,6
SFXU5718665,SFXU,571866,5
YRTU0747180,YRTU,074718,0
TGRU8204369,TGRU,820436,9
SPSU4839486,SPSU,483948,6
HYXU4868009,HYXU,486800,9
RACU7456996,RACU,745699,6
AUQU6343082,AUQU,634308,2
TZVU6908848,TZVU,690884,8
HIWU9405274,HIWU,940527,4
SMBU6214394,SMBU,621439,4
QJUU0569868,QJUU,056986,8
YQNU6164550,YQNU,616455,0
AMGU0767880,AMGU,076788,0
TCTU5144923,TCTU,514492,3
HHZU2715404,HHZU,271540,4
AZEU5012782,AZEU,501278,2
QZXU6222087,QZXU,622208,7
JFRU4194023,JFRU,419402,3
ELQU9870233,ELQU,987023,3
VFKU0759444,VFKU,075944,4
DUYU1536491,DUYU,153649,1
PNQU0793932,PNQU,079393,2
MFVU6689677,MFVU,668967,7
FHRU9710288,FHRU,971028,8
ZEKU0860702,ZEKU,086070,2
VWAU0529214,VWAU,052921,4
ROBU2921323,ROBU,292132,3
JRBU3495615,JRBU,349561,5
PSZU6488588,PSZU,648858,8
QRIU7024663,QRIU,702466,3
WGRU0249437,WGRU,024943,7
CTNU4424708,CTNU,442470,8
QVFU1188610,QVFU,118861,0
TWOU7921475,TWOU,792147,5
UWXU3535722,UWXU,353572,2
UTRU7577600,UTRU,757760,0
LGTU8255068,LGTU,825506,8
WCYU3826093,WCYU,382609,3
OULU3792701,OULU,379270,1
LHSU2990401,LHSU,299040,1
YCMU4561394,YCMU,456139,4
FJBU8420497,FJBU,842049,7
JLAU4364118,JLAU,436411,8
AHRU1484548,AHRU,148454,8
KVFU5311305,KVFU,531130,5
JISU4728771,JISU,472877,1
EMIU0653745,EMIU,065374,5
DWTU8820760,DWTU,882076,0
LTGU1031076,LTGU,103107,6
QGMU3233907,QGMU,323390,7
RPPU6048040,RPPU,604804,0
GXMU3106002,GXMU,310600,2
FZCU8964666,FZCU,896466,6
QKGU3603705,QKGU,360370,5
KBGU2281073,KBGU,228107,3
QBTU5485252,QBTU,548525,2
ZMMU7154074,ZMMU,715407,4
RZKU7476117,RZKU,747611,7
ULJU6046108,ULJU,604610,8
BLKU1676326,BLKU,167632,6
WGCU6677368,WGCU,667736,8
MMKU8567037,MMKU,856703,7
IVLU3081819,IVLU,308181,9
XCIU3862922,XCIU,386292,2
FEFU4044442,FEFU,404444,2
AHEU0729990,AHEU,072999,0
GPHU7856199,GPHU,785619,9
ZDSU5639721,ZDSU,563972,1
HLNU7973321,HLNU,797332,1
XSGU2183026,XSGU,218302,6
AAOU9920827,AAOU,992082,7
FOHU7468971,FOHU,746897,1
RIUU8814127,RIUU,881412,7
DCKU7777169,DCKU,777716,9
YBSU5772832,YBSU,577283,2
FHFU6176084,FHFU,617608,4
FRUU6517960,FRUU,651796,0
UQNU2319705,UQNU,231970,5
BEXU8222238,BEXU,822223,8
AFBU5048038,AFBU,504803,8
QPSU8284893,QPSU,828489,3
KRYU9591562,KRYU,959156,2
BYDU5386264,BYDU,538626,4
SXGU3778805,SXGU,377880,5
ZSXU2357833,ZSXU,235783,3
FHNU5057782,FHNU,505778,2
WSZU7840411,WSZU,784041,1
IFNU0971921,IFNU,097192,1
BJGU1765573,BJGU,176557,3
NFUU4394433,NFUU,439443,3
GVTU5154260,GVTU,515426,0
SHLU5154598,SHLU,515459,8
XMYU6713358,XMYU,671335,8
AFIU0794955,AFIU,079495,5
ENZU5944045,ENZU,594404,5
XLSU0332779,XLSU,033277,9
VFBU9435422,VFBU,943542,2
ZINU7373879,ZINU,737387,9
VRZU0009996,VRZU,000999,6
CJWU7575392,CJWU,757539,2
BNYU7172685,BNYU,717268,5
GMNU2223460,GMNU,222346,0
XBUU3450031,XBUU,345003,1
KDOU6602373,KDOU,660237,3
ZUMU3008179,ZUMU,300817,9
CTIU7404880,CTIU,740488,0
EEOU9564859,EEOU,956485,9
YZDU4892874,YZDU,489287,4
GOJU3007440,GOJU,300744,0
XTYU0828970,XTYU,082897,0
ZEHU9962242,ZEHU,996224,2
MFIU9361429,MFIU,936142,9
EZFU7140625,EZFU,714062,5
LAUU5236194,LAUU,523619,4
JWAU0608917,JWAU,060891,7
AGXU4870126,AGXU,487012,6
WPUU8215772,WPUU,821577,2
NZBU8478648,NZBU,847864,8
DBUU4696837,DBUU,469683,7
RRJU4449930,RRJU,444993,0
XQZU4015960,XQZU,401596,0
YPDU7990534,YPDU,799053,4
UFFU3390534,UFFU,339053,4
INEU6132339,INEU,613233,9
CZFU0969438,CZFU,096943,8
NYLU3992858,NYLU,399285,8
KICU1147807,KICU,114780,7
LLPU9903264,LLPU,990326,4
YGHU4988139,YGHU,498813,9
IWAU4061581,IWAU,406158,1
RDYU2585470,RDYU,258547,0
HMDU3227922,HMDU,322792,2
VAZU9738000,VAZU,973800,0
UWCU6076536,UWCU,607653,6
EAKU3979803,EAKU,397980,3
PCDU5379199,PCDU,537919,9
SPAU7278853,SPAU,727885,3
QNIU3470192,QNIU,347019,2
KIUU6709110,KIUU,670911,0
GRRU5685948,GRRU,568594,8
AGEU8585389,AGEU,858538,9
PLHU7139040,PLHU,713904,0
VOZU3128519,VOZU,312851,9
EJQU1911367,EJQU,191136,7
JVPU0827495,JVPU,082749,5
MEZU6910564,MEZU,691056,4
ATFU1356266,ATFU,135626,6
ENKU1041321,ENKU,104132,1
PLJU1082514,PLJU,108251,4
RDGU8573047,RDGU,857304,7
ACFU8632949,ACFU,863294,9
EZCU7570081,EZCU,757008,1
VFUU0295385,VFUU,029538,5
BNYU2775710,BNYU,277571,0
QEPU6501169,QEPU,650116,9
XJAU8614148,XJAU,861414,8
AIJU0393669,AIJU,039366,9
WCEU5672335,WCEU,567233,5
HMZU0095711,HMZU,009571,1
BMHU2854104,BMHU,285410,4
ZTMU4212605,ZTMU,421260,5
NGXU3244775,NGXU,324477,5
FPFU3443603,FPFU,344360,3
RFXU7849895,RFXU,784989,5
NDDU8488948,NDDU,848894,8
ZXFU1078600,ZXFU,107860,0
LGZU3156659,LGZU,315665,9
RVAU3946719,RVAU,394671,9
VCHU2310369,VCHU,231036,9
YNYU1674924,YNYU,167492,4
ZCYU6903806,ZCYU,690380,6
RYLU7876016,RYLU,787601,6
JQMU4887952,JQMU,488795,2
MCGU6601190,MCGU,660119,0
RZRU5918749,RZRU,591874,9
QKYU4285005,QKYU,428500,5
LLVU9405821,LLVU,940582,1
NDWU7802686,NDWU,780268,6
FNXU5576883,FNXU,557688,3
GLGU3707684,GLGU,370768,4
JNGU0090424,JNGU,009042,4
XSDU2425577,XSDU,242557,7
QYFU0085130,QYFU,008513,0
PBGU3412189,PBGU,341218,9
PLQU0886179,PLQU,088617,9
IHUU7297482,IHUU,729748,2
XTUU6406551,XTUU,640655,1
EWFU2614599,EWFU,261459,9
WWTU7179352,WWTU,717935,2
VODU0849875,VODU,084987,5
QNOU5807837,QNOU,580783,7
AAHU6289030,AAHU,628903,0
UQBU1869232,UQBU,186923,2
VWJU1143109,VWJU,114310,9
BZTU1364907,BZTU,136490,7
MVCU4829879,MVCU,482987,9
JCTU4179102,JCTU,417910,2
BMWU5766821,BMWU,576682,1
VGFU1444569,VGFU,144456,9
QXJU5517100,QXJU,551710,0
SMXU1672940,SMXU,167294,0
XYMU1782814,XYMU,178281,4
KFJU9205746,KFJU,920574,6
TEZU7466424,TEZU,746642,4
RMEU7651866,RMEU,765186,6
MABU6090604,MABU,609060,4
ABOU4899227,ABOU,489922,7
EGMU7975306,EGMU,797530,6
FRHU6476134,FRHU,647613,4
LCXU1562000,LCXU,156200,0
YIQU6069692,YIQU,606969,2
LKYU4996863,LKYU,499686,3
MUGU6177723,MUGU,617772,3
BCEU3220361,BCEU,322036,1
LHUU3466886,LHUU,346688,6
UXGU9247623,UXGU,924762,3
YSGU9123436,YSGU,912343,6
NIDU0590401,NIDU,059040,1
SUCU7139971,SUCU,713997,1
JLWU3632454,JLWU,363245,4
UUSU5516278,UUSU,551627,8
JTNU0570450,JTNU,057045,0
CWRU1575620,CWRU,157562,0
FJVU3824840,FJVU,382484,0
YXIU6272650,YXIU,627265,0
MJSU9342529,MJSU,934252,9
RYSU2668566,RYSU,266856,6
AHVU3399530,AHVU,339953,0
YESU8941802,YESU,894180,2
HPSU5302700,HPSU,530270,0
JSFU6251218,JSFU,625121,8
MYCU6900360,MYCU,690036,0
RIZU0284172,RIZU,028417,2
DYTU5076637,DYTU,507663,7
QWMU3188225,QWMU,318822,5
OROU3500976,OROU,350097,6
SYYU7507051,SYYU,750705,1
VKSU2602292,VKSU,260229,2
HWOU3326739,HWOU,332673,9
GKEU2086051,GKEU,208605,1
ZBRU9543385,ZBRU,954338,5
ZVRU6235814,ZVRU,623581,4
TVBU3076500,TVBU,307650,0
QHXU8635078,QHXU,863507,8
JAWU4358339,JAWU,435833,9
IUEU5675490,IUEU,567549,0
PETU3303184,PETU,330318,4
ELGU1025430,ELGU,102543,0
YOXU6101667,YOXU,610166,7
ECPU0910668,ECPU,091066,8
LGCU3142401,LGCU,314240,1
CRJU6485254,CRJU,648525,4
IIOU9466719,IIOU,946671,9
OFSU7209511,OFSU,720951,1
GMEU0324644,GMEU,032464,4
CDRU2556294,CDRU,255629,4
TRJU8925702,TRJU,892570,2
SOOU2596816,SOOU,259681,6
ELDU7826652,ELDU,782665,2
YHSU9531562,YHSU,953156,2
KVGU7037347,KVGU,703734,7
ENMU8106750,ENMU,810675,0
VQWU8089320,VQWU,808932,0
CVPU2565757,CVPU,256575,7
XTKU8646680,XTKU,864668,0
NROU9481677,NROU,948167,7
UWJU3759010,UWJU,375901,0
JPLU1244134,JPLU,124413,4
VGFU7208766,VGFU,720876,6
DXFU2261445,DXFU,226144,5
MKSU9028382,MKSU,902838,2
NRHU6508522,NRHU,650852,2
XUKU0756066,XUKU,075606,6
NXCU9457383,NXCU,945738,3
VUIU8097747,VUIU,809774,7
MDUU8955013,MDUU,895501,3
UYTU2211299,UYTU,221129,9
YHLU5887061,YHLU,588706,1
JQXU1553209,JQXU,155320,9
QRSU0588208,QRSU,058820,8
FDTU8899264,FDTU,889926,4
UJOU7499002,UJOU,749900,2
FYBU5682133,FYBU,568213,3
FATU4807529,FATU,480752,9
GPNU5702477,GPNU,570247,7
EMPU3896244,EMPU,389624,4
MRKU6232500,MRKU,623250,0
RIWU8219697,RIWU,821969,7
NWQU5016905,NWQU,501690,5
ZAYU4593007,ZAYU,459300,7
WRJU3222697,WRJU,322269,7
GTTU0299265,GTTU,029926,5
JSEU4570418,JSEU,457041,8
NCMU0695075,NCMU,069507,5
KTQU9922949,KTQU,992294,9
FEQU2138720,FEQU,213872,0
ISEU8243177,ISEU,824317,7
CCUU2935379,CCUU,293537,9
ZHZU5826420,ZHZU,582642,0
CMWU0479500,CMWU,047950,0
IKEU9810535,IKEU,981053,5
KGKU7710770,KGKU,771077,0
TOSU5509831,TOSU,550983,1
KDWU2721119,KDWU,272111,9
EOQU9188682,EOQU,918868,2
LVOU8700783,LVOU,870078,3
TYSU7163012,TYSU,716301,2
EOAU0902900,EOAU,090290,0
MLDU1328270,MLDU,132827,0
DWIU6025410,DWIU,602541,0
FZVU2044522,FZVU,204452,2
UEEU8355063,UEEU,835506,3
XVKU1441663,XVKU,144166,3
ENDU2893409,ENDU,289340,9
KMRU7423582,KMRU,742358,2
HBZU7204319,HBZU,720431,9
QYRU8380079,QYRU,838007,9
UOIU1139468,UOIU,113946,8
KMCU4072280,KMCU,407228,0
KJIU6939708,KJIU,693970,8
WJBU7586243,WJBU,758624,3
XACU8057549,XACU,805754,9
NVNU1133726,NVNU,113372,6
ORNU9185311,ORNU,918531,1
KZTU4067500,KZTU,406750,0
MWJU8050550,MWJU,805055,0
ANQU5317553,ANQU,531755,3
RBHU6301498,RBHU,630149,8
MBDU1965047,MBDU,196504,7
HFPU5324380,HFPU,532438,0
KQNU1611409,KQNU,161140,9
EPJU4407245,EPJU,440724,5
QQSU5545017,QQSU,554501,7
FUYU2584860,FUYU,258486,0
VEXU7728350,VEXU,772835,0
HPMU1390336,HPMU,139033,6
MJTU1955889,MJTU,195588,9
JCTU2660931,JCTU,266093,1
ESPU6415169,ESPU,641516,9
VLPU6149947,VLPU,614994,7
DLSU4058120,DLSU,405812,0
JYTU8303323,JYTU,830332,3
ARJU0263621,ARJU,026362,1
JFGU9177869,JFGU,917786,9
USNU2494661,USNU,249466,1
MJIU8468235,MJIU,846823,5
FFSU7890730,FFSU,789073,0
KPHU5197413,KPHU,519741,3
DWBU6394413,DWBU,639441,3
RXOU3059423,RXOU,305942,3
EXJU1089846,EXJU,108984,6
LHWU6195182,LHWU,619518,2
DUQU1071133,DUQU,107113,3
QBWU9370507,QBWU,937050,7
POOU5681436,POOU,568143,6
DSZU8935404,DSZU,893540,4
LNVU4138177,LNVU,413817,7
CTMU2322621,CTMU,232262,1
DGKU1015224,DGKU,101522,4
OXSU3322336,OXSU,332233,6
RJIU8099316,RJIU,809931,6
XMAU5696685,XMAU,569668,5
KPDU1751245,KPDU,175124,5
EWJU4523532,EWJU,452353,2
WJMU2451640,WJMU,245164,0
XJYU3324400,XJYU,332440,0
YUSU8962088,YUSU,896208,8
DMPU7189341,DMPU,718934,1
NEKU0288576,NEKU,028857,6
AOWU7531730,AOWU,753173,0
RBHU7292739,RBHU,729273,9
QSPU1441167,QSPU,144116,7
AJBU6658080,AJBU,665808,0
HVPU2485070,HVPU,248507,0
OQWU3151319,OQWU,315131,9
QBHU5537030,QBHU,553703,0
KMGU5331246,KMGU,533124,6
LHXU9342450,LHXU,934245,0
XRQU3268297,XRQU,326829,7
RSKU8302455,RSKU,830245,5
LVTU9097498,LVTU,909749,8
XKYU2914359,XKYU,291435,9
PWDU5616095,PWDU,561609,5
ZJTU0615228,ZJTU,061522,8
LWMU8836141,LWMU,883614,1
BKPU6386328,BKPU,638632,8
GLEU0510863,GLEU,051086,3
DDZU9048160,DDZU,904816,0
VSSU1583044,VSSU,158304,4
GGCU7476886,GGCU,747688,6
DSQU1733719,DSQU,173371,9
VCGU9638628,VCGU,963862,8
TRFU6637894,TRFU,663789,4
WQTU8630771,WQTU,863077,1
PRXU0618622,PRXU,061862,2
HKJU6328867,HKJU,632886,7
KAQU1353262,KAQU,135326,2
ECVU0998079,ECVU,099807,9
WHIU2114098,WHIU,211409,8
WNSU7090319,WNSU,709031,9
YHCU4313205,YHCU,431320,5
ETMU4165734,ETMU,416573,4
FDEU1882404,FDEU,188240,4
HQFU9740921,HQFU,974092,1
QUZU2765360,QUZU,276536,0
GANU1407153,GANU,140715,3
DTLU7047659,DTLU,704765,9
BNKU0762439,BNKU,076243,9
NKKU9730503,NKKU,973050,3
GEFU4150717,GEFU,415071,7
CTKU4398292,CTKU,439829,2
HIJU8760367,HIJU,876036,7
RLRU5843405,RLRU,584340,5
GGGU0510474,GGGU,051047,4
MOGU4060824,MOGU,406082,4
ANHU4536972,ANHU,453697,2
SYZU5883979,SYZU,588397,9
RVFU5191608,RVFU,519160,8
NPQU8794407,NPQU,879440,7
UVNU4065426,UVNU,406542,6
WFEU9388739,WFEU,938873,9
LBVU6329965,LBVU,632996,5
PHBU7349997,PHBU,734999,7
GRIU3230157,GRIU,323015,7
JXPU4969866,JXPU,496986,6
YIOU8625350,YIOU,862535,0
YVDU0613629,YVDU,061362,9
GYWU5830261,GYWU,583026,1
VRNU3945348,VRNU,394534,8
VZNU0829870,VZNU,082987,0
RPPU2472445,RPPU,247244,5
NUKU5879021,NUKU,587902,1
RIRU6567393,RIRU,656739,3
OXAU8148250,OXAU,814825,0
OAUU0380935,OAUU,038093,5
ULPU4760024,ULPU,476002,4
EFDU7584350,EFDU,758435,0
KUGU1684492,KUGU,168449,2
WUCU7807294,WUCU,780729,4
WTKU8455831,WTKU,845583,1
LXRU3042581,LXRU,304258,1
ZIQU9457455,ZIQU,945745,5
RMQU2750586,RMQU,275058,6
VOAU8381282,VOAU,838128,2
FSDU7169016,FSDU,716901,6
XTHU6008198,XTHU,600819,8
DCEU2570238,DCEU,257023,8
GFJU7073400,GFJU,707340,0
DTGU4475420,DTGU,447542,0
IPMU9592078,IPMU,959207,8
YKSU7913582,YKSU,791358,2
XTEU5245240,XTEU,524524,0
KBAU9845565,KBAU,984556,5
CNJU5740580,CNJU,574058,0
UOJU5899354,UOJU,589935,4
JLYU3236403,JLYU,323640,3
EWAU2434717,EWAU,243471,7
EQRU8347540,EQRU,834754,0
JIRU7318015,JIRU,731801,5
YAAU1839192,YAAU,183919,2
GSOU4136651,GSOU,413665,1
PILU7436603,PILU,743660,3
VCGU8756565,VCGU,875656,5
PLEU6887658,PLEU,688765,8
FENU0520543,FENU,052054,3
UQNU5315072,UQNU,531507,2
STDU1471487,STDU,147148,7
YBBU7330921,YBBU,733092,1
LZMU5941473,LZMU,594147,3
WMCU3689809,WMCU,368980,9
HAKU4590948,HAKU,459094,8
YLOU4446821,YLOU,444682,1
CPOU1034765,CPOU,103476,5
PQSU6790379,PQSU,679037,9
ESDU5118003,ESDU,511800,3
CJHU5911454,CJHU,591145,4
EEUU9662369,EEUU,966236,9
NTJU3632443,NTJU,363244,3
MLEU5529852,MLEU,552985,2
QBFU6462410,QBFU,646241,0
KKVU2657214,KKVU,265721,4
FIZU5197994,FIZU,519799,4
IRAU5765856,IRAU,576585,6
KKGU2696991,KKGU,269699,1
FQDU9850766,FQDU,985076,6
RAIU9556126,RAIU,955612,6
PJLU3410644,PJLU,341064,4
HICU6372583,HICU,637258,3
TCZU4106360,TCZU,410636,0
YSMU6638602,YSMU,663860,2
GPMU8179290,GPMU,817929,0
XHZU4716957,XHZU,471695,7
PEKU3392694,PEKU,339269,4
EIGU0838531,EIGU,083853,1
ETPU1737816,ETPU,173781,6
ABZU5858442,ABZU,585844,2
AGCU2497149,AGCU,249714,9
CCKU3756188,CCKU,375618,8
RIYU6151698,RIYU,615169,8
XCHU6589947,XCHU,658994,7
SSLU4167308,SSLU,416730,8
WPPU2239001,WPPU,223900,1
RBEU7141921,RBEU,714192,1
WTSU7602437,WTSU,760243,7
XVUU9100982,XVUU,910098,2
SMNU9219289,SMNU,921928,9
GHJU0965408,GHJU,096540,8
FYTU6347397,FYTU,634739,7
SYXU6736574,SYXU,673657,4
VGFU5188465,VGFU,518846,5
FHMU0802174,FHMU,080217,4
OTJU9065800,OTJU,906580,0
MFQU9941841,MFQU,994184,1
IGHU6490998,IGHU,649099,8
SVQU6640360,SVQU,664036,0
WZSU5017924,WZSU,501792,4
SHUU8303240,SHUU,830324,0
DHCU4304162,DHCU,430416,2
MQZU6474361,MQZU,647436,1
OQJU2908867,OQJU,290886,7
GTEU8484425,GTEU,848442,5
YNEU4014776,YNEU,401477,6
HNUU3592500,HNUU,359250,0
CCZU9867410,CCZU,986741,0
VFMU6184081,VFMU,618408,1
CRGU7237689,CRGU,723768,9
LDRU2764300,LDRU,276430,0
CRGU3307643,CRGU,330764,3
YFSU7981438,YFSU,798143,8
RDAU8392531,RDAU,839253,1
XUPU8005166,XUPU,800516,6
NXKU8409203,NXKU,840920,3
LWWU2344669,LWWU,234466,9
PGLU2158039,PGLU,215803,9
MZAU2203250,MZAU,220325,0
IZWU5947210,IZWU,594721,0
SCDU2007204,SCDU,200720,4
HTXU0036587,HTXU,003658,7
KQBU2930240,KQBU,293024,0
VYSU0544180,VYSU,054418,0
UNGU6038255,UNGU,603825,5
NWTU5214100,NWTU,521410,0
LTRU4766073,LTRU,476607,3
OLEU5337825,OLEU,533782,5
NJPU8859498,NJPU,885949,8
UOBU0897745,UOBU,089774,5
LUCU4040280,LUCU,404028,0
ZUEU6989722,ZUEU,698972,2
JBHU6602976,JBHU,660297,6
UYAU3280180,UYAU,328018,0
DNXU1269275,DNXU,126927,5
SGIU4816163,SGIU,481616,3
ZNEU6649397,ZNEU,664939,7
XMTU1257799,XMTU,125779,9
MOWU7384186,MOWU,738418,6
KAVU1699909,KAVU,169990,9
MWWU3300054,MWWU,330005,4
QGMU0808356,QGMU,080835,6
AIKU9750441,AIKU,975044,1
SCWU8219193,SCWU,821919,3
HHMU5714308,HHMU,571430,8
HNHU6474835,HNHU,647483,5
YPQU6257436,YPQU,625743,6
AOXU5198162,AOXU,519816,2
NUAU2712998,NUAU,271299,8
CAIU7410400,CAIU,741040,0
HYOU0404174,HYOU,040417,4
CSAU2880472,CSAU,288047,2
PHXU9473330,PHXU,947333,0
CZEU5395642,CZEU,539564,2
MGPU8601070,MGPU,860107,0
SGTU2948586,SGTU,294858,6
IIKU8420799,IIKU,842079,9
HMGU0778202,HMGU,077820,2
LJUU1423831,LJUU,142383,1
XGCU5834416,XGCU,583441,6
ZNEU7149539,ZNEU,714953,9
DDNU0610047,DDNU,061004,7
MNGU6742170,MNGU,674217,0
BMPU4325360,BMPU,432536,0
JDDU4844352,JDDU,484435,2
GSEU2566340,GSEU,256634,0
DWIU8540488,DWIU,854048,8
AUYU8794025,AUYU,879402,5
WUTU3292175,WUTU,329217,5
HNFU9686717,HNFU,968671,7
PKRU3835473,PKRU,383547,3
LEFU1481039,LEFU,148103,9
IVKU1605205,IVKU,160520,5
OUZU2668368,OUZU,266836,8
IFAU3402708,IFAU,340270,8
JBXU0520583,JBXU,052058,3
NENU0705170,NENU,070517,0
EPXU0309819,EPXU,030981,9
MBLU6252761,MBLU,625276,1
YGBU6412942,YGBU,641294,2
CUZU9228060,CUZU,922806,0
EVIU3175036,EVIU,317503,6
DCBU1065210,DCBU,106521,0
YOIU2127810,YOIU,212781,0
KRYU3090286,KRYU,309028,6
ULMU0901273,ULMU,090127,3
IRLU2369170,IRLU,236917,0
NUPU3224325,NUPU,322432,5
VJMU0700491,VJMU,070049,1
DRIU4085180,DRIU,408518,0
CXDU5411366,CXDU,541136,6
PNHU3286452,PNHU,328645,2
LYTU2483597,LYTU,248359,7
ONRU7819944,ONRU,781994,4
CSXU2459920,CSXU,245992,0
PQSU7971670,PQSU,797167,0
BSAU2897284,BSAU,289728,4
KMNU9087040,KMNU,908704,0
ZZGU5020538,ZZGU,502053,8
DDDU6517559,DDDU,651755,9
YCNU5294399,YCNU,529439,9
GOKU0430092,GOKU,043009,2
NRBU5248840,NRBU,524884,0
HIYU1449606,HIYU,144960,6
TXLU8606756,TXLU,860675,6
DAZU5719405,DAZU,571940,5
ZOWU0663366,ZOWU,066336,6
GQNU5092165,GQNU,509216,5
STCU5660459,STCU,566045,9
UQJU0028087,UQJU,002808,7
XLIU9835434,XLIU,983543,4
ILXU5440915,ILXU,544091,5
EAKU0638357,EAKU,063835,7
MBKU6515156,MBKU,651515,6
VYVU7028792,VYVU,702879,2
XTBU0387533,XTBU,038753,3
ETMU4734229,ETMU,473422,9
VGLU4122197,VGLU,412219,7
SSFU6816289,SSFU,681628,9
FCJU1657591,FCJU,165759,1
YEVU7087289,YEVU,708728,9
CDUU0267354,CDUU,026735,4
LQGU4165920,LQGU,416592,0
SGYU6572478,SGYU,657247,8
LHLU5196405,LHLU,519640,5
OMJU8424081,OMJU,842408,1
CLWU9933844,CLWU,993384,4
QVVU9375845,QVVU,937584,5
BGAU8240061,BGAU,824006,1
CBJU2483885,CBJU,248388,5
YCHU0277428,YCHU,027742,8
XYJU0099814,XYJU,009981,4
YOQU8671799,YOQU,867179,9
ADZU6980422,ADZU,698042,2
LMJU9026109,LMJU,902610,9
ORVU4804838,ORVU,480483,8
KILU8625231,KILU,862523,1
NQXU9705344,NQXU,970534,4
AJUU0942189,AJUU,094218,9
LDTU8239230,LDTU,823923,0
NLCU2563625,NLCU,256362,5
XZJU8573048,XZJU,857304,8
SVCU9121743,SVCU,912174,3
VBUU1738140,VBUU,173814,0
IRLU2909828,IRLU,290982,8
RDYU2100353,RDYU,210035,3
XUUU3403648,XUUU,340364,8
SFNU4008041,SFNU,400804,1
PKFU3663130,PKFU,366313,0
DCPU4226164,DCPU,422616,4
SSYU1032552,SSYU,103255,2
PJWU6287305,PJWU,628730,5
NPUU1338821,NPUU,133882,1
SHEU4892601,SHEU,489260,1
RPIU0780250,RPIU,078025,0
ZAYU7107541,ZAYU,710754,1
XXZU7093180,XXZU,709318,0
RWXU7707914,RWXU,770791,4
WJPU4321440,WJPU,432144,0
PRMU7306411,PRMU,730641,1
SOAU3025808,SOAU,302580,8
CRLU6812316,CRLU,681231,6
FGOU9595710,FGOU,959571,0
ZSGU2753080,ZSGU,275308,0
CJNU8452858,CJNU,845285,8
OVTU6423588,OVTU,642358,8
WAMU7318267,WAMU,731826,7
PYFU3094011,PYFU,309401,1
HWFU9744880,HWFU,974488,0
BXCU4835128,BXCU,483512,8
RIXU5930489,RIXU,593048,9
BPEU7634853,BPEU,763485,3
MHZU5960421,MHZU,596042,1
SFXU3668056,SFXU,366805,6
NAWU3765519,NAWU,376551,9
PBVU5693723,PBVU,569372,3
KZVU0898018,KZVU,089801,8
HAAU8267002,HAAU,826700,2
YAIU9104458,YAIU,910445,8
FGYU0469602,FGYU,046960,2
AQMU5640715,AQMU,564071,5
QRZU3015929,QRZU,301592,9
IJXU8091030,IJXU,809103,0
NJOU1755538,NJOU,175553,8
TWPU2182437,TWPU,218243,7
VOMU1169138,VOMU,116913,8
ZYOU3610520,ZYOU,361052,0
HCQU4946963,HCQU,494696,3
CCEU4610010,CCEU,461001,0
MFPU9411534,MFPU,941153,4
ECCU2689621,ECCU,268962,1
YVLU8676863,YVLU,867686,3
DTVU9706483,DTVU,970648,3
EXNU7124644,EXNU,712464,4
CSYU1535607,CSYU,153560,7
CMCU7565410,CMCU,756541,0
LJBU2341817,LJBU,234181,7
DRKU1343821,DRKU,134382,1
WTLU5585314,WTLU,558531,4
LXWU5490669,LXWU,549066,9
ZDMU0494243,ZDMU,049424,3
VWGU9293212,VWGU,929321,2
JQCU2294120,JQCU,229412,0
HVDU9839902,HVDU,983990,2
DIUU4813767,DIUU,481376,7
EUJU2379225,EUJU,237922,5
WMPU0586536,WMPU,058653,6
CISU3655611,CISU,365561,1
ISUU5166422,ISUU,516642,2
XFRU9857442,XFRU,985744,2
DTSU8138105,DTSU,813810,5
AMGU1238562,AMGU,123856,2
AXYU4285562,AXYU,428556,2
FYPU0469500,FYPU,046950,0
TELU3774872,TELU,377487,2
RSVU0605940,RSVU,060594,0
EDOU4684593,EDOU,468459,3
FINU4454299,FINU,445429,9
MUCU0356199,MUCU,035619,9
EMUU3105320,EMUU,310532,0
XALU6337547,XALU,633754,7
NKSU8344875,NKSU,834487,5
PMSU4408182,PMSU,440818,2
YLGU7606983,YLGU,760698,3
VMAU5763375,VMAU,576337,5
KZLU7877887,KZLU,787788,7
RCQU5107064,RCQU,510706,4
VJWU1110308,VJWU,111030,8
OXOU9466510,OXOU,946651,0
OONU3772656,OONU,377265,6
SCQU6699185,SCQU,669918,5
CYUU6774960,CYUU,677496,0
DHQU7708856,DHQU,770885,6
MIKU7734887,MIKU,773488,7
KSQU0122250,KSQU,012225,0
QDZU5980912,QDZU,598091,2
AZKU9310540,AZKU,931054,0
TOIU1417104,TOIU,141710,4
SRBU5788904,SRBU,578890,4
QTRU9796630,QTRU,979663,0
FSMU6792286,FSMU,679228,6
RBUU7794110,RBUU,779411,0
KISU4341130,KISU,434113,0
KWVU1701637,KWVU,170163,7
SXEU3840904,SXEU,384090,4
FLQU2371676,FLQU,237167,6
RNJU6895111,RNJU,689511,1
UNAU7409400,UNAU,740940,0
TGUU0139268,TGUU,013926,8
HAFU4807315,HAFU,480731,5
ZHUU9104548,ZHUU,910454,8
RPRU9398115,RPRU,939811,5
JRDU7673461,JRDU,767346,1
WVTU2403051,WVTU,240305,1
JTZU1695000,JTZU,169500,0
OIZU0433653,OIZU,043365,3
UMKU3911018,UMKU,391101,8
LMYU8618996,LMYU,861899,6
UGTU1330300,UGTU,133030,0
LEPU5086161,LEPU,508616,1
OZLU6156710,OZLU,615671,0
TVLU4998911,TVLU,499891,1
CNOU2793063,CNOU,279306,3
HYQU0542144,HYQU,054214,4
GNSU2751868,GNSU,275186,8
IHTU4594312,IHTU,459431,2
UOPU6187560,UOPU,618756,0
MCBU5300445,MCBU,530044,5
KLFU5942050,KLFU,594205,0
PBXU5446968,PBXU,544696,8
DOAU1713582,DOAU,171358,2
EAJU3432751,EAJU,343275,1
EFRU7592788,EFRU,759278,8
KEPU2134860,KEPU,213486,0
EQJU7878549,EQJU,787854,9
PSAU3402784,PSAU,340278,4
TWCU8042555,TWCU,804255,5
NKGU8031404,NKGU,803140,4
FGKU2009830,FGKU,200983,0
YQSU8556380,YQSU,855638,0
KPHU3790570,KPHU,379057,0
JOBU7244382,JOBU,724438,2
PFQU8753776,PFQU,875377,6
FKSU6627707,FKSU,662770,7
CTWU1889251,CTWU,188925,1
YKQU1654321,YKQU,165432,1
ZFMU7056999,ZFMU,705699,9
RBMU0213200,RBMU,021320,0
ZHHU7038174,ZHHU,703817,4
LAPU6840317,LAPU,684031,7
SALU1001132,SALU,100113,2
JQGU1533353,JQGU,153335,3
IFKU0658682,IFKU,065868,2
HSGU9185214,HSGU,918521,4
SYGU0319677,SYGU,031967,7
MNTU0452359,MNTU,045235,9
HNSU6527498,HNSU,652749,8
GIXU5144998,GIXU,514499,8
RKAU4243609,RKAU,424360,9
HAXU4907359,HAXU,490735,9
CKSU0487441,CKSU,048744,1
WWOU4584184,WWOU,458418,4
ILEU3717769,ILEU,371776,9
TZLU7760009,TZLU,776000,9
JGTU1234353,JGTU,123435,3
STSU4825710,STSU,482571,0
QHYU6798526,QHYU,679852,6
XLRU5890424,XLRU,589042,4
QGXU5682048,QGXU,568204,8
DPKU8492016,DPKU,849201,6
GROU5957475,GROU,595747,5
ZXEU3120500,ZXEU,312050,0
YVJU8456066,YVJU,845606,6
SKYU4009159,SKYU,400915,9
YBGU6951347,YBGU,695134,7
VNKU6520520,VNKU,652052,0
UVTU6682326,UVTU,668232,6
ZLGU3918747,ZLGU,391874,7
HXDU0306830,HXDU,030683,0
AGOU4823494,AGOU,482349,4
SZOU1556868,SZOU,155686,8
CEWU0719077,CEWU,071907,7
TQLU3879218,TQLU,387921,8
PKSU1059667,PKSU,105966,7
VNEU6924514,VNEU,692451,4
SEEU9227213,SEEU,922721,3
RIOU1070504,RIOU,107050,4
ADLU4968676,ADLU,496867,6
AIKU1182638,AIKU,118263,8
DBHU7179349,DBHU,717934,9
QCCU3061230,QCCU,306123,0
RLUU4505493,RLUU,450549,3
YYXU0811790,YYXU,081179,0
TCRU3803900,TCRU,380390,0
ZFKU9138502,ZFKU,913850,2
OOHU9240085,OOHU,924008,5
WPKU1774629,WPKU,177462,9
ZGCU5654252,ZGCU,565425,2
WIKU3223343,WIKU,322334,3
HGRU2545290,HGRU,254529,0
HXJU9705597,HXJU,970559,7
VYAU6902057,VYAU,690205,7
IPWU1372164,IPWU,137216,4
PBTU2730170,PBTU,273017,0
VKMU4474481,VKMU,447448,1
WVPU3924954,WVPU,392495,4
PVMU8925805,PVMU,892580,5
CEIU2317567,CEIU,231756,7
BLVU1323115,BLVU,132311,5
TMGU2385417,TMGU,238541,7
IAPU9834280,IAPU,983428,0
WEVU0979770,WEVU,097977,0
ZEBU9585342,ZEBU,958534,2
JCBU4087481,JCBU,408748,1
UPCU3546797,UPCU,354679,7
FBYU7771019,FBYU,777101,9
QEEU2327754,QEEU,232775,4
MQSU3513589,MQSU,351358,9
XVTU6143987,XVTU,614398,7
JTFU6025193,JTFU,602519,3
SFSU5053547,SFSU,505354,7
HBTU5376381,HBTU,537638,1
OPKU5020887,OPKU,502088,7
TEPU0522320,TEPU,052232,0
DRDU7551112,DRDU,755111,2
UENU9272376,UENU,927237,6
TMJU4015500,TMJU,401550,0
NLNU7757606,NLNU,775760,6
AETU2939134,AETU,293913,4
CPUU6842027,CPUU,684202,7
DJMU9002805,DJMU,900280,5
QQKU4329812,QQKU,432981,2
OQHU5440176,OQHU,544017,6
NDKU9819692,NDKU,981969,2
PRPU2607305,PRPU,260730,5
QTXU3464037,QTXU,346403,7
RNWU9348030,RNWU,934803,0
WTDU6254874,WTDU,625487,4
JQUU9700600,JQUU,970060,0
HKVU7977265,HKVU,797726,5
CKSU0095380,CKSU,009538,0
NDXU3043570,NDXU,304357,0
IQTU4790566,IQTU,479056,6
YGWU9153474,YGWU,915347,4
DMVU5694099,DMVU,569409,9
LFQU7614160,LFQU,761416,0
XCVU4752014,XCVU,475201,4
GWFU5229833,GWFU,522983,3
VVFU4301407,VVFU,430140,7
XQOU9133155,XQOU,913315,5
PNEU7813653,PNEU,781365,3
MCCU9733468,MCCU,973346,8
HJVU5884222,HJVU,588422,2
OGCU0719977,OGCU,071997,7
XKHU1972881,XKHU,197288,1
CLZU6288753,CLZU,628875,3
ARDU4926994,ARDU,492699,4
NIOU2998232,NIOU,299823,2
IACU9658261,IACU,965826,1
WZCU9103865,WZCU,910386,5
GLMU1176310,GLMU,117631,0
GGQU1516353,GGQU,151635,3
PYOU6946669,PYOU,694666,9
BLFU2837279,BLFU,283727,9
JPMU9596310,JPMU,959631,0
ZYNU1715581,ZYNU,171558,1
UCUU8972192,UCUU,897219,2
MTWU5367614,MTWU,536761,4
WGSU9714831,WGSU,971483,1
FKHU9421402,FKHU,942140,2
NMGU6974472,NMGU,697447,2
GIAU7357869,GIAU,735786,9
PRCU2018768,PRCU,201876,8
LKZU0942857,LKZU,094285,7
DVMU6054122,DVMU,605412,2
ASPU1405543,ASPU,140554,3
NGZU9183442,NGZU,918344,2
QYHU6729984,QYHU,672998,4
UAEU5755149,UAEU,575514,9
ABIU3592246,ABIU,359224,6
FDEU1633588,FDEU,163358,8
FFCU7381509,FFCU,738150,9
DDBU0270309,DDBU,027030,9
DSDU6344513,DSDU,634451,3
WTQU3193380,WTQU,319338,0
BNWU0688667,BNWU,068866,7
HWIU2103545,HWIU,210354,5
YSZU9889006,YSZU,988900,6
ORGU3710476,ORGU,371047,6
UWMU8114532,UWMU,811453,2
ZKUU5091601,ZKUU,509160,1
ZPZU4160866,ZPZU,416086,6
IAXU7095250,IAXU,709525,0
USHU9430597,USHU,943059,7
EYIU7612818,EYIU,761281,8
WMJU3443169,WMJU,344316,9
BBUU2354089,BBUU,235408,9
RWKU0416717,RWKU,041671,7
RRHU4229559,RRHU,422955,9
CCTU0198495,CCTU,019849,5
DUPU5533534,DUPU,553353,4
YVMU2791858,YVMU,279185,8
GARU6362098,GARU,636209,8
CGGU8205410,CGGU,820541,0
ENLU2527906,ENLU,252790,6
VVNU6737650,VVNU,673765,0
CNIU4317630,CNIU,431763,0
FDBU7723918,FDBU,772391,8
MDAU6399208,MDAU,639920,8
MPFU7693491,MPFU,769349,1
CPEU9232833,CPEU,923283,3
BIQU0092286,BIQU,009228,6
TASU5585257,TASU,558525,7
KJAU4205528,KJAU,420552,8
KXVU6042874,KXVU,604287,4
JLMU2651716,JLMU,265171,6
COJU7809666,COJU,780966,6
VNBU4862454,VNBU,486245,4
YSSU9215289,YSSU,921528,9
SORU0854912,SORU,085491,2
CVLU4525825,CVLU,452582,5
HFPU6354693,HFPU,635469,3
UIXU9557606,UIXU,955760,6
OLBU1580646,OLBU,158064,6
NHZU2998569,NHZU,299856,9
OQGU9203311,OQGU,920331,1
CZAU9272442,CZAU,927244,2
ITZU0369380,ITZU,036938,0
APFU4168692,APFU,416869,2
UUDU0123813,UUDU,012381,3
XGYU5441490,XGYU,544149,0
PMWU2537300,PMWU,253730,0
NPGU9172347,NPGU,917234,7
GQNU9873799,GQNU,987379,9
MPRU8648236,MPRU,864823,6
AQJU7405789,AQJU,740578,9
ZFTU3744108,ZFTU,374410,8
LNMU8549035,LNMU,854903,5
AZBU3473790,AZBU,347379,0
HLEU9492397,HLEU,949239,7
RJEU8729180,RJEU,872918,0
RIXU7210003,RIXU,721000,3
FKGU3939582,FKGU,393958,2
NQNU1558761,NQNU,155876,1
FKHU8480247,FKHU,848024,7
KWKU1220315,KWKU,122031,5
CMNU0928729,CMNU,092872,9
SEQU4118644,SEQU,411864,4
KNQU5109159,KNQU,510915,9
GCTU4640952,GCTU,464095,2
PCKU8352828,PCKU,835282,8
JMWU5644029,JMWU,564402,9
OYDU1003415,OYDU,100341,5
BGXU4810690,BGXU,481069,0
ZCOU6701620,ZCOU,670162,0
CQKU2447371,CQKU,244737,1
BATU7986759,BATU,798675,9
EHNU6974790,EHNU,697479,0
LUIU7810806,LUIU,781080,6
RJRU1562030,RJRU,156203,0
IRYU8628515,IRYU,862851,5
HDMU0208085,HDMU,020808,5
XPQU7518343,XPQU,751834,3
NSIU8705070,NSIU,870507,0
XITU3763523,XITU,376352,3
ZZHU1042229,ZZHU,104222,9
TFBU9985236,TFBU,998523,6
SPEU2368844,SPEU,236884,4
PLTU9468150,PLTU,946815,0
VZWU2496348,VZWU,249634,8
GIJU0865381,GIJU,086538,1
ASUU7115750,ASUU,711575,0
OLZU9399618,OLZU,939961,8
QNAU3006276,QNAU,300627,6
ISEU6964868,ISEU,696486,8
EJZU9337312,EJZU,933731,2
EWVU6536503,EWVU,653650,3
SDEU9765407,SDEU,976540,7
DVIU6867227,DVIU,686722,7
GDTU8264027,GDTU,826402,7
JINU7068626,JINU,706862,6
MNLU2851913,MNLU,285191,3
VKFU5421867,VKFU,542186,7
QFGU6393964,QFGU,639396,4
PHIU2016108,PHIU,201610,8
UIPU9553125,UIPU,955312,5
GDQU8277907,GDQU,827790,7
DKGU9728224,DKGU,972822,4
FVCU1327777,FVCU,132777,7
IWYU8194852,IWYU,819485,2
HMZU1496051,HMZU,149605,1
ERVU6704083,ERVU,670408,3
ACZU5952722,ACZU,595272,2
ZQYU7553232,ZQYU,755323,2
ZRZU8874422,ZRZU,887442,2
HZXU5966043,HZXU,596604,3
OYCU5619750,OYCU,561975,0
CRDU7736814,CRDU,773681,4
XGEU7493928,XGEU,749392,8
UQKU1380100,UQKU,138010,0
ZNZU8156330,ZNZU,815633,0
PECU8535675,PECU,853567,5
TROU0938500,TROU,093850,0
VWWU2827409,VWWU,282740,9
ATZU9143035,ATZU,914303,5
UZQU6957306,UZQU,695730,6
UAEU2884862,UAEU,288486,2
OAAU3360110,OAAU,336011,0
DWYU2558090,DWYU,255809,0
FJGU5551228,FJGU,555122,8
QAPU4864968,QAPU,486496,8
EPFU9287549,EPFU,928754,9
OCGU5722630,OCGU,572263,0
HPNU7066230,HPNU,706623,0
TNUU2337035,TNUU,233703,5
ORSU0809225,ORSU,080922,5
LFVU5265858,LFVU,526585,8
OVPU4761072,OVPU,476107,2
UIXU0445760,UIXU,044576,0
XLTU7753937,XLTU,775393,7
DCJU1884865,DCJU,188486,5
LQQU2140688,LQQU,214068,8
SGNU4760385,SGNU,476038,5
LKSU2717861,LKSU,271786,1
UIFU8953106,UIFU,895310,6
SUQU1077373,SUQU,107737,3
EIVU2275911,EIVU,227591,1
IFCU8177323,IFCU,817732,3
HLAU8408974,HLAU,840897,4
RTUU7334383,RTUU,733438,3
OCJU7913473,OCJU,791347,3
BZDU5286143,BZDU,528614,3
OKLU7513451,OKLU,751345,1
BCTU8649085,BCTU,864908,5
XYOU0284619,XYOU,028461,9
SYBU7573319,SYBU,757331,9
QVYU1480038,QVYU,148003,8
ZIDU1019657,ZIDU,101965,7
RSDU2240284,RSDU,224028,4
RPBU5271671,RPBU,527167,1
BWTU1085635,BWTU,108563,5
LLUU2884469,LLUU,288446,9
IUIU4408446,IUIU,440844,6
DJIU4725784,DJIU,472578,4
GVLU0705144,GVLU,070514,4
HGEU7292742,HGEU,729274,2
TUQU0994954,TUQU,099495,4
FGAU1234271,FGAU,123427,1
DLIU9046884,DLIU,904688,4
RENU4982156,RENU,498215,6
HXAU3659190,HXAU,365919,0
TQLU3370621,TQLU,337062,1
DKSU7644179,DKSU,764417,9
NZBU2139987,NZBU,213998,7
IBHU8714486,IBHU,871448,6
CAJU1592234,CAJU,159223,4
ZBIU1238630,ZBIU,123863,0
PSDU0500436,PSDU,050043,6
DUJU8600008,DUJU,860000,8
PDCU0268544,PDCU,026854,4
CTIU5766508,CTIU,576650,8
RWPU2196357,RWPU,219635,7
GVHU7564693,GVHU,756469,3
OELU9428933,OELU,942893,3
QOHU6548543,QOHU,654854,3
TXUU0578753,TXUU,057875,3
YJOU0287808,YJOU,028780,8
TZBU0719451,TZBU,071945,1
WTYU9458200,WTYU,945820,0
KZYU2471725,KZYU,247172,5
GAOU4020454,GAOU,402045,4
HLWU6071740,HLWU,607174,0
PEWU7653483,PEWU,765348,3
VMJU2609017,VMJU,260901,7
KTVU6497215,KTVU,649721,5
JPZU0374740,JPZU,037474,0
LLHU5125568,LLHU,512556,8
KNJU8037109,KNJU,803710,9
POSU1200157,POSU,120015,7
MAEU6953373,MAEU,695337,3
KSSU0959942,KSSU,095994,2
SUIU6895338,SUIU,689533,8
MMWU7613910,MMWU,761391,0
PEXU2815498,PEXU,281549,8
FEHU4395491,FEHU,439549,1
KTOU0350172,KTOU,035017,2
NNVU7778354,NNVU,777835,4
BXEU6926029,BXEU,692602,9
HQIU2847518,HQIU,284751,8
PSKU1657847,PSKU,165784,7
WTWU7628147,WTWU,762814,7
KZFU3928337,KZFU,392833,7
DTJU3448605,DTJU,344860,5
RYZU7743785,RYZU,774378,5
IMHU7231485,IMHU,723148,5
ASHU0286961,ASHU,028696,1
ZHTU1586265,ZHTU,158626,5
WPWU0127296,WPWU,012729,6
HMXU1311119,HMXU,131111,9
PYLU3799711,PYLU,379971,1
EXXU2148514,EXXU,214851,4
NRRU2325307,NRRU,232530,7
GVAU9554400,GVAU,955440,0
YUGU7975210,YUGU,797521,0
JEPU3447684,JEPU,344768,4
GDCU5132654,GDCU,513265,4
OJKU7797301,OJKU,779730,1
AZMU7814202,AZMU,781420,2
CRSU2328042,CRSU,232804,2
XOHU2294556,XOHU,229455,6
MMFU1543190,MMFU,154319,0
FVEU2195970,FVEU,219597,0
SLNU8394053,SLNU,839405,3
JEVU2869865,JEVU,286986,5
AIEU6689520,AIEU,668952,0
HJZU7572932,HJZU,757293,2
GBTU5705465,GBTU,570546,5
KFYU3187890,KFYU,318789,0
TZLU0685665,TZLU,068566,5
RRDU3984653,RRDU,398465,3
PURU9436228,PURU,943622,8
LOQU7336242,LOQU,733624,2
UMOU3316060,UMOU,331606,0
IYIU5168267,IYIU,516826,7
UTJU7169884,UTJU,716988,4
UIUU1022075,UIUU,102207,5
IOOU0932249,IOOU,093224,9
DXCU2298910,DXCU,229891,0
QTHU5368905,QTHU,536890,5
KJXU9181336,KJXU,918133,6
SMSU4894913,SMSU,489491,3
MYXU8214188,MYXU,821418,8
OHNU6166128,OHNU,616612,8
JCHU4069514,JCHU,406951,4
OIGU5409530,OIGU,540953,0
VTYU2398053,VTYU,239805,3
VUAU7996468,VUAU,799646,8
WEUU8634838,WEUU,863483,8
ZFAU3174457,ZFAU,317445,7
NXTU0525287,NXTU,052528,7
GEOU4406868,GEOU,440686,8
EDZU4777998,EDZU,477799,8
CRBU3272410,CRBU,327241,0
YRRU2511848,YRRU,251184,8
EYMU1142654,EYMU,114265,4
EOBU7947740,EOBU,794774,0
ULCU3094895,ULCU,309489,5
DGGU6209193,DGGU,620919,3
RQFU1126985,RQFU,112698,5
VFZU8033613,VFZU,803361,3
XRZU4895148,XRZU,489514,8
JSVU9590904,JSVU,959090,4
QZPU9546385,QZPU,954638,5
PBGU8291670,PBGU,829167,0
PJYU3096787,PJYU,309678,7
GSFU6077090,GSFU,607709,0
VDHU8778111,VDHU,877811,1
ZWBU4554828,ZWBU,455482,8
DNQU5807744,DNQU,580774,4
KTYU2991874,KTYU,299187,4
HFTU8176975,HFTU,817697,5
WQVU2077886,WQVU,207788,6
ZTMU1531276,ZTMU,153127,6
EGMU2760711,EGMU,276071,1
ANJU7661189,ANJU,766118,9
SFCU3114852,SFCU,311485,2
XQMU9305637,XQMU,930563,7
ICDU1042772,ICDU,104277,2
KGLU3441768,KGLU,344176,8
WPQU1164025,WPQU,116402,5
TOKU3594106,TOKU,359410,6
IXFU7054152,IXFU,705415,2
DZCU4742231,DZCU,474223,1
WHXU1215589,WHXU,121558,9
MIDU2380532,MIDU,238053,2
OBYU6794702,OBYU,679470,2
UQWU5510579,UQWU,551057,9
CGNU1795567,CGNU,179556,7
UGWU1564514,UGWU,156451,4
UWQU3969864,UWQU,396986,4
RJJU6816788,RJJU,681678,8
YKMU9154396,YKMU,915439,6
DWZU3542825,DWZU,354282,5
XFGU0666020,XFGU,066602,0
QYIU3884445,QYIU,388444,5
IZFU1404880,IZFU,140488,0
AUGU4276067,AUGU,427606,7
INMU4456964,INMU,445696,4
UKOU9237169,UKOU,923716,9
JKKU8456292,JKKU,845629,2
XUYU5064541,XUYU,506454,1
TKNU3201190,TKNU,320119,0
BXAU5741700,BXAU,574170,0
DHYU8489014,DHYU,848901,4
RYVU9127320,RYVU,912732,0
FXFU3373919,FXFU,337391,9
OWXU0338880,OWXU,033888,0
LWPU0246793,LWPU,024679,3
QTZU1049029,QTZU,104902,9
DOKU5491056,DOKU,549105,6
SUZU5701777,SUZU,570177,7
MCFU9556954,MCFU,955695,4
UQKU3376599,UQKU,337659,9
EMPU1281662,EMPU,128166,2
DPMU0805769,DPMU,080576,9
YTYU3986666,YTYU,398666,6
NGBU7760010,NGBU,776001,0
RKCU6453478,RKCU,645347,8
NAZU7343873,NAZU,734387,3
FUQU3556520,FUQU,355652,0
FLJU2209753,FLJU,220975,3
EYPU3123248,EYPU,312324,8
LLQU4964363,LLQU,496436,3
MGZU8857647,MGZU,885764,7
UKFU6497823,UKFU,649782,3
JJYU0284634,JJYU,028463,4
FFDU3660561,FFDU,366056,1
KGKU5297539,KGKU,529753,9
OLHU6394522,OLHU,639452,2
UKNU7922154,UKNU,792215,4
LOWU9969712,LOWU,996971,2
YSCU3610129,YSCU,361012,9
AVLU4443914,AVLU,444391,4
GUXU0007363,GUXU,000736,3
IEHU0242250,IEHU,024225,0
IDZU6546116,IDZU,654611,6
MNKU8960880,MNKU,896088,0
LWBU5727924,LWBU,572792,4
PRPU3165609,PRPU,316560,9
XWVU7444592,XWVU,744459,2
VYNU8878951,VYNU,887895,1
MVXU4795659,MVXU,479565,9
XDAU2321990,XDAU,232199,0
XTCU8541607,XTCU,854160,7
DDYU9634974,DDYU,963497,4
GEJU8443282,GEJU,844328,2
OBJU8841530,OBJU,884153,0
WGZU3212917,WGZU,321291,7
UQJU0870536,UQJU,087053,6
JDSU2097739,JDSU,209773,9
PMDU5730702,PMDU,573070,2
GRJU5088873,GRJU,508887,3
ULKU3410689,ULKU,341068,9
LBXU6184787,LBXU,618478,7
RIOU6186544,RIOU,618654,4
URKU6982945,URKU,698294,5
DILU4150337,DILU,415033,7
URCU7772353,URCU,777235,3
RSTU0837061,RSTU,083706,1
GZKU6271976,GZKU,627197,6
EGAU7546152,EGAU,754615,2
LKUU6601434,LKUU,660143,4
WCTU3040219,WCTU,304021,9
IZBU4209120,IZBU,420912,0
SALU3368451,SALU,336845,1
AQSU1837267,AQSU,183726,7
USZU8166986,USZU,816698,6
HCPU3593976,HCPU,359397,6
BETU3673694,BETU,367369,4
IVAU6106488,IVAU,610648,8
XZTU0342130,XZTU,034213,0
QANU0750614,QANU,075061,4
IOQU8446045,IOQU,844604,5
OUCU1305304,OUCU,130530,4
CRIU1398940,CRIU,139894,0
XZKU1281942,XZKU,128194,2
UJDU8416159,UJDU,841615,9
EODU0183890,EODU,018389,0
PHLU3823650,PHLU,382365,0
VHZU4136113,VHZU,413611,3
WIZU2201399,WIZU,220139,9
WZZU4758304,WZZU,475830,4
THAU8541737,THAU,854173,7
LMBU8465031,LMBU,846503,1
WZTU7821540,WZTU,782154,0
AWQU7262313,AWQU,726231,3
YRBU7914084,YRBU,791408,4
FJHU7754547,FJHU,775454,7
CHJU8155098,CHJU,815509,8
EOZU7648851,EOZU,764885,1
GAOU3188000,GAOU,318800,0
ZSKU6143429,ZSKU,614342,9
VGSU0736628,VGSU,073662,8
SJZU5470547,SJZU,547054,7
ATZU0403403,ATZU,040340,3
IOTU2284821,IOTU,228482,1
DKSU7182872,DKSU,718287,2
XANU1642761,XANU,164276,1
WQIU3690769,WQIU,369076,9
FEMU6323281,FEMU,632328,1
QFCU6219789,QFCU,621978,9
TUFU6330007,TUFU,633000,7
RETU5524587,RETU,552458,7
GQGU1440638,GQGU,144063,8
FXOU1610999,FXOU,161099,9
JERU2155411,JERU,215541,1
UHBU6980030,UHBU,698003,0
BWMU8855408,BWMU,885540,8
KXFU0156175,KXFU,015617,5
OFLU4461416,OFLU,446141,6
DRIU5883184,DRIU,588318,4
GPGU8404878,GPGU,840487,8
QQGU4758849,QQGU,475884,9
LLWU8763336,LLWU,876333,6
FPMU3391330,FPMU,339133,0
VTUU1739516,VTUU,173951,6
SCRU8807702,SCRU,880770,2
WWMU4708307,WWMU,470830,7
AIUU5672422,AIUU,567242,2
DWOU0635303,DWOU,063530,3
NPEU0833454,NPEU,083345,4
UISU3802854,UISU,380285,4
QEIU5149054,QEIU,514905,4
IBWU6976283,IBWU,697628,3
KLZU5903053,KLZU,590305,3
RQVU0911973,RQVU,091197,3
PRZU1338789,PRZU,133878,9
WGLU6545835,WGLU,654583,5
XDIU2915188,XDIU,291518,8
JUUU3272420,JUUU,327242,0
JIFU7095871,JIFU,709587,1
JTQU5142347,JTQU,514234,7
LQDU3970673,LQDU,397067,3
PFNU6403947,PFNU,640394,7
EZXU8121350,EZXU,812135,0
OZJU7603977,OZJU,760397,7
XFPU8661078,XFPU,866107,8
VXXU0802686,VXXU,080268,6
YNVU1375687,YNVU,137568,7
VOLU0678076,VOLU,067807,6
OBTU8790108,OBTU,879010,8
EOXU9369838,EOXU,936983,8
BWUU8266773,BWUU,826677,3
YXVU1149972,YXVU,114997,2
DFXU3358077,DFXU,335807,7
EJKU8417767,EJKU,841776,7
ORSU7200668,ORSU,720066,8
WWQU9851260,WWQU,985126,0
DHAU9315580,DHAU,931558,0
XUEU4585252,XUEU,458525,2
VCHU0904232,VCHU,090423,2
VSYU0446119,VSYU,044611,9
PORU9944906,PORU,994490,6
XWWU0322277,XWWU,032227,7
THQU5085388,THQU,508538,8
XOWU3660667,XOWU,366066,7
UACU9046015,UACU,904601,5
BFHU8102033,BFHU,810203,3
FLNU7820254,FLNU,782025,4
XKYU6955130,XKYU,695513,0
WAMU7180413,WAMU,718041,3
KBDU2316409,KBDU,231640,9
ARYU3337967,ARYU,333796,7
YQTU8991797,YQTU,899179,7
SDJU0823305,SDJU,082330,5
AJMU6126049,AJMU,612604,9
ZFUU6022714,ZFUU,602271,4
CAOU8168554,CAOU,816855,4
UFYU1052787,UFYU,105278,7
AFFU3508294,AFFU,350829,4
UTUU7789169,UTUU,778916,9
YZBU3662458,YZBU,366245,8
EKQU1008086,EKQU,100808,6
UADU9464359,UADU,946435,9
DTRU3225883,DTRU,322588,3
HZMU0250875,HZMU,025087,5
TZCU4382022,TZCU,438202,2
QMAU7410622,QMAU,741062,2
ZQXU2095600,ZQXU,209560,0
CMRU3424515,CMRU,342451,5
SNQU3447160,SNQU,344716,0
RTJU8350580,RTJU,835058,0
ZTBU9857692,ZTBU,985769,2
KSYU5779743,KSYU,577974,3
CGOU8439659,CGOU,843965,9
OBYU5823278,OBYU,582327,8
HQBU7108198,HQBU,710819,8
RWRU7537108,RWRU,753710,8
LZSU5853482,LZSU,585348,2
RSQU8331593,RSQU,833159,3
FRIU9622909,FRIU,962290,9
JTZU5201657,JTZU,520165,7
OPTU2606572,OPTU,260657,2
JZSU3824498,JZSU,382449,8
YRIU7731319,YRIU,773131,9
LVIU3098220,LVIU,309822,0
TGVU3765848,TGVU,376584,8
CGQU4055708,CGQU,405570,8
NRPU2765119,NRPU,276511,9
UILU2261343,UILU,226134,3
KDNU0413759,KDNU,041375,9
YQSU0813901,YQSU,081390,1
AZWU7554466,AZWU,755446,6
DGVU2262680,DGVU,226268,0
WJWU1261840,WJWU,126184,0
GIQU8718792,GIQU,871879,2
RGPU0468730,RGPU,046873,0
BJRU6734007,BJRU,673400,7
HZAU2973363,HZAU,297336,3
WCWU9389413,WCWU,938941,3
IJDU6476054,IJDU,647605,4
TJDU1504982,TJDU,150498,2
RJVU9418259,RJVU,941825,9
XUBU8497396,XUBU,849739,6
KTWU8115104,KTWU,811510,4
SYVU1985279,SYVU,198527,9
YOZU9007965,YOZU,900796,5
CBNU4331792,CBNU,433179,2
NRGU6650507,NRGU,665050,7
FKWU9787029,FKWU,978702,9
QPCU9398190,QPCU,939819,0
EKRU6431514,EKRU,643151,4
HISU1148063,HISU,114806,3
GCWU8404184,GCWU,840418,4
XGZU9466360,XGZU,946636,0
OKXU6411262,OKXU,641126,2
KMFU4392670,KMFU,439267,0
XOCU2668154,XOCU,266815,4
AWWU0656218,AWWU,065621,8
WOIU3956270,WOIU,395627,0
ZKBU2444317,ZKBU,244431,7
DMCU2205048,DMCU,220504,8
LNPU4192655,LNPU,419265,5
SMBU7261636,SMBU,726163,6
EJIU5113001,EJIU,511300,1
TXKU9955755,TXKU,995575,5
WGQU6712150,WGQU,671215,0
ZRBU1589136,ZRBU,158913,6
CYTU0563816,CYTU,056381,6
XQUU9854209,XQUU,985420,9
EKAU9295731,EKAU,929573,1
CBZU7344825,CBZU,734482,5
QEKU0977860,QEKU,097786,0
BFPU9695091,BFPU,969509,1
SIWU1199136,SIWU,119913,6
OIFU3172390,OIFU,317239,0
NSMU0303576,NSMU,030357,6
VVVU7355594,VVVU,735559,4
NZKU2044499,NZKU,204449,9
TDTU9908092,TDTU,990809,2
FTDU6441590,FTDU,644159,0
TASU3493439,TASU,349343,9
GUSU5814941,GUSU,581494,1
AEOU4407410,AEOU,440741,0
YMWU2925331,YMWU,292533,1
XGXU2536828,XGXU,253682,8
TXQU9783245,TXQU,978324,5
VEWU5837338,VEWU,583733,8
CVJU5903322,CVJU,590332,2
JMYU8012959,JMYU,801295,9
DWXU4003688,DWXU,400368,8
EINU2892090,EINU,289209,0
VKPU2428976,VKPU,242897,6
XZGU1542804,XZGU,154280,4
LWOU4291307,LWOU,429130,7
LIJU6408182,LIJU,640818,2
AISU5123507,AISU,512350,7
PZKU8744845,PZKU,874484,5
TRNU4191635,TRNU,419163,5
WXTU6453990,WXTU,645399,0
GAOU0309557,GAOU,030955,7
TMTU8527715,TMTU,852771,5
DXGU2556120,DXGU,255612,0
OLGU2681670,OLGU,268167,0
BXBU7200997,BXBU,720099,7
DWUU9782647,DWUU,978264,7
LZUU0668236,LZUU,066823,6
HVQU5169001,HVQU,516900,1
LRQU5145290,LRQU,514529,0
QWQU5073702,QWQU,507370,2
IFTU4966740,IFTU,496674,0
BADU2976442,BADU,297644,2
ATPU7566660,ATPU,756666,0
FFHU4689456,FFHU,468945,6
DCKU4068827,DCKU,406882,7
KOXU7912448,KOXU,791244,8
BNXU9257200,BNXU,925720,0
AFVU9260087,AFVU,926008,7
QSOU3820510,QSOU,382051,0
AETU3702379,AETU,370237,9
SNWU0732848,SNWU,073284,8
VFOU9271905,VFOU,927190,5
QPUU5897862,QPUU,589786,2
FEGU1719090,FEGU,171909,0
BGPU5066744,BGPU,506674,4
APSU6023596,APSU,602359,6
YREU6922384,YREU,692238,4
NBTU0982654,NBTU,098265,4
QIKU4286191,QIKU,428619,1
KAVU5765526,KAVU,576552,6
XTTU8626130,XTTU,862613,0
HTKU5399019,HTKU,539901,9
CAPU7187213,CAPU,718721,3
FHJU8242214,FHJU,824221,4
UERU3709648,UERU,370964,8
TMIU8892205,TMIU,889220,5
YBVU5966278,YBVU,596627,8
UEEU6379847,UEEU,637984,7
CYJU5088576,CYJU,508857,6
VEDU0166760,VEDU,016676,0
OINU5030099,OINU,503009,9
AKFU2877912,AKFU,287791,2
LDDU1059111,LDDU,105911,1
EPNU2188830,EPNU,218883,0
KSVU3213566,KSVU,321356,6
SWLU7270793,SWLU,727079,3
RRHU5881427,RRHU,588142,7
DGIU2358220,DGIU,235822,0
XTGU4090372,XTGU,409037,2
VLZU3768249,VLZU,376824,9
PHWU3256776,PHWU,325677,6
IBLU0163174,IBLU,016317,4
RCJU3650480,RCJU,365048,0
YPZU1971621,YPZU,197162,1
YWAU1132950,YWAU,113295,0
NFQU0444151,NFQU,044415,1
AICU4846900,AICU,484690,0
ADKU2702530,ADKU,270253,0
XRFU2721656,XRFU,272165,6
VGRU6047469,VGRU,604746,9
DSUU7270473,DSUU,727047,3
WZSU5326029,WZSU,532602,9
IJHU7279898,IJHU,727989,8
MYFU8222196,MYFU,822219,6
CANU7218235,CANU,721823,5
AKYU0706814,AKYU,070681,4
EFNU4234071,EFNU,423407,1
QDDU5715573,QDDU,571557,3
EIJU6952687,EIJU,695268,7
WLEU1194323,WLEU,119432,3
XKRU9412522,XKRU,941252,2
WOMU0323996,WOMU,032399,6
WFNU4217257,WFNU,421725,7
AGFU2928458,AGFU,292845,8
AKDU1464218,AKDU,146421,8
INMU4228028,INMU,422802,8
UAMU9482220,UAMU,948222,0
LAMU8442775,LAMU,844277,5
MSLU7515926,MSLU,751592,6
MVHU5199582,MVHU,519958,2
PVZU7745728,PVZU,774572,8
TOVU1830534,TOVU,183053,4
KZJU6522449,KZJU,652244,9
GVEU6598949,GVEU,659894,9
IKTU7306626,IKTU,730662,6
OPPU4215470,OPPU,421547,0
IVTU5451697,IVTU,545169,7
ZGUU1865997,ZGUU,186599,7
IUQU5085211,IUQU,508521,1
UZWU0268922,UZWU,026892,2
ENZU6706519,ENZU,670651,9
NFMU9736592,NFMU,973659,2
JDJU3571276,JDJU,357127,6
MUFU2142387,MUFU,214238,7
GQIU9414864,GQIU,941486,4
TIIU7143097,TIIU,714309,7
WPDU1997247,WPDU,199724,7
KJIU3432242,KJIU,343224,2
TJTU0909606,TJTU,090960,6
WOEU7722824,WOEU,772282,4
TYBU0450289,TYBU,045028,9
OBWU7041394,OBWU,704139,4
DUBU5851818,DUBU,585181,8
IPMU6397036,IPMU,639703,6
WDEU8031759,WDEU,803175,9
DKBU3390039,DKBU,339003,9
ENFU2504058,ENFU,250405,8
APHU3147054,APHU,314705,4
WBRU8548287,WBRU,854828,7
CIHU8674164,CIHU,867416,4
FETU3847974,FETU,384797,4
COPU1855510,COPU,185551,0
UYBU6768025,UYBU,676802,5
XPTU0571959,XPTU,057195,9
AMTU8831312,AMTU,883131,2
AYOU5265644,AYOU,526564,4
JGWU1206320,JGWU,120632,0
XHVU1565636,XHVU,156563,6
FNLU3817449,FNLU,381744,9
SEIU2042640,SEIU,204264,0
GEAU3783621,GEAU,378362,1
LZDU4256376,LZDU,425637,6
MWCU4765138,MWCU,476513,8
JBQU1383336,JBQU,138333,6
JBZU3530010,JBZU,353001,0
NRKU8052350,NRKU,805235,0
HUUU5731341,HUUU,573134,1
MTYU8443947,MTYU,844394,7
EWTU1686433,EWTU,168643,3
VYIU9521611,VYIU,952161,1
CTOU8254706,CTOU,825470,6
CNZU6516374,CNZU,651637,4
GZUU8338317,GZUU,833831,7
MCDU8492056,MCDU,849205,6
DEXU4590911,DEXU,459091,1
YSEU2864147,YSEU,286414,7
REIU4054150,REIU,405415,0
VUMU0836561,VUMU,083656,1
TUYU5977802,TUYU,597780,2
TRXU8877259,TRXU,887725,9
HZNU2474796,HZNU,247479,6
JRIU0303479,JRIU,030347,9
AYAU6763089,AYAU,676308,9
JYTU0010062,JYTU,001006,2
ATFU8942649,ATFU,894264,9
JYGU5439070,JYGU,543907,0
AMYU2238261,AMYU,223826,1
MEZU0457450,MEZU,045745,0
RAKU1227060,RAKU,122706,0
WVOU2476738,WVOU,247673,8
IAOU1186377,IAOU,118637,7
VBWU7289407,VBWU,728940,7
ACVU4071043,ACVU,407104,3
AAEU6126963,AAEU,612696,3
LAAU7715302,LAAU,771530,2
CYGU3780542,CYGU,378054,2
NOKU1648316,NOKU,164831,6
QYFU9063106,QYFU,906310,6
LIXU2626651,LIXU,262665,1
AJTU5214182,AJTU,521418,2
IUDU3269796,IUDU,326979,6
LBVU0609655,LBVU,060965,5
BPAU0660322,BPAU,066032,2
MMAU6330956,MMAU,633095,6
TNCU2814740,TNCU,281474,0
SPRU4384233,SPRU,438423,3
SWNU3934818,SWNU,393481,8
CVXU9064087,CVXU,906408,7
GFYU9376808,GFYU,937680,8
YGIU7752069,YGIU,775206,9
YRRU0607257,YRRU,060725,7
RFEU1142281,RFEU,114228,1
VPYU3327191,VPYU,332719,1
VBRU5937556,VBRU,593755,6
YBJU9825493,YBJU,982549,3
XXAU7051835,XXAU,705183,5
NBIU0959183,NBIU,095918,3
ZFUU4134485,ZFUU,413448,5
RWBU9427638,RWBU,942763,8
PATU8008691,PATU,800869,1
JXKU7728794,JXKU,772879,4
OFAU2598830,OFAU,259883,0
TVTU3376342,TVTU,337634,2
NNUU3626572,NNUU,362657,2
KBZU1907298,KBZU,190729,8
QQUU8160145,QQUU,816014,5
HPHU6385773,HPHU,638577,3
QBPU2321590,QBPU,232159,0
TRAU1457840,TRAU,145784,0
LIRU6763702,LIRU,676370,2
POUU1538985,POUU,153898,5
QWTU5146013,QWTU,514601,3
SYHU7749307,SYHU,774930,7
JIPU4927350,JIPU,492735,0
KXXU4287005,KXXU,428700,5
CLAU0782828,CLAU,078282,8
TZMU7387619,TZMU,738761,9
UMFU9147212,UMFU,914721,2
XYYU3754526,XYYU,375452,6
PQGU1104904,PQGU,110490,4
WFKU7830571,WFKU,783057,1
TLRU7433799,TLRU,743379,9
SNQU5264322,SNQU,526432,2
DJNU8054990,DJNU,805499,0
WCLU4810059,WCLU,481005,9
BFBU6600040,BFBU,660004,0
IHNU6742124,IHNU,674212,4
FPTU0544507,FPTU,054450,7
XKWU7771947,XKWU,777194,7
KODU8497193,KODU,849719,3
MFOU3276161,MFOU,327616,1
WLOU0283468,WLOU,028346,8
LVHU4498187,LVHU,449818,7
JUQU9092375,JUQU,909237,5
FONU7889425,FONU,788942,5
PDQU9346093,PDQU,934609,3
RISU8284518,RISU,828451,8
MFFU6225198,MFFU,622519,8
HBJU9684021,HBJU,968402,1
NRZU5867161,NRZU,586716,1
JAUU1715540,JAUU,171554,0
ORWU0396135,ORWU,039613,5
AXYU9494729,AXYU,949472,9
KKHU0810901,KKHU,081090,1
EEOU5637520,EEOU,563752,0
MXBU6423744,MXBU,642374,4
UGLU0713184,UGLU,071318,4
FHMU6021306,FHMU,602130,6
LGYU0249179,LGYU,024917,9
KSIU5227348,KSIU,522734,8
IZMU1378882,IZMU,137888,2
IVUU9880610,IVUU,988061,0
UQOU9568046,UQOU,956804,6
SUNU7546899,SUNU,754689,9
QMTU7341127,QMTU,734112,7
ECEU6745090,ECEU,674509,0
FHBU5285743,FHBU,528574,3
SJPU3431120,SJPU,343112,0
DJDU7195843,DJDU,719584,3
FNVU7756444,FNVU,775644,4
XGBU7839460,XGBU,783946,0
PEAU2643706,PEAU,264370,6
OGLU4253271,OGLU,425327,1
RZXU1178491,RZXU,117849,1
CZUU2924261,CZUU,292426,1
MBTU2771346,MBTU,277134,6
RFZU8108359,RFZU,810835,9
AJWU5180493,AJWU,518049,3
HHNU9295380,HHNU,929538,0
MEKU2571178,MEKU,257117,8
FWSU5914689,FWSU,591468,9
NMRU6449251,NMRU,644925,1
GGIU5544160,GGIU,554416,0
VLFU3013746,VLFU,301374,6
EKYU2615446,EKYU,261544,6
OSTU4176516,OSTU,417651,6
RSEU1456035,RSEU,145603,5
ZYYU4246223,ZYYU,424622,3
OVSU9381374,OVSU,938137,4
GFOU8899701,GFOU,889970,1
NPHU1025786,NPHU,102578,6
OJBU6213118,OJBU,621311,8
SRQU8644679,SRQU,864467,9
HXZU2826340,HXZU,282634,0
WGQU4486984,WGQU,448698,4
IMWU8100178,IMWU,810017,8
LSLU1808166,LSLU,180816,6
JJJU5459749,JJJU,545974,9
IGTU1216723,IGTU,121672,3
VSQU9321465,VSQU,932146,5
WLRU6068735,WLRU,606873,5
JMCU4369895,JMCU,436989,5
FLFU4060643,FLFU,406064,3
ODTU5445797,ODTU,544579,7
SJKU3266430,SJKU,326643,0
XOQU0865863,XOQU,086586,3
AKAU2577359,AKAU,257735,9
JZTU1210848,JZTU,121084,8
YVWU9773922,YVWU,977392,2
HSFU0285097,HSFU,028509,7
EKJU2073390,EKJU,207339,0
KIMU4422841,KIMU,442284,1
MKQU8342220,MKQU,834222,0
CNZU4497022,CNZU,449702,2
OSQU0580581,OSQU,058058,1
IDOU5535704,IDOU,553570,4
ZQRU4799331,ZQRU,479933,1
WRWU5621140,WRWU,562114,0
BTVU9004628,BTVU,900462,8
BEGU1206447,BEGU,120644,7
DCXU9641345,DCXU,964134,5
QKXU1639354,QKXU,163935,4
ANKU0512422,ANKU,051242,2
MCMU2010533,MCMU,201053,3
NBAU3580694,NBAU,358069,4
UYBU6389361,UYBU,638936,1
NSSU1241280,NSSU,124128,0
LQOU6973155,LQOU,697315,5
QLDU6729264,QLDU,672926,4
KBRU2169051,KBRU,216905,1
LQYU7304766,LQYU,730476,6
LGHU0374206,LGHU,037420,6
NSYU9370850,NSYU,937085,0
FDXU4752709,FDXU,475270,9
LIRU7521180,LIRU,752118,0
JAJU7008880,JAJU,700888,0
IZDU9509175,IZDU,950917,5
GDMU7267710,GDMU,726771,0
ESKU7087653,ESKU,708765,3
YFHU2277891,YFHU,227789,1
TOPU1628873,TOPU,162887,3
HYTU4658663,HYTU,465866,3
VQHU3903387,VQHU,390338,7
JHUU4845990,JHUU,484599,0
JXVU2458543,JXVU,245854,3
RDBU3787346,RDBU,378734,6
MBWU6193174,MBWU,619317,4
GBFU8320354,GBFU,832035,4
WXHU7859647,WXHU,785964,7
MGBU0543840,MGBU,054384,0
KDIU1100356,KDIU,110035,6
NNFU8934862,NNFU,893486,2
GPGU8557666,GPGU,855766,6
OMZU4387299,OMZU,438729,9
LPHU9747356,LPHU,974735,6
PRZU0983469,PRZU,098346,9
CTMU2760274,CTMU,276027,4
UOBU6510112,UOBU,651011,2
MYWU3045055,MYWU,304505,5
RACU3237304,RACU,323730,4
VEVU7809429,VEVU,780942,9
EILU9667365,EILU,966736,5
VPTU0001825,VPTU,000182,5
XPUU4715467,XPUU,471546,7
IUKU0599906,IUKU,059990,6
RVZU5089290,RVZU,508929,0
OVVU5042910,OVVU,504291,0
ZNBU4698278,ZNBU,469827,8
DQBU6050415,DQBU,605041,5
EDXU2008750,EDXU,200875,0
CNZU5343309,CNZU,534330,9
IKDU3543886,IKDU,354388,6
SZQU8831399,SZQU,883139,9
JHKU8624003,JHKU,862400,3
FSZU3510100,FSZU,351010,0
GYYU4925842,GYYU,492584,2
CFHU3792050,CFHU,379205,0
ITVU9886836,ITVU,988683,6
JJAU1945854,JJAU,194585,4
SJZU7794294,SJZU,779429,4
YHCU0898827,YHCU,089882,7
YYYU3567320,YYYU,356732,0
BTAU9204070,BTAU,920407,0
EDNU8574630,EDNU,857463,0
RHEU7096510,RHEU,709651,0
KLXU6694726,KLXU,669472,6
WNAU7934633,WNAU,793463,3
TJBU6787297,TJBU,678729,7
RFAU3405115,RFAU,340511,5
LVJU7027845,LVJU,702784,5
OCMU3881156,OCMU,388115,6
JUZU5769000,JUZU,576900,0
XPFU9134338,XPFU,913433,8
FBLU3283376,FBLU,328337,6
EVOU5771220,EVOU,577122,0
GJRU3159906,GJRU,315990,6
OHKU8617458,OHKU,861745,8
MFJU9445138,MFJU,944513,8
NQTU2317375,NQTU,231737,5
PCSU4015210,PCSU,401521,0
JOVU7309307,JOVU,730930,7
KNXU1482179,KNXU,148217,9
UGWU2872018,UGWU,287201,8
TNFU8221933,TNFU,822193,3
PXIU3768993,PXIU,376899,3
YRIU0159140,YRIU,015914,0
PQRU9923229,PQRU,992322,9
DTEU6107461,DTEU,610746,1
BOCU4089210,BOCU,408921,0
STEU3610543,STEU,361054,3
ZKKU4168329,ZKKU,416832,9
VTUU8926313,VTUU,892631,3
PSFU5372269,PSFU,537226,9
CCGU8448183,CCGU,844818,3
RLQU0847174,RLQU,084717,4
RODU5206727,RODU,520672,7
VKGU2521022,VKGU,252102,2
VLKU0635317,VLKU,063531,7
HSSU0863961,HSSU,086396,1
PLMU0119315,PLMU,011931,5
IVVU5777935,IVVU,577793,5
UMZU5914614,UMZU,591461,4
CLLU0461867,CLLU,046186,7
IRAU1351159,IRAU,135115,9
WDOU8231166,WDOU,823116,6
VMVU3798929,VMVU,379892,9
LZTU3140969,LZTU,314096,9
CYTU7507033,CYTU,750703,3
EJVU1903018,EJVU,190301,8
XFKU3714614,XFKU,371461,4
YNLU9408200,YNLU,940820,0
LGIU3868295,LGIU,386829,5
VIIU5290888,VIIU,529088,8
GJOU1706500,GJOU,170650,0
AIZU8435956,AIZU,843595,6
WMBU6048111,WMBU,604811,1
LHLU6778838,LHLU,677883,8
TEIU2295947,TEIU,229594,7
POWU8380969,POWU,838096,9
EEHU5438792,EEHU,543879,2
AUQU5187642,AUQU,518764,2
UXMU5377727,UXMU,537772,7
OGTU1724654,OGTU,172465,4
WIYU5510891,WIYU,551089,1
LBDU8861629,LBDU,886162,9
NWIU2077524,NWIU,207752,4
ZJDU7971548,ZJDU,797154,8
PPGU9285601,PPGU,928560,1
ZOIU7776448,ZOIU,777644,8
COYU6653971,COYU,665397,1
TQOU8176836,TQOU,817683,6
YIIU0082122,YIIU,008212,2
SDEU5184662,SDEU,518466,2
GXKU8829148,GXKU,882914,8
KKSU7577755,KKSU,757775,5
JWBU6840022,JWBU,684002,2
EQHU6394157,EQHU,639415,7
TWBU7064833,TWBU,706483,3
MLTU9102569,MLTU,910256,9
WYMU5311832,WYMU,531183,2
BPLU7889895,BPLU,788989,5
WTLU0921397,WTLU,092139,7
TMKU0902639,TMKU,090263,9
QTOU6482450,QTOU,648245,0
SHDU3853628,SHDU,385362,8
XFJU8212620,XFJU,821262,0
JGVU9198931,JGVU,919893,1
BCHU2690171,BCHU,269017,1
GEQU4908020,GEQU,490802,0
FEXU4822979,FEXU,482297,9
WLDU2578628,WLDU,257862,8
QJPU2709580,QJPU,270958,0
SQZU7860744,SQZU,786074,4
JUAU0754897,JUAU,075489,7
ETAU4227326,ETAU,422732,6
EVPU1890461,EVPU,189046,1
GYZU5802234,GYZU,580223,4
JWSU0397838,JWSU,039783,8
QWWU1755084,QWWU,175508,4
BSRU3669230,BSRU,366923,0
UREU2052928,UREU,205292,8
ZOKU5004648,ZOKU,500464,8
CHBU7516664,CHBU,751666,4
TSXU9571917,TSXU,957191,7
ZLKU8406959,ZLKU,840695,9
VTXU7104230,VTXU,710423,0
DEJU6652547,DEJU,665254,7
HRMU1396277,HRMU,139627,7
ESUU3676716,ESUU,367671,6
MVKU6247639,MVKU,624763,9
KODU7020396,KODU,702039,6
XKDU5492206,XKDU,549220,6
NTQU6771966,NTQU,677196,6
XIGU6802469,XIGU,680246,9
OCVU2110119,OCVU,211011,9
HKCU0542114,HKCU,054211,4
CENU3518697,CENU,351869,7
MHIU2042172,MHIU,204217,2
YFRU9320182,YFRU,932018,2
JJRU6631599,JJRU,663159,9
OCTU0680256,OCTU,068025,6
SBMU7110499,SBMU,711049,9
HLXU0814668,HLXU,081466,8
TMFU8622615,TMFU,862261,5
KFVU2724252,KFVU,272425,2
SBXU0967760,SBXU,096776,0
SMJU7593985,SMJU,759398,5
YFYU7008847,YFYU,700884,7
VVZU2825616,VVZU,282561,6
NIEU6785317,NIEU,678531,7
OKEU3664300,OKEU,366430,0
MTDU6019746,MTDU,601974,6
WEXU8182706,WEXU,818270,6
ATAU7888599,ATAU,788859,9
JTHU5508677,JTHU,550867,7
RPFU9491956,RPFU,949195,6
YMTU8609568,YMTU,860956,8
QLFU3503769,QLFU,350376,9
ZFFU2044574,ZFFU,204457,4
HGIU6846680,HGIU,684668,0
VIAU1983475,VIAU,198347,5
ELJU7754180,ELJU,775418,0
NOJU5639345,NOJU,563934,5
DPZU0438237,DPZU,043823,7
RUDU9711862,RUDU,971186,2
GCPU9497583,GCPU,949758,3
HGWU8979572,HGWU,897957,2
OSWU5846155,OSWU,584615,5
ZQKU1999532,ZQKU,199953,2
OLVU2129494,OLVU,212949,4
YHBU9049452,YHBU,904945,2
POWU0698676,POWU,069867,6
XNHU8921667,XNHU,892166,7
IPSU1862179,IPSU,186217,9
ADZU5833509,ADZU,583350,9
AOXU7390404,AOXU,739040,4
HVDU0606181,HVDU,060618,1
QDFU6863398,QDFU,686339,8
IPIU3803961,IPIU,380396,1
TKZU9158870,TKZU,915887,0
KGZU2523742,KGZU,252374,2
YTWU7341415,YTWU,734141,5
CYZU1458111,CYZU,145811,1
ABFU5388436,ABFU,538843,6
PRNU2304298,PRNU,230429,8
YFBU6295567,YFBU,629556,7
VKIU0862789,VKIU,086278,9
CYWU0683230,CYWU,068323,0
TISU6317147,TISU,631714,7
BLGU1830669,BLGU,183066,9
OUBU1401710,OUBU,140171,0
DMFU6899673,DMFU,689967,3
GDGU0368955,GDGU,036895,5
NHXU2759546,NHXU,275954,6
VPMU5302718,VPMU,530271,8
PYNU4322130,PYNU,432213,0
XSJU1922333,XSJU,192233,3
OQIU9044731,OQIU,904473,1
WJWU7430300,WJWU,743030,0
RHMU6536387,RHMU,653638,7
GNJU7140227,GNJU,714022,7
YGYU4061496,YGYU,406149,6
QMPU4456410,QMPU,445641,0
TBTU6065473,TBTU,606547,3
AWSU3636201,AWSU,363620,1
CJUU3209901,CJUU,320990,1
WOYU9274647,WOYU,927464,7
NIJU2345473,NIJU,234547,3
WZCU2100822,WZCU,210082,2
OXHU1191383,OXHU,119138,3
IMFU7771315,IMFU,777131,5
JEPU3237775,JEPU,323777,5
OWIU7236276,OWIU,723627,6
THIU8588228,THIU,858822,8
KBPU5623617,KBPU,562361,7
PNVU2800354,PNVU,280035,4
IVAU0673798,IVAU,067379,8
SLEU2005266,SLEU,200526,6
NJNU7230501,NJNU,723050,1
TSOU1112216,TSOU,111221,6
GELU8799021,GELU,879902,1
WCBU9784245,WCBU,978424,5
JXWU9004382,JXWU,900438,2
YBVU5466143,YBVU,546614,3
VFWU1446933,VFWU,144693,3
FMNU4870968,FMNU,487096,8
GSSU7350574,GSSU,735057,4
CLRU3980003,CLRU,398000,3
DOJU7295655,DOJU,729565,5
HCTU7627997,HCTU,762799,7
QNBU5485278,QNBU,548527,8
QBAU3819035,QBAU,381903,5
VRYU1961261,VRYU,196126,1
AGZU2222287,AGZU,222228,7
IGGU8147496,IGGU,814749,6
VKHU0648881,VKHU,064888,1
ZYRU8526429,ZYRU,852642,9
NLIU0230062,NLIU,023006,2
KFHU0163302,KFHU,016330,2
GVZU2738901,GVZU,273890,1
CGRU0121750,CGRU,012175,0
NHWU0547837,NHWU,054783,7
JHTU2138382,JHTU,213838,2
EZMU0701786,EZMU,070178,6
YVWU8653959,YVWU,865395,9
MPOU8903710,MPOU,890371,0
RXPU5198782,RXPU,519878,2
TDIU8239384,TDIU,823938,4
KTTU0921834,KTTU,092183,4
MZBU1423302,MZBU,142330,2
EHGU9298638,EHGU,929863,8
ZASU0348562,ZASU,034856,2
YMBU5833180,YMBU,583318,0
LYZU0014472,LYZU,001447,2
TEFU2405787,TEFU,240578,7
CVPU1222434,CVPU,122243,4
RJTU4495631,RJTU,449563,1
MBKU5710456,MBKU,571045,6
OPCU0956832,OPCU,095683,2
RFOU4836310,RFOU,483631,0
GOXU4720983,GOXU,472098,3
EICU6782800,EICU,678280,0
YHKU9667411,YHKU,966741,1
TJJU1142210,TJJU,114221,0
EENU5597927,EENU,559792,7
FJXU2234759,FJXU,223475,9
GFJU9916144,GFJU,991614,4
RNIU0129115,RNIU,012911,5
EOUU1243108,EOUU,124310,8
QIAU2965017,QIAU,296501,7
DHIU0750424,DHIU,075042,4
VRHU2954756,VRHU,295475,6
RJDU3489967,RJDU,348996,7
BIIU1554616,BIIU,155461,6
NTPU2112273,NTPU,211227,3
VGTU7186152,VGTU,718615,2
GNMU9502551,GNMU,950255,1
VHZU7983831,VHZU,798383,1
JSNU0360868,JSNU,036086,8
GLKU4663306,GLKU,466330,6
OGYU0179789,OGYU,017978,9
UGYU8040199,UGYU,804019,9
JLBU0330122,JLBU,033012,2
JDAU8109665,JDAU,810966,5
CWEU3996778,CWEU,399677,8
LWKU1420362,LWKU,142036,2
NCMU9503933,NCMU,950393,3
TSZU6923020,TSZU,692302,0
MRSU2360830,MRSU,236083,0
DBLU9631292,DBLU,963129,2
YPFU3125258,YPFU,312525,8
PRWU9801440,PRWU,980144,0
UYDU5272249,UYDU,527224,9
KSWU7448496,KSWU,744849,6
KOTU9758143,KOTU,975814,3
MEKU0095160,MEKU,009516,0
VNFU5421910,VNFU,542191,0
IIDU8526039,IIDU,852603,9
HKUU4054930,HKUU,405493,0
ZCRU1744791,ZCRU,174479,1
HIAU7018779,HIAU,701877,9
NQSU8295602,NQSU,829560,2
KJDU6770970,KJDU,677097,0
ZPUU7589641,ZPUU,758964,1
PMTU1032958,PMTU,103295,8
PXVU4938300,PXVU,493830,0
RERU9955815,RERU,995581,5
XOJU0367727,XOJU,036772,7
AFXU1502216,AFXU,150221,6
JGWU2108950,JGWU,210895,0
MDWU0153096,MDWU,015309,6
PLQU0469806,PLQU,046980,6
SRVU2484003,SRVU,248400,3
HFKU1434393,HFKU,143439,3
HSJU2515320,HSJU,251532,0
ORRU9845240,ORRU,984524,0
FEXU0941291,FEXU,094129,1
FBXU0830081,FBXU,083008,1
RDVU3474721,RDVU,347472,1
DNPU7693797,DNPU,769379,7
YPDU6785704,YPDU,678570,4
EOJU9590265,EOJU,959026,5
HCGU6959424,HCGU,695942,4
OOYU6805119,OOYU,680511,9
JGRU0993316,JGRU,099331,6
QFGU5340872,QFGU,534087,2
THXU7106616,THXU,710661,6
NEZU1240898,NEZU,124089,8
BTIU1419583,BTIU,141958,3
GMHU1330283,GMHU,133028,3
INCU1667731,INCU,166773,1
PRHU3837423,PRHU,383742,3
OHVU4154096,OHVU,415409,6
DFCU0172336,DFCU,017233,6
NOTU3028748,NOTU,302874,8
SYJU8644123,SYJU,864412,3
GGOU7825769,GGOU,782576,9
FKSU8745170,FKSU,874517,0
PQNU8648679,PQNU,864867,9
UMRU4299544,UMRU,429954,4
EIVU9323020,EIVU,932302,0
XQEU6405964,XQEU,640596,4
CWUU6011500,CWUU,601150,0
FBLU2900241,FBLU,290024,1
EWSU6546404,EWSU,654640,4
FATU6342565,FATU,634256,5
MEWU1843591,MEWU,184359,1
NIUU9996110,NIUU,999611,0
GYBU9928606,GYBU,992860,6
DTZU1430407,DTZU,143040,7
DHWU4379747,DHWU,437974,7
XSFU5703344,XSFU,570334,4
LEIU2507313,LEIU,250731,3
REUU3506356,REUU,350635,6
ZYZU1854157,ZYZU,185415,7
QDPU3630807,QDPU,363080,7
UOSU0026277,UOSU,002627,7
XJBU2341763,XJBU,234176,3
ZXLU6685813,ZXLU,668581,3
EGIU8984201,EGIU,898420,1
SHSU8658010,SHSU,865801,0
DLSU5100040,DLSU,510004,0
GABU2291100,GABU,229110,0
RQOU1359936,RQOU,135993,6
JYUU0910767,JYUU,091076,7
CMQU5001904,CMQU,500190,4
IZSU4457879,IZSU,445787,9
PSRU4543723,PSRU,454372,3
MFYU8089883,MFYU,808988,3
MKKU9358186,MKKU,935818,6
TUSU2510188,TUSU,251018,8
ITZU3791738,ITZU,379173,8
OKGU9044639,OKGU,904463,9
ESMU8544586,ESMU,854458,6
OVKU9645999,OVKU,964599,9
DMIU6047889,DMIU,604788,9
YWCU8062623,YWCU,806262,3
PDSU2330404,PDSU,233040,4
RCEU8716468,RCEU,871646,8
UUSU1530128,UUSU,153012,8
NRSU3870742,NRSU,387074,2
ORKU5945279,ORKU,594527,9
TFKU5440328,TFKU,544032,8
PAZU0341280,PAZU,034128,0
WQBU5451942,WQBU,545194,2
ICVU6377909,ICVU,637790,9
VKAU5312524,VKAU,531252,4
CGJU5246295,CGJU,524629,5
FIVU9532674,FIVU,953267,4
XGEU0525936,XGEU,052593,6
FCOU8632149,FCOU,863214,9
LGQU2366504,LGQU,236650,4
KDNU5367208,KDNU,536720,8
CZYU6602019,CZYU,660201,9
LFXU3697295,LFXU,369729,5
XNEU4286881,XNEU,428688,1
VNVU1685910,VNVU,168591,0
JVNU4785338,JVNU,478533,8
VUHU2674730,VUHU,267473,0
WMWU5884403,WMWU,588440,3
SOVU2616845,SOVU,261684,5
KNGU7370475,KNGU,737047,5
NDSU9203230,NDSU,920323,0
QKKU2553435,QKKU,255343,5
CWGU4925816,CWGU,492581,6
EGWU2995418,EGWU,299541,8
JHFU6829686,JHFU,682968,6
VTIU7901442,VTIU,790144,2
SVYU2605785,SVYU,260578,5
PWDU8342640,PWDU,834264,0
DHJU6968187,DHJU,696818,7
NOJU9197262,NOJU,919726,2
KMGU9027870,KMGU,902787,0
FNBU8474830,FNBU,847483,0
INMU0487437,INMU,048743,7
ZBOU2259381,ZBOU,225938,1
ISDU2924122,ISDU,292412,2
IKBU7875428,IKBU,787542,8
VFKU5256170,VFKU,525617,0
JAWU0094095,JAWU,009409,5
FINU2246110,FINU,224611,0
JIDU9887280,JIDU,988728,0
KWCU9695067,KWCU,969506,7
VMIU9482358,VMIU,948235,8
OZTU4867810,OZTU,486781,0
HCVU7075841,HCVU,707584,1
BJZU2538354,BJZU,253835,4
QJDU1319868,QJDU,131986,8
OODU2191847,OODU,219184,7
JNZU3873287,JNZU,387328,7
OMQU0964755,OMQU,096475,5
AKXU7981780,AKXU,798178,0
MBQU7105887,MBQU,710588,7
WIJU4677898,WIJU,467789,8
ELLU9787286,ELLU,978728,6
PJKU7752519,PJKU,775251,9
IUZU1008091,IUZU,100809,1
SHTU2720480,SHTU,272048,0
SHKU6630557,SHKU,663055,7
CKNU9416158,CKNU,941615,8
AENU2934383,AENU,293438,3
ADMU2636573,ADMU,263657,3
WRLU6075369,WRLU,607536,9
JKZU5944417,JKZU,594441,7
ANWU5790010,ANWU,579001,0
MLZU5867663,MLZU,586766,3
VMCU5912823,VMCU,591282,3
TBTU9642096,TBTU,964209,6
MLVU4354173,MLVU,435417,3
NNQU2703664,NNQU,270366,4
LFKU7711139,LFKU,771113,9
KDQU0987531,KDQU,098753,1
SZUU3636917,SZUU,363691,7
EHRU2651670,EHRU,265167,0
WJSU9947654,WJSU,994765,4
NCDU2381312,NCDU,238131,2
NNIU8007320,NNIU,800732,0
TCCU2160782,TCCU,216078,2
HTRU4406806,HTRU,440680,6
YOQU9064336,YOQU,906433,6
NXNU8582738,NXNU,858273,8
MPUU5271941,MPUU,527194,1
WJZU9856614,WJZU,985661,4
JCWU4294667,JCWU,429466,7
LYVU3375371,LYVU,337537,1
XQGU5953683,XQGU,595368,3
LUXU3893949,LUXU,389394,9
YYTU5626009,YYTU,562600,9
SYCU8689781,SYCU,868978,1
TENU8717105,TENU,871710,5
ZAXU2820622,ZAXU,282062,2
CSTU6110033,CSTU,611003,3
VTGU5127242,VTGU,512724,2
CEJU9917171,CEJU,991717,1
BOTU7713603,BOTU,771360,3
KSQU7271975,KSQU,727197,5
IYFU4603538,IYFU,460353,8
ZVFU0582510,ZVFU,058251,0
UNLU3762567,UNLU,376256,7
FCAU6998207,FCAU,699820,7
CJSU1048077,CJSU,104807,7
IWGU2651368,IWGU,265136,8
HQGU5437839,HQGU,543783,9
HOPU6687964,HOPU,668796,4
SQEU5303509,SQEU,530350,9
CCHU5065646,CCHU,506564,6
YHXU4888116,YHXU,488811,6
URQU4121624,URQU,412162,4
WSHU9666348,WSHU,966634,8
UCBU6553050,UCBU,655305,0
HKQU8380462,HKQU,838046,2
VZMU6487318,VZMU,648731,8
ASQU2703422,ASQU,270342,2
ZEWU7471998,ZEWU,747199,8
XXRU8244479,XXRU,824447,9
IVMU6742048,IVMU,674204,8
WURU7558820,WURU,755882,0
BQLU0411170,BQLU,041117,0
MRUU2156803,MRUU,215680,3
QIBU5061279,QIBU,506127,9
KPJU7583407,KPJU,758340,7
UXBU1008706,UXBU,100870,6
ZQMU3376743,ZQMU,337674,3
BPRU5262995,BPRU,526299,5
IWPU5009635,IWPU,500963,5
XNAU1173775,XNAU,117377,5
OVQU2305821,OVQU,230582,1
ZXGU3803741,ZXGU,380374,1
AGSU6150988,AGSU,615098,8
ULKU4128704,ULKU,412870,4
LRGU1646523,LRGU,164652,3
IBUU1955245,IBUU,195524,5
WGYU2654593,WGYU,265459,3
JJVU9816491,JJVU,981649,1
LFVU8296600,LFVU,829660,0
VTQU1147641,VTQU,114764,1
NJOU9720610,NJOU,972061,0
GHJU7396319,GHJU,739631,9
EYTU9847970,EYTU,984797,0
RUUU0279368,RUUU,027936,8
HQBU2124323,HQBU,212432,3
GKFU0108284,GKFU,010828,4
EFBU5508014,EFBU,550801,4
CZUU3477893,CZUU,347789,3
ORDU3493425,ORDU,349342,5
VVZU9083801,VVZU,908380,1
RPNU9773910,RPNU,977391,0
CFBU6796171,CFBU,679617,1
UWGU8046772,UWGU,804677,2
IZKU3864455,IZKU,386445,5
YWBU2232396,YWBU,223239,6
TJNU5566616,TJNU,556661,6
RBSU3185989,RBSU,318598,9
DLSU6505465,DLSU,650546,5
JNJU6456928,JNJU,645692,8
RWTU7102680,RWTU,710268,0
DKOU5854438,DKOU,585443,8
AMTU8506159,AMTU,850615,9
CRVU1432648,CRVU,143264,8
VPXU4328265,VPXU,432826,5
BADU3970536,BADU,397053,6
FQEU4958155,FQEU,495815,5
CDEU2888580,CDEU,288858,0
ZUDU0736087,ZUDU,073608,7
SPCU0850171,SPCU,085017,1
PSJU9520245,PSJU,952024,5
XKGU7960499,XKGU,796049,9
SRDU4439700,SRDU,443970,0
DIMU6541695,DIMU,654169,5
VGKU3722883,VGKU,372288,3
TMYU3823845,TMYU,382384,5
MRGU9533015,MRGU,953301,5
DFTU0022809,DFTU,002280,9
BLXU6769940,BLXU,676994,0
RBAU2713353,RBAU,271335,3
AMTU8139855,AMTU,813985,5
SRGU3319167,SRGU,331916,7
FSNU8822336,FSNU,882233,6
JWBU6997840,JWBU,699784,0
OZJU8527655,OZJU,852765,5
HIKU9829775,HIKU,982977,5
ECIU9510637,ECIU,951063,7
KYLU6957348,KYLU,695734,8
WSKU9691399,WSKU,969139,9
LNJU8196437,LNJU,819643,7
QJTU9050226,QJTU,905022,6
ZLSU9146674,ZLSU,914667,4
CUUU9389119,CUUU,938911,9
GUQU9502610,GUQU,950261,0
DDGU8007750,DDGU,800775,0
HZKU2643309,HZKU,264330,9
JDLU8659078,JDLU,865907,8
DOWU9177764,DOWU,917776,4
UACU4300744,UACU,430074,4
JZOU2229813,JZOU,222981,3
TADU6042739,TADU,604273,9
BDLU2839943,BDLU,283994,3
VVAU6280894,VVAU,628089,4
GBNU5228524,GBNU,522852,4
SATU0272782,SATU,027278,2
IRBU8842249,IRBU,884224,9
LBOU8857509,LBOU,885750,9
NUOU3022491,NUOU,302249,1
TZTU1109299,TZTU,110929,9
DAEU8554882,DAEU,855488,2
EOWU9098753,EOWU,909875,3
UBMU1995240,UBMU,199524,0
ASLU8419077,ASLU,841907,7
OUJU8893421,OUJU,889342,1
IWCU9937908,IWCU,993790,8
IRCU0964033,IRCU,096403,3
RBJU2202895,RBJU,220289,5
DNEU1524625,DNEU,152462,5
XFRU9817331,XFRU,981733,1
UJZU8919130,UJZU,891913,0
ZMAU8871295,ZMAU,887129,5
ULDU2779445,ULDU,277944,5
BLGU7739221,BLGU,773922,1
FPSU7361356,FPSU,736135,6
XIXU9605797,XIXU,960579,7
IDWU3476020,IDWU,347602,0
BOSU7450015,BOSU,745001,5
FPOU7829078,FPOU,782907,8
QQRU7776665,QQRU,777666,5
DJFU9227335,DJFU,922733,5
BJVU4141000,BJVU,414100,0
OMEU8240337,OMEU,824033,7
WYVU0189224,WYVU,018922,4
ICQU1540478,ICQU,154047,8
LROU1124310,LROU,112431,0
IIPU0636720,IIPU,063672,0
YHSU1328179,YHSU,132817,9
XKLU2148782,XKLU,214878,2
RNBU0170659,RNBU,017065,9
ALRU5357366,ALRU,535736,6
TISU4370203,TISU,437020,3
TDUU4060058,TDUU,406005,8
OIZU6897754,OIZU,689775,4
WFDU4049169,WFDU,404916,9
MPRU0273323,MPRU,027332,3
ZYYU6959286,ZYYU,695928,6
KPNU7589912,KPNU,758991,2
BYDU6101432,BYDU,610143,2
MIBU6222899,MIBU,622289,9
VYMU5258399,VYMU,525839,9
UOOU6296038,UOOU,629603,8
AQVU2703631,AQVU,270363,1
DBDU5094994,DBDU,509499,4
LSMU7298090,LSMU,729809,0
PTQU6546421,PTQU,654642,1
TFKU0059854,TFKU,005985,4
TWEU8131813,TWEU,813181,3
IYSU8197530,IYSU,819753,0
UJLU3887544,UJLU,388754,4
HUDU8458282,HUDU,845828,2
RPRU3632268,RPRU,363226,8
TUMU9419205,TUMU,941920,5
JZGU6805133,JZGU,680513,3
IYVU6162720,IYVU,616272,0
RKZU2552175,RKZU,255217,5
TINU8438480,TINU,843848,0
SKAU5726921,SKAU,572692,1
GFEU4008315,GFEU,400831,5
IVZU8495400,IVZU,849540,0
LTXU3361918,LTXU,336191,8
LGJU8815671,LGJU,881567,1
MFUU2513260,MFUU,251326,0
XFEU5361540,XFEU,536154,0
OVDU5135883,OVDU,513588,3
WGWU2827412,WGWU,282741,2
NOYU1774689,NOYU,177468,9
QDYU3768069,QDYU,376806,9
LUOU0326930,LUOU,032693,0
GWDU3078520,GWDU,307852,0
VJEU6180429,VJEU,618042,9
GRGU8845650,GRGU,884565,0
ERBU8102819,ERBU,810281,9
MXSU1358071,MXSU,135807,1
PYLU1871170,PYLU,187117,0
JVSU5930995,JVSU,593099,5
HRAU3885825,HRAU,388582,5
OGDU2782062,OGDU,278206,2
DVOU8485390,DVOU,848539,0
INOU8883025,INOU,888302,5
FSQU0002352,FSQU,000235,2
GFJU0505440,GFJU,050544,0
KMIU2954825,KMIU,295482,5
GVWU8094106,GVWU,809410,6
NTAU8479520,NTAU,847952,0
FUEU4839657,FUEU,483965,7
CXUU5462625,CXUU,546262,5
HLHU9263154,HLHU,926315,4
JDAU0453020,JDAU,045302,0
WRRU3868993,WRRU,386899,3
YEZU4201406,YEZU,420140,6
CFTU5970652,CFTU,597065,2
TAKU9008965,TAKU,900896,5
RNMU1965817,RNMU,196581,7
UJKU9523305,UJKU,952330,5
XJPU0487413,XJPU,048741,3
ZBQU6428424,ZBQU,642842,4
SANU7077960,SANU,707796,0
SNQU2437430,SNQU,243743,0
EAPU0162909,EAPU,016290,9
WULU4029729,WULU,402972,9
FFLU2668160,FFLU,266816,0
BGRU0195216,BGRU,019521,6
GTDU1556704,GTDU,155670,4
TJYU3419564,TJYU,341956,4
VLDU0953586,VLDU,095358,6
KMIU3033300,KMIU,303330,0
ECFU9727977,ECFU,972797,7
GGWU3348995,GGWU,334899,5
NZRU1772396,NZRU,177239,6
THBU7329459,THBU,732945,9
SNXU2641709,SNXU,264170,9
HWVU1379560,HWVU,137956,0
AHPU8350707,AHPU,835070,7
XYXU8444258,XYXU,844425,8
DIXU2160518,DIXU,216051,8
LYBU8135692,LYBU,813569,2
XIYU5504708,XIYU,550470,8
RMEU9535470,RMEU,953547,0
FLJU2030794,FLJU,203079,4
BHSU9871282,BHSU,987128,2
KQGU7502129,KQGU,750212,9
AIGU7204540,AIGU,720454,0
ZQUU3796452,ZQUU,379645,2
ODUU8440494,ODUU,844049,4
ISYU7914476,ISYU,791447,6
IXQU5948264,IXQU,594826,4
FGUU8221039,FGUU,822103,9
ZVXU8672697,ZVXU,867269,7
ZEVU2325235,ZEVU,232523,5
NDJU4467152,NDJU,446715,2
BVXU5274166,BVXU,527416,6
NJAU8383820,NJAU,838382,0
MHWU1012865,MHWU,101286,5
IGXU8296061,IGXU,829606,1
UFKU0347933,UFKU,034793,3
ETOU7848500,ETOU,784850,0
MOHU1128992,MOHU,112899,2
CTDU1491045,CTDU,149104,5
DVPU4962456,DVPU,496245,6
XCGU4069460,XCGU,406946,0
EISU9369598,EISU,936959,8
DPYU4976896,DPYU,497689,6
YESU9246148,YESU,924614,8
SKIU9438762,SKIU,943876,2
WZMU7839409,WZMU,783940,9
DUBU2629582,DUBU,262958,2
AFBU4758230,AFBU,475823,0
MNOU3310025,MNOU,331002,5
IKIU8965537,IKIU,896553,7
HXVU9669660,HXVU,966966,0
RUAU6981767,RUAU,698176,7
ATXU3931813,ATXU,393181,3
GDLU9957140,GDLU,995714,0
TGUU9279086,TGUU,927908,6
EXWU4104023,EXWU,410402,3
ELUU3904726,ELUU,390472,6
FNLU2780535,FNLU,278053,5
VCNU2158170,VCNU,215817,0
CDXU6018841,CDXU,601884,1
AUJU0169400,AUJU,016940,0
PZSU3493009,PZSU,349300,9
XNNU2740944,XNNU,274094,4
DPYU1078614,DPYU,107861,4
RMCU9090319,RMCU,909031,9
HYOU7637590,HYOU,763759,0
BVQU6737564,BVQU,673756,4
WBRU2544514,WBRU,254451,4
FPDU8461937,FPDU,846193,7
OLIU2525320,OLIU,252532,0
IXMU9264434,IXMU,926443,4
MFXU2343195,MFXU,234319,5
LYIU8631907,LYIU,863190,7
UGEU7242908,UGEU,724290,8
ZEBU0029152,ZEBU,002915,2
KHNU2483285,KHNU,248328,5
CCCU3696583,CCCU,369658,3
CMXU2543182,CMXU,254318,2
BIEU7681383,BIEU,768138,3
IEGU2229150,IEGU,222915,0
UCSU9436920,UCSU,943692,0
UIIU9376545,UIIU,937654,5
CTBU7530563,CTBU,753056,3
KFWU7455519,KFWU,745551,9
DMUU7161609,DMUU,716160,9
ZJKU7696800,ZJKU,769680,0
JOFU7161277,JOFU,716127,7
ZPEU4120387,ZPEU,412038,7
XMUU7447399,XMUU,744739,9
CMDU3757698,CMDU,375769,8
JFIU6481480,JFIU,648148,0
VJYU2485266,VJYU,248526,6
HHJU8217722,HHJU,821772,2
TOHU7076969,TOHU,707696,9
DKDU9872159,DKDU,987215,9
MNTU5900707,MNTU,590070,7
OCUU9295336,OCUU,929533,6
PTNU9390202,PTNU,939020,2
PMSU7709739,PMSU,770973,9
POHU0087612,POHU,008761,2
OYHU6878899,OYHU,687889,9
JYRU7786770,JYRU,778677,0
UVRU6170929,UVRU,617092,9
DXXU7483319,DXXU,748331,9
ZCBU6081386,ZCBU,608138,6
DIVU7740996,DIVU,774099,6
QLGU5995194,QLGU,599519,4
RAPU9560064,RAPU,956006,4
SLCU2702432,SLCU,270243,2
ZBEU9293990,ZBEU,929399,0
BGMU9592108,BGMU,959210,8
UBYU2064297,UBYU,206429,7
SKAU4737686,SKAU,473768,6
MAAU8721342,MAAU,872134,2
KRBU6394276,KRBU,639427,6
NGVU8363445,NGVU,836344,5
TGYU8633953,TGYU,863395,3
YQPU3025029,YQPU,302502,9
EKHU6871350,EKHU,687135,0
YKJU0820619,YKJU,082061,9
OMJU1446176,OMJU,144617,6
YIQU8707944,YIQU,870794,4
SOSU7886957,SOSU,788695,7
HCFU5978473,HCFU,597847,3
ZJMU6205668,ZJMU,620566,8
WJBU1052512,WJBU,105251,2
HOWU9182928,HOWU,918292,8
ZDSU4427950,ZDSU,442795,0
REWU5343120,REWU,534312,0
PLWU2575401,PLWU,257540,1
HHOU3005044,HHOU,300504,4
QAQU0372048,QAQU,037204,8
QHIU7090958,QHIU,709095,8
BYNU4976883,BYNU,497688,3
OLSU0889467,OLSU,088946,7
QAUU1972226,QAUU,197222,6
EOSU0534122,EOSU,053412,2
YUZU8846493,YUZU,884649,3
TTSU0433835,TTSU,043383,5
LFRU9342574,LFRU,934257,4
EVRU5637654,EVRU,563765,4
CATU4138040,CATU,413804,0
OYBU8740000,OYBU,874000,0
WNLU6894301,WNLU,689430,1
TFXU1127644,TFXU,112764,4
BOLU7303929,BOLU,730392,9
RZCU6167876,RZCU,616787,6
QJFU3119450,QJFU,311945,0
XNXU0484817,XNXU,048481,7
AJQU2690374,AJQU,269037,4
HVRU5576187,HVRU,557618,7
ASJU9535954,ASJU,953595,4
QMUU9521841,QMUU,952184,1
WWZU6409250,WWZU,640925,0
SWYU7285330,SWYU,728533,0
OARU4026446,OARU,402644,6
EGFU9232471,EGFU,923247,1
FRQU3634227,FRQU,363422,7
UKBU4262960,UKBU,426296,0
IDAU1842601,IDAU,184260,1
CWNU5824814,CWNU,582481,4
ZQBU7233726,ZQBU,723372,6
OFAU4841975,OFAU,484197,5
ZDCU7838660,ZDCU,783866,0
ZIVU9006160,ZIVU,900616,0
OTCU5032227,OTCU,503222,7
BHWU6182204,BHWU,618220,4
TIRU8706099,TIRU,870609,9
PMTU5076466,PMTU,507646,6
FEXU1436458,FEXU,143645,8
BSUU8854295,BSUU,885429,5
DYIU9286957,DYIU,928695,7
MNQU2743877,MNQU,274387,7
MKMU6544790,MKMU,654479,0
SRSU4619090,SRSU,461909,0
ZPHU8002640,ZPHU,800264,0
XONU3724739,XONU,372473,9
VGOU5836230,VGOU,583623,0
FZOU5211671,FZOU,521167,1
PFPU3254913,PFPU,325491,3
WYEU8592793,WYEU,859279,3
JGRU9876162,JGRU,987616,2
LGYU4331726,LGYU,433172,6
QNLU6256390,QNLU,625639,0
CAIU0458675,CAIU,045867,5
PNVU8640968,PNVU,864096,8
DOTU0163092,DOTU,016309,2
AQPU9216898,AQPU,921689,8
LXLU3028160,LXLU,302816,0
AZLU8149274,AZLU,814927,4
YJXU3371781,YJXU,337178,1
FGGU3322119,FGGU,332211,9
ADNU4251580,ADNU,425158,0
FHLU0926253,FHLU,092625,3
WHVU9829210,WHVU,982921,0
AVLU1777097,AVLU,177709,7
ESSU2268081,ESSU,226808,1
GRKU9189783,GRKU,918978,3
BHNU4132403,BHNU,413240,3
HRDU6672670,HRDU,667267,0
VTZU9906226,VTZU,990622,6
PICU4074269,PICU,407426,9
QMDU4207956,QMDU,420795,6
SCVU2599003,SCVU,259900,3
CQDU8932018,CQDU,893201,8
FYEU7534645,FYEU,753464,5
POEU7896053,POEU,789605,3
BCUU6338982,BCUU,633898,2
BFPU8097860,BFPU,809786,0
WPBU9604164,WPBU,960416,4
FGEU9518483,FGEU,951848,3
ZJGU7142960,ZJGU,714296,0
LHEU8423210,LHEU,842321,0
FRCU6650119,FRCU,665011,9
OTMU2848372,OTMU,284837,2
VEBU0442590,VEBU,044259,0
LJGU2945081,LJGU,294508,1
YZUU2185728,YZUU,218572,8
QQFU2162902,QQFU,216290,2
XFZU2529892,XFZU,252989,2
GIRU2826556,GIRU,282655,6
DVNU5660480,DVNU,566048,0
OCIU2831574,OCIU,283157,4
GQTU9884959,GQTU,988495,9
TRZU9387778,TRZU,938777,8
DWLU3661820,DWLU,366182,0
LPZU7046128,LPZU,704612,8
VEEU1073460,VEEU,107346,0
APPU6257931,APPU,625793,1
LFUU5255981,LFUU,525598,1
EJFU7512102,EJFU,751210,2
IPDU9310373,IPDU,931037,3
ALKU2825309,ALKU,282530,9
AADU2507422,AADU,250742,2
YTMU7412988,YTMU,741298,8
TYWU3645462,TYWU,364546,2
ZUWU5955844,ZUWU,595584,4
WACU0956974,WACU,095697,4
CPJU2698746,CPJU,269874,6
YXOU3364548,YXOU,336454,8
AZSU3548852,AZSU,354885,2
HDPU7640764,HDPU,764076,4
SKAU4292081,SKAU,429208,1
KGAU3706052,KGAU,370605,2
MHJU1281520,MHJU,128152,0
LVVU1026040,LVVU,102604,0
DCBU5616157,DCBU,561615,7
OZBU5176012,OZBU,517601,2
QWOU3129739,QWOU,312973,9
HIJU3547087,HIJU,354708,7
BTEU8954360,BTEU,895436,0
WNCU5685954,WNCU,568595,4
WCNU4038301,WCNU,403830,1
GRPU9336021,GRPU,933602,1
IWDU8293147,IWDU,829314,7
JFKU1477062,JFKU,147706,2
ZRGU8053858,ZRGU,805385,8
SXLU2456920,SXLU,245692,0
SUTU5326602,SUTU,532660,2
DMZU6995450,DMZU,699545,0
ESSU7604825,ESSU,760482,5
LNWU1306440,LNWU,130644,0
QNSU3785564,QNSU,378556,4
LZRU8189970,LZRU,818997,0
FXXU6311739,FXXU,631173,9
MVHU1068033,MVHU,106803,3
KDTU0901354,KDTU,090135,4
SNMU4782050,SNMU,478205,0
QYYU9555606,QYYU,955560,6
DXUU3907538,DXUU,390753,8
NWUU3927620,NWUU,392762,0
OMEU4920090,OMEU,492009,0
FARU6741716,FARU,674171,6
BOTU3361968,BOTU,336196,8
LHRU7181406,LHRU,718140,6
UYBU6382032,UYBU,638203,2
GJWU3440303,GJWU,344030,3
GZUU7751028,GZUU,775102,8
BWDU9052718,BWDU,905271,8
RJLU5092565,RJLU,509256,5
YREU3764161,YREU,376416,1
EDXU0630110,EDXU,063011,0
YUGU4167121,YUGU,416712,1
ZNEU9288662,ZNEU,928866,2
PYXU4364222,PYXU,436422,2
FEZU2387756,FEZU,238775,6
JSQU0902738,JSQU,090273,8
EVUU8553012,EVUU,855301,2
YUUU8549718,YUUU,854971,8
JBXU6881984,JBXU,688198,4
JYLU7486940,JYLU,748694,0
ZUUU5855248,ZUUU,585524,8
ITQU4194598,ITQU,419459,8
TRNU3115013,TRNU,311501,3
ZVFU4797815,ZVFU,479781,5
PDYU2381618,PDYU,238161,8
GWQU2751895,GWQU,275189,5
DKZU6314320,DKZU,631432,0
IOUU5031498,IOUU,503149,8
AITU9026561,AITU,902656,1
CIXU2081547,CIXU,208154,7
TPUU1699218,TPUU,169921,8
UDUU1112333,UDUU,111233,3
AJJU3723241,AJJU,372324,1
SCEU0057597,SCEU,005759,7
SPXU4793134,SPXU,479313,4
CVTU1546588,CVTU,154658,8
ZOZU3499792,ZOZU,349979,2
ZXCU0374799,ZXCU,037479,9
AHBU6061296,AHBU,606129,6
BLMU2800704,BLMU,280070,4
PEHU7284737,PEHU,728473,7
YIHU6478842,YIHU,647884,2
WJQU4406665,WJQU,440666,5
WSYU1701375,WSYU,170137,5
EQYU2710512,EQYU,271051,2
VLNU7638122,VLNU,763812,2
QANU6024917,QANU,602491,7
WAEU9784425,WAEU,978442,5
ELFU2829548,ELFU,282954,8
HYUU0113334,HYUU,011333,4
DDNU9068488,DDNU,906848,8
NYJU8252719,NYJU,825271,9
IEXU4424303,IEXU,442430,3
CFTU0795325,CFTU,079532,5
SEEU8512089,SEEU,851208,9
JURU9589468,JURU,958946,8
GPTU0471171,GPTU,047117,1
TSWU7934394,TSWU,793439,4
SWIU1233592,SWIU,123359,2
EXTU4918283,EXTU,491828,3
MJNU4902047,MJNU,490204,7
KROU0835272,KROU,083527,2
LSGU1932010,LSGU,193201,0
FYIU6952840,FYIU,695284,0
JNUU8875640,JNUU,887564,0
ZFWU5248668,ZFWU,524866,8
ETUU4523816,ETUU,452381,6
HGJU2451644,HGJU,245164,4
ROLU2839339,ROLU,283933,9
DSCU3489361,DSCU,348936,1
OMUU1343356,OMUU,134335,6
ELHU1558583,ELHU,155858,3
AGQU5864514,AGQU,586451,4
KUOU9400065,KUOU,940006,5
HUDU5324741,HUDU,532474,1
KLVU0587087,KLVU,058708,7
MGLU4415914,MGLU,441591,4
MQHU8651078,MQHU,865107,8
SGJU7282070,SGJU,728207,0
TPOU5456370,TPOU,545637,0
LWIU9039545,LWIU,903954,5
LYCU2535777,LYCU,253577,7
FGAU2362261,FGAU,236226,1
TKVU4587943,TKVU,458794,3
EZOU5268418,EZOU,526841,8
OWWU4171225,OWWU,417122,5
FURU6100245,FURU,610024,5
SPLU1980216,SPLU,198021,6
SVHU5463237,SVHU,546323,7
FZRU7037580,FZRU,703758,0
SFLU2057245,SFLU,205724,5
GLSU0948155,GLSU,094815,5
EFOU3318119,EFOU,331811,9
KFDU8743494,KFDU,874349,4
RCEU9156413,RCEU,915641,3
SJCU9906197,SJCU,990619,7
DHHU2559054,DHHU,255905,4
UJHU7936084,UJHU,793608,4
JUWU5631710,JUWU,563171,0
NRKU2538176,NRKU,253817,6
NRLU4451133,NRLU,445113,3
USIU3617460,USIU,361746,0
TEIU9706593,TEIU,970659,3
VPBU9870040,VPBU,987004,0
ZUNU4015330,ZUNU,401533,0
IRDU5312406,IRDU,531240,6
HHPU3251761,HHPU,325176,1
LCEU8612196,LCEU,861219,6
EYOU7712999,EYOU,771299,9
EOGU4597332,EOGU,459733,2
NUPU1581370,NUPU,158137,0
PVHU4689823,PVHU,468982,3
KEEU7275169,KEEU,727516,9
FNBU4168555,FNBU,416855,5
JNLU9845307,JNLU,984530,7
CPVU4043456,CPVU,404345,6
ZCJU7712510,ZCJU,771251,0
IKUU1778110,IKUU,177811,0
TKSU6511460,TKSU,651146,0
APFU0999511,APFU,099951,1
RXYU7350273,RXYU,735027,3
TJEU6057432,TJEU,605743,2
QHQU9989971,QHQU,998997,1
PBEU4148453,PBEU,414845,3
BOCU4223588,BOCU,422358,8
WHAU0100981,WHAU,010098,1
YVPU6387721,YVPU,638772,1
RHAU7437644,RHAU,743764,4
SIPU4849431,SIPU,484943,1
GINU6901904,GINU,690190,4
PLTU7059527,PLTU,705952,7
CRRU7290753,CRRU,729075,3
RZRU1602259,RZRU,160225,9
YMRU5205673,YMRU,520567,3
FKNU1207508,FKNU,120750,8
YCXU5212209,YCXU,521220,9
TEFU6932092,TEFU,693209,2
XFUU0241014,XFUU,024101,4
VBDU8660265,VBDU,866026,5
UTVU4641278,UTVU,464127,8
XCTU9563774,XCTU,956377,4
KMSU8890841,KMSU,889084,1
SRDU0076015,SRDU,007601,5
XMCU0215793,XMCU,021579,3
FEXU3604015,FEXU,360401,5
FAOU9511439,FAOU,951143,9
UJMU2220479,UJMU,222047,9
LFYU7739788,LFYU,773978,8
SWMU1906388,SWMU,190638,8
ZHNU1370320,ZHNU,137032,0
WELU6150019,WELU,615001,9
ULPU0247440,ULPU,024744,0
CTNU1452476,CTNU,145247,6
ZYXU7477578,ZYXU,747757,8
HZJU1747861,HZJU,174786,1
WRFU7288379,WRFU,728837,9
ZBAU5179954,ZBAU,517995,4
SWCU3397926,SWCU,339792,6
ORYU2413840,ORYU,241384,0
PLRU6023517,PLRU,602351,7
XGXU9238759,XGXU,923875,9
UIMU8210584,UIMU,821058,4
PMIU0738329,PMIU,073832,9
MZVU3806131,MZVU,380613,1
GYYU1051424,GYYU,105142,4
HGHU2936930,HGHU,293693,0
BBVU8939566,BBVU,893956,6
XJEU2805850,XJEU,280585,0
PQSU1030901,PQSU,103090,1
FINU5285871,FINU,528587,1
KGUU9330039,KGUU,933003,9
LYEU2693912,LYEU,269391,2
LSMU3260671,LSMU,326067,1
WKMU8855430,WKMU,885543,0
XBTU0071787,XBTU,007178,7
PPHU5086170,PPHU,508617,0
LBPU7659143,LBPU,765914,3
DVCU2822794,DVCU,282279,4
OHHU8233873,OHHU,823387,3
IBUU4712465,IBUU,471246,5
SNUU4815723,SNUU,481572,3
AWEU6128581,AWEU,612858,1
ZSYU0598584,ZSYU,059858,4
NCHU0350180,NCHU,035018,0
UEVU6276529,UEVU,627652,9
CACU2885530,CACU,288553,0
NZIU7972857,NZIU,797285,7
LZGU5076024,LZGU,507602,4
WIAU4708971,WIAU,470897,1
KAAU1535770,KAAU,153577,0
VHLU0892587,VHLU,089258,7
HXSU5823406,HXSU,582340,6
YSFU7761171,YSFU,776117,1
XKSU6484158,XKSU,648415,8
UWDU7403180,UWDU,740318,0
VLZU3973990,VLZU,397399,0
JMQU1862217,JMQU,186221,7
XTXU8360705,XTXU,836070,5
GLTU8951014,GLTU,895101,4
TIYU9398600,TIYU,939860,0
FXXU0573006,FXXU,057300,6
VVQU0642899,VVQU,064289,9
BMXU9839025,BMXU,983902,5
ORMU1351310,ORMU,135131,0
ESXU1513611,ESXU,151361,1
AWFU9493236,AWFU,949323,6
HVDU0884351,HVDU,088435,1
QMSU4175029,QMSU,417502,9
UZKU8937350,UZKU,893735,0
RLFU6141031,RLFU,614103,1
KUMU4584194,KUMU,458419,4
JPNU5719024,JPNU,571902,4
ZBDU2315840,ZBDU,231584,0
XEXU6503602,XEXU,650360,2
SADU3105787,SADU,310578,7
GDEU6650315,GDEU,665031,5
PSGU6698058,PSGU,669805,8
NAWU7528705,NAWU,752870,5
BDUU0363444,BDUU,036344,4
KPYU1997187,KPYU,199718,7
RWFU3887055,RWFU,388705,5
PGPU4772441,PGPU,477244,1
RCBU1752797,RCBU,175279,7
VDFU5024070,VDFU,502407,0
WLLU2641615,WLLU,264161,5
YXUU6204756,YXUU,620475,6
EDHU3964857,EDHU,396485,7
BGVU6266064,BGVU,626606,4
LKEU7364443,LKEU,736444,3
JUYU3970666,JUYU,397066,6
DTKU4933240,DTKU,493324,0
HDOU7760350,HDOU,776035,0
ONWU9562203,ONWU,956220,3
IRBU0315616,IRBU,031561,6
SJBU1180864,SJBU,118086,4
WWVU2853468,WWVU,285346,8
JTBU2414572,JTBU,241457,2
BOUU9327558,BOUU,932755,8
DJUU7206331,DJUU,720633,1
LUIU8338340,LUIU,833834,0
VMVU5550778,VMVU,555077,8
RDLU8588028,RDLU,858802,8
NAFU6694960,NAFU,669496,0
MWMU0550363,MWMU,055036,3
PQMU5243293,PQMU,524329,3
XAMU0976307,XAMU,097630,7
UYPU4097431,UYPU,409743,1
DMNU5600950,DMNU,560095,0
ACBU0403427,ACBU,040342,7
ULBU0171130,ULBU,017113,0
PIGU2467180,PIGU,246718,0
MJLU9587193,MJLU,958719,3
FHYU0939040,FHYU,093904,0
BJTU0180501,BJTU,018050,1
VYOU7886494,VYOU,788649,4
FVCU0473611,FVCU,047361,1
OVJU3250745,OVJU,325074,5
INYU3985786,INYU,398578,6
QDLU5743238,QDLU,574323,8
YVEU0816281,YVEU,081628,1
UWYU4828858,UWYU,482885,8
KECU6244124,KECU,624412,4
QVTU4994213,QVTU,499421,3
VUYU2834924,VUYU,283492,4
WDAU7834953,WDAU,783495,3
CHKU8192789,CHKU,819278,9
XKIU5014099,XKIU,501409,9
GHOU0169790,GHOU,016979,0
GQRU6503558,GQRU,650355,8
OIAU2620116,OIAU,262011,6
QXQU9011280,QXQU,901128,0
NUGU3199463,NUGU,319946,3
VERU0828373,VERU,082837,3
LILU3627151,LILU,362715,1
GXSU4701228,GXSU,470122,8
QCRU6710331,QCRU,671033,1
RLEU1071555,RLEU,107155,5
SXKU1751060,SXKU,175106,0
JZZU5930250,JZZU,593025,0
ESBU2799040,ESBU,279904,0
VOPU9004048,VOPU,900404,8
WSKU6229480,WSKU,622948,0
KFGU8651104,KFGU,865110,4
YMZU0510698,YMZU,051069,8
AEFU8197676,AEFU,819767,6
UDDU8680197,UDDU,868019,7
ZGLU4296968,ZGLU,429696,8
JWJU2463423,JWJU,246342,3
XRKU0342332,XRKU,034233,2
OYWU9985233,OYWU,998523,3
ZTGU5784810,ZTGU,578481,0
VUQU2072791,VUQU,207279,1
UJEU2003167,UJEU,200316,7
TWWU5083592,TWWU,508359,2
VTUU3580172,VTUU,358017,2
EVXU6204485,EVXU,620448,5
ERYU2535026,ERYU,253502,6
JRGU9336814,JRGU,933681,4
DWHU4051931,DWHU,405193,1
PKEU1190707,PKEU,119070,7
EIOU2003160,EIOU,200316,0
PNRU2230551,PNRU,223055,1
FMSU7476663,FMSU,747666,3
MNTU0526770,MNTU,052677,0
DNDU0041418,DNDU,004141,8
EZTU0232447,EZTU,023244,7
RRWU3473644,RRWU,347364,4
QYKU5779169,QYKU,577916,9
EBNU0676334,EBNU,067633,4
SEHU1982395,SEHU,198239,5
KPJU2657127,KPJU,265712,7
GRIU7281548,GRIU,728154,8
TBWU6249990,TBWU,624999,0
JWEU4176698,JWEU,417669,8
SPDU0706316,SPDU,070631,6
XSGU1376308,XSGU,137630,8
APFU4535191,APFU,453519,1
OZYU0688228,OZYU,068822,8
HLDU1713250,HLDU,171325,0
NRHU7754325,NRHU,775432,5
VNPU1154292,VNPU,115429,2
CFEU1452908,CFEU,145290,8
HVBU2663970,HVBU,266397,0
ONFU7574470,ONFU,757447,0
EODU7069106,EODU,706910,6
MPOU9328215,MPOU,932821,5
ESQU5825270,ESQU,582527,0
VVHU3767661,VVHU,376766,1
WDBU7729791,WDBU,772979,1
QSYU1479507,QSYU,147950,7
UGVU7772912,UGVU,777291,2
PAUU6675256,PAUU,667525,6
EZYU8122638,EZYU,812263,8
CZNU9716182,CZNU,971618,2
ADTU5336214,ADTU,533621,4
GYAU5179098,GYAU,517909,8
SFEU4467640,SFEU,446764,0
AVUU0304370,AVUU,030437,0
OBHU0689486,OBHU,068948,6
RTAU0979631,RTAU,097963,1
KSKU0562124,KSKU,056212,4
SPKU6264834,SPKU,626483,4
XIUU2439750,XIUU,243975,0
JQSU4532527,JQSU,453252,7
ESLU4151355,ESLU,415135,5
SXLU9488359,SXLU,948835,9
YYVU4613625,YYVU,461362,5
ZLHU6351630,ZLHU,635163,0
QYZU0377390,QYZU,037739,0
HDFU9528774,HDFU,952877,4
SJJU5360523,SJJU,536052,3
GDKU6836446,GDKU,683644,6
EDPU5012447,EDPU,501244,7
EVBU5764024,EVBU,576402,4
SQMU1667892,SQMU,166789,2
PLRU0839890,PLRU,083989,0
ERIU3224424,ERIU,322442,4
LVCU8090683,LVCU,809068,3
GKTU0307104,GKTU,030710,4
TWKU8425785,TWKU,842578,5
ZZNU0020555,ZZNU,002055,5
BRSU1673402,BRSU,167340,2
VKHU7908620,VKHU,790862,0
YVRU6775302,YVRU,677530,2
VINU9302248,VINU,930224,8
WFYU4672568,WFYU,467256,8
UXAU1331537,UXAU,133153,7
KLTU3154346,KLTU,315434,6
OISU7208085,OISU,720808,5
SDKU1379143,SDKU,137914,3
EJBU1494521,EJBU,149452,1
WJHU6886206,WJHU,688620,6
VNMU4047403,VNMU,404740,3
QCTU9037849,QCTU,903784,9
TGFU5010399,TGFU,501039,9
FAWU0153300,FAWU,015330,0
WBSU1390803,WBSU,139080,3
ALJU4042000,ALJU,404200,0
MQFU1939110,MQFU,193911,0
YARU0863070,YARU,086307,0
UJFU7197937,UJFU,719793,7
KYNU9322250,KYNU,932225,0
ZVLU2013360,ZVLU,201336,0
GUZU2531084,GUZU,253108,4
LJKU8664065,LJKU,866406,5
OZCU6946169,OZCU,694616,9
CSZU9387515,CSZU,938751,5
YHJU7055075,YHJU,705507,5
HBIU9578068,HBIU,957806,8
XZPU3138260,XZPU,313826,0
QRSU1818882,QRSU,181888,2
TNFU6423283,TNFU,642328,3
LVZU5295525,LVZU,529552,5
AOZU8241172,AOZU,824117,2
NKAU3123380,NKAU,312338,0
LFNU0254797,LFNU,025479,7
XMUU5226172,XMUU,522617,2
WQVU2865131,WQVU,286513,1
VBAU0217488,VBAU,021748,8
UTGU9677667,UTGU,967766,7
OFQU4637102,OFQU,463710,2
BDTU7044466,BDTU,704446,6
HYRU2733056,HYRU,273305,6
UBNU4868840,UBNU,486884,0
TADU4001617,TADU,400161,7
NXJU4627100,NXJU,462710,0
MOCU2693270,MOCU,269327,0
OWVU4444970,OWVU,444497,0
KFJU4528427,KFJU,452842,7
UDUU1577773,UDUU,157777,3
ECLU7777721,ECLU,777772,1
ZZAU9691009,ZZAU,969100,9
MXWU3218713,MXWU,321871,3
BRVU3023756,BRVU,302375,6
TKTU3554672,TKTU,355467,2
LOUU4768967,LOUU,476896,7
QIZU2869838,QIZU,286983,8
DWPU2358829,DWPU,235882,9
DMIU1571661,DMIU,157166,1
MLVU8175392,MLVU,817539,2
FAIU1269299,FAIU,126929,9
TJOU1800503,TJOU,180050,3
PELU9996127,PELU,999612,7
FOOU4565621,FOOU,456562,1
ZCIU6778102,ZCIU,677810,2
RVBU7105327,RVBU,710532,7
WSEU7132640,WSEU,713264,0
CKRU3225061,CKRU,322506,1
ZOLU5133175,ZOLU,513317,5
XXEU1728887,XXEU,172888,7
KXZU3748199,KXZU,374819,9
WSJU7295477,WSJU,729547,7
PSQU5736786,PSQU,573678,6
VQXU2648050,VQXU,264805,0
AUVU5304519,AUVU,530451,9
RNTU9577602,RNTU,957760,2
KIKU6938944,KIKU,693894,4
XDKU3512034,XDKU,351203,4
PQMU0795448,PQMU,079544,8
TYLU0956889,TYLU,095688,9
WMDU4328532,WMDU,432853,2
HEUU4244461,HEUU,424446,1
ZGNU6213131,ZGNU,621313,1
QGYU1072950,QGYU,107295,0
PEKU8379360,PEKU,837936,0
JZTU6868683,JZTU,686868,3
RWFU7552105,RWFU,755210,5
DVUU6526526,DVUU,652652,6
WFXU0239197,WFXU,023919,7
MEYU1314764,MEYU,131476,4
VQYU6426672,VQYU,642667,2
OGMU8195454,OGMU,819545,4
OVNU4918478,OVNU,491847,8
FZXU2307837,FZXU,230783,7
WMTU3602281,WMTU,360228,1
MPIU4455865,MPIU,445586,5
JBUU4914554,JBUU,491455,4
ZYBU6431390,ZYBU,643139,0
DHXU5730654,DHXU,573065,4
SZRU7301079,SZRU,730107,9
XMPU5396102,XMPU,539610,2
XRPU7098050,XRPU,709805,0
ONHU1868200,ONHU,186820,0
MDBU8076515,MDBU,807651,5
XSHU7250202,XSHU,725020,2
JZDU6633769,JZDU,663376,9
JOTU6285935,JOTU,628593,5
VUFU0685851,VUFU,068585,1
TBSU9147329,TBSU,914732,9
YYWU5167706,YYWU,516770,6
ICEU1798043,ICEU,179804,3
TAJU5720366,TAJU,572036,6
VQRU0791128,VQRU,079112,8
XWVU9598724,XWVU,959872,4
XMAU8468689,XMAU,846868,9
PHWU9275942,PHWU,927594,2
IUZU2075833,IUZU,207583,3
PMFU8085826,PMFU,808582,6
KSFU2359530,KSFU,235953,0
CEVU8049131,CEVU,804913,1
YHOU3602704,YHOU,360270,4
TMNU5240761,TMNU,524076,1
SGBU3657014,SGBU,365701,4
CZAU8371965,CZAU,837196,5
GYLU0413209,GYLU,041320,9
OJYU1449478,OJYU,144947,8
XTOU7304697,XTOU,730469,7
JLAU2591909,JLAU,259190,9
JSLU3998036,JSLU,399803,6
EEDU1650474,EEDU,165047,4
BASU3962950,BASU,396295,0
BWQU8789888,BWQU,878988,8
TAJU9426010,TAJU,942601,0
YYLU5020060,YYLU,502006,0
ILAU0983113,ILAU,098311,3
VMBU7446839,VMBU,744683,9
WVPU0790065,WVPU,079006,5
WSLU3842279,WSLU,384227,9
IVAU1745640,IVAU,174564,0
UFLU6707361,UFLU,670736,1
ZXWU3159125,ZXWU,315912,5
MDKU0667453,MDKU,066745,3
KLSU5122560,KLSU,512256,0
CSHU7632035,CSHU,763203,5
PXBU1333300,PXBU,133330,0
QQTU4529925,QQTU,452992,5
AZVU4861969,AZVU,486196,9
LXGU9296131,LXGU,929613,1
OCKU6561638,OCKU,656163,8
NQLU3679370,NQLU,367937,0
USFU9224428,USFU,922442,8
WGMU2587100,WGMU,258710,0
MJPU0843447,MJPU,084344,7
WOXU2437970,WOXU,243797,0
IQZU7068608,IQZU,706860,8
VNBU6065531,VNBU,606553,1
ODIU9842192,ODIU,984219,2
CMNU0217572,CMNU,021757,2
LVHU8488356,LVHU,848835,6
IZOU7737056,IZOU,773705,6
BZPU4466240,BZPU,446624,0
GWAU7712073,GWAU,771207,3
THNU7222489,THNU,722248,9
EPTU3154570,EPTU,315457,0
YNRU2700356,YNRU,270035,6
NHRU2209204,NHRU,220920,4
QHFU3484567,QHFU,348456,7
QNBU3734983,QNBU,373498,3
UPOU0346935,UPOU,034693,5
QTTU5362925,QTTU,536292,5
FCWU5309264,FCWU,530926,4
NBAU7696065,NBAU,769606,5
LOGU8532975,LOGU,853297,5
GEMU1151025,GEMU,115102,5
TTLU9925445,TTLU,992544,5
CFVU6479270,CFVU,647927,0
VVTU8910089,VVTU,891008,9
QLLU6529633,QLLU,652963,3
YUWU8178080,YUWU,817808,0
DTXU3537146,DTXU,353714,6
IOOU2103817,IOOU,210381,7
YICU2895198,YICU,289519,8
KNCU1533668,KNCU,153366,8
KQTU0042676,KQTU,004267,6
JVVU7336800,JVVU,733680,0
BHHU2796985,BHHU,279698,5
RPJU6633202,RPJU,663320,2
NIEU5045872,NIEU,504587,2
USWU5440080,USWU,544008,0
QBCU8834835,QBCU,883483,5
HSHU1919742,HSHU,191974,2
ICNU4402050,ICNU,440205,0
JWRU0968656,JWRU,096865,6
UUQU6300856,UUQU,630085,6
GMPU9425310,GMPU,942531,0
NEMU4022780,NEMU,402278,0
GJUU0119428,GJUU,011942,8
GYGU7218521,GYGU,721852,1
TSWU7455025,TSWU,745502,5
IQBU7175622,IQBU,717562,2
MZAU5568647,MZAU,556864,7
FPKU2001082,FPKU,200108,2
VWMU5159160,VWMU,515916,0
ZYAU0650671,ZYAU,065067,1
KCCU6725722,KCCU,672572,2
SIOU6681765,SIOU,668176,5
XZIU9679107,XZIU,967910,7
KMQU6100112,KMQU,610011,2
WNAU4750566,WNAU,475056,6
VTVU6101049,VTVU,610104,9
YRGU4936200,YRGU,493620,0
VJSU1468850,VJSU,146885,0
PTIU3799064,PTIU,379906,4
JGBU6022086,JGBU,602208,6
SXBU2233248,SXBU,223324,8
CULU1366114,CULU,136611,4
IECU1674244,IECU,167424,4
XKOU8515994,XKOU,851599,4
BSSU0010011,BSSU,001001,1
TSWU9401368,TSWU,940136,8
BFIU3742155,BFIU,374215,5
PCIU4642605,PCIU,464260,5
UCMU1052716,UCMU,105271,6
QWCU6428588,QWCU,642858,8
REAU9138354,REAU,913835,4
LKLU1104181,LKLU,110418,1
KBBU3613472,KBBU,361347,2
GFAU1560430,GFAU,156043,0
DBQU7470793,DBQU,747079,3
NMTU3851897,NMTU,385189,7
TGKU9514734,TGKU,951473,4
JPLU1621897,JPLU,162189,7
VJWU1808325,VJWU,180832,5
AQEU9633239,AQEU,963323,9
URHU3336426,URHU,333642,6
BSDU2000457,BSDU,200045,7
HZCU2208112,HZCU,220811,2
HCNU6492811,HCNU,649281,1
EULU0766782,EULU,076678,2
OUKU9755483,OUKU,975548,3
PSAU9862431,PSAU,986243,1
DUBU9958358,DUBU,995835,8
SBPU5532475,SBPU,553247,5
BGIU6132461,BGIU,613246,1
YMTU9602953,YMTU,960295,3
STBU2637148,STBU,263714,8
INHU5711553,INHU,571155,3
QJUU3641138,QJUU,364113,8
FYCU1600423,FYCU,160042,3
ATYU7255639,ATYU,725563,9
OZJU8833444,OZJU,883344,4
TQUU3324526,TQUU,332452,6
WHBU1351063,WHBU,135106,3
XHJU5195523,XHJU,519552,3
MLFU5086260,MLFU,508626,0
CCZU6875500,CCZU,687550,0
MQGU6919229,MQGU,691922,9
AZXU5819298,AZXU,581929,8
FGKU9598367,FGKU,959836,7
WHLU1716161,WHLU,171616,1
WTJU2871057,WTJU,287105,7
IYDU9412239,IYDU,941223,9
YIVU1836561,YIVU,183656,1
NMFU9134230,NMFU,913423,0
EQEU6795903,EQEU,679590,3
TTRU9447939,TTRU,944793,9
IDWU1156670,IDWU,115667,0
ACBU7215930,ACBU,721593,0
ZQFU6680827,ZQFU,668082,7
NEOU6749056,NEOU,674905,6
VIYU6001460,VIYU,600146,0
ZKEU0934980,ZKEU,093498,0
SOPU0121522,SOPU,012152,2
SYOU0751425,SYOU,075142,5
IVRU9464442,IVRU,946444,2
POQU4874187,POQU,487418,7
UAIU5945610,UAIU,594561,0
FOHU9732213,FOHU,973221,3
UPPU1811399,UPPU,181139,9
DGOU4829428,DGOU,482942,8
WWWU2376543,WWWU,237654,3
QVXU7059207,QVXU,705920,7
MYXU9061057,MYXU,906105,7
CJJU7428360,CJJU,742836,0
XOUU1643103,XOUU,164310,3
TNAU6530510,TNAU,653051,0
HEGU0564523,HEGU,056452,3
UKBU1024757,UKBU,102475,7
RDZU8624520,RDZU,862452,0
YRUU1233846,YRUU,123384,6
ZLSU8663219,ZLSU,866321,9
VYTU1738414,VYTU,173841,4
EAQU3349986,EAQU,334998,6
HJUU6086220,HJUU,608622,0
UVZU9080040,UVZU,908004,0
XTAU2660336,XTAU,266033,6
IGPU9280051,IGPU,928005,1
OZUU2377910,OZUU,237791,0
CBXU6910176,CBXU,691017,6
HMNU6476472,HMNU,647647,2
YKKU4154005,YKKU,415400,5
CHEU2623104,CHEU,262310,4
TNLU6133802,TNLU,613380,2
DXYU4535515,DXYU,453551,5
JHVU5731406,JHVU,573140,6
STAU9958862,STAU,995886,2
JUGU0385011,JUGU,038501,1
RFOU1580734,RFOU,158073,4
DDNU8900510,DDNU,890051,0
TOMU8726490,TOMU,872649,0
DQKU1926154,DQKU,192615,4
NDYU8676574,NDYU,867657,4
SRGU6904843,SRGU,690484,3
WIDU7482060,WIDU,748206,0
BARU8570590,BARU,857059,0
IGAU8019289,IGAU,801928,9
AWHU8936300,AWHU,893630,0
GQWU0812931,GQWU,081293,1
IPLU3596642,IPLU,359664,2
KNDU5243594,KNDU,524359,4
MMWU4772857,MMWU,477285,7
PBVU0219624,PBVU,021962,4
MLKU2933965,MLKU,293396,5
OUPU8098046,OUPU,809804,6
PLNU2099989,PLNU,209998,9
SKKU9148293,SKKU,914829,3
LBXU1339021,LBXU,133902,1
OLSU9324498,OLSU,932449,8
FYOU2137060,FYOU,213706,0
JOCU7555942,JOCU,755594,2
BSFU0168752,BSFU,016875,2
XRVU8351092,XRVU,835109,2
FOWU8819394,FOWU,881939,4
UPEU7863729,UPEU,786372,9
DCLU0265888,DCLU,026588,8
RQCU0892780,RQCU,089278,0
EJQU7264139,EJQU,726413,9
DIAU4365894,DIAU,436589,4
ZZDU3029638,ZZDU,302963,8
EMMU2804221,EMMU,280422,1
GJBU6588116,GJBU,658811,6
XZLU2768064,XZLU,276806,4
CNEU6241421,CNEU,624142,1
DSQU7542854,DSQU,754285,4
EZIU1600724,EZIU,160072,4
ARUU9408930,ARUU,940893,0
ICYU5315354,ICYU,531535,4
BSSU9497955,BSSU,949795,5
FRJU8836197,FRJU,883619,7
NJPU1128090,NJPU,112809,0
AKTU7423861,AKTU,742386,1
SCCU4677747,SCCU,467774,7
VRVU7136920,VRVU,713692,0
MSZU2614290,MSZU,261429,0
MXDU4534920,MXDU,453492,0
IPVU5349030,IPVU,534903,0
QFDU2625870,QFDU,262587,0
FHNU6467858,FHNU,646785,8
EUVU1947506,EUVU,194750,6
NPIU0370204,NPIU,037020,4
UUWU6965055,UUWU,696505,5
QJUU2594509,QJUU,259450,9
GREU1412353,GREU,141235,3
VTZU7201638,VTZU,720163,8
LFQU2119950,LFQU,211995,0
CTRU5361281,CTRU,536128,1
CETU4966297,CETU,496629,7
IEPU1949785,IEPU,194978,5
PVQU4610260,PVQU,461026,0
LGYU1964490,LGYU,196449,0
HEUU5066045,HEUU,506604,5
AHBU1461094,AHBU,146109,4
ILJU9071885,ILJU,907188,5
WWXU9519212,WWXU,951921,2
EKXU3327348,EKXU,332734,8
IBPU4073290,IBPU,407329,0
MNDU3817280,MNDU,381728,0
ROKU8157663,ROKU,815766,3
XINU7269203,XINU,726920,3
LAQU1646832,LAQU,164683,2
IJTU3823254,IJTU,382325,4
DYPU8698413,DYPU,869841,3
GTSU5411712,GTSU,541171,2
GFDU3573658,GFDU,357365,8
WNNU0379024,WNNU,037902,4
DAWU8661013,DAWU,866101,3
HPTU7236344,HPTU,723634,4
ESDU7045164,ESDU,704516,4
RNGU9836092,RNGU,983609,2
HCPU7480767,HCPU,748076,7
NZCU1306039,NZCU,130603,9
EOVU4068449,EOVU,406844,9
TQLU1114180,TQLU,111418,0
GXEU0272440,GXEU,027244,0
ULLU9044748,ULLU,904474,8
TXRU6502796,TXRU,650279,6
CFSU3192281,CFSU,319228,1
EMNU8947814,EMNU,894781,4
PJYU6955649,PJYU,695564,9
KFYU3870864,KFYU,387086,4
YQIU1705136,YQIU,170513,6
UGNU7759564,UGNU,775956,4
YRJU9829910,YRJU,982991,0
EZHU6139210,EZHU,613921,0
HTEU5041168,HTEU,504116,8
YLUU0067122,YLUU,006712,2
XHPU4471730,XHPU,447173,0
BLMU9520109,BLMU,952010,9
XXMU9729326,XXMU,972932,6
FJNU5999309,FJNU,599930,9
LYJU5434929,LYJU,543492,9
BTCU0234578,BTCU,023457,8
ZRDU9526316,ZRDU,952631,6
HLEU9563968,HLEU,956396,8
XDHU7933051,XDHU,793305,1
YETU6275439,YETU,627543,9
GKPU3293524,GKPU,329352,4
SDKU3199557,SDKU,319955,7
OUHU8041109,OUHU,804110,9
KGJU1356769,KGJU,135676,9
LKKU1509794,LKKU,150979,4
HYNU7565069,HYNU,756506,9
CRDU4676732,CRDU,467673,2
VAGU7694782,VAGU,769478,2
GOKU6854610,GOKU,685461,0
XWAU9504991,XWAU,950499,1
DVOU6773885,DVOU,677388,5
PRCU5387137,PRCU,538713,7
ZRWU2655880,ZRWU,265588,0
AIIU3690040,AIIU,369004,0
LRNU4245082,LRNU,424508,2
KRDU2555533,KRDU,255553,3
TFKU0584195,TFKU,058419,5
ZWDU2642038,ZWDU,264203,8
DGOU6114090,DGOU,611409,0
CKQU4892907,CKQU,489290,7
ZMUU5239037,ZMUU,523903,7
TZYU7504013,TZYU,750401,3
GTLU1240431,GTLU,124043,1
ZQOU8936215,ZQOU,893621,5
EFLU8384350,EFLU,838435,0
EHIU2514898,EHIU,251489,8
MYSU4314762,MYSU,431476,2
NKDU7746790,NKDU,774679,0
SBGU0854338,SBGU,085433,8
TMRU9353565,TMRU,935356,5
LGYU0540203,LGYU,054020,3
DAVU6591443,DAVU,659144,3
UJVU9087683,UJVU,908768,3
TZGU5559713,TZGU,555971,3
KFGU1176548,KFGU,117654,8
ICZU1913876,ICZU,191387,6
NBWU7270759,NBWU,727075,9
YKCU8276785,YKCU,827678,5
ZYCU7394783,ZYCU,739478,3
RGKU5852480,RGKU,585248,0
MFHU2571585,MFHU,257158,5
UNZU8779783,UNZU,877978,3
UZGU3825219,UZGU,382521,9
OZNU7040974,OZNU,704097,4
WKFU5867741,WKFU,586774,1
IQZU8776200,IQZU,877620,0
IAEU0294037,IAEU,029403,7
EHCU4174100,EHCU,417410,0
PSDU7964742,PSDU,796474,2
KJSU9116684,KJSU,911668,4
ZBMU2134751,ZBMU,213475,1
NUZU7581892,NUZU,758189,2
GCYU6159594,GCYU,615959,4
KNQU9951910,KNQU,995191,0
CZWU3960515,CZWU,396051,5
FVCU0802445,FVCU,080244,5
DZNU7522337,DZNU,752233,7
DPVU0050340,DPVU,005034,0
YWSU7029330,YWSU,702933,0
GWBU1860851,GWBU,186085,1
CLCU2758122,CLCU,275812,2
AWCU2743672,AWCU,274367,2
PZWU7625040,PZWU,762504,0
MXRU2213361,MXRU,221336,1
RKUU0123056,RKUU,012305,6
MNHU2002918,MNHU,200291,8
RXIU8078312,RXIU,807831,2
OIBU0534612,OIBU,053461,2
OTOU9623251,OTOU,962325,1
VUCU7225902,VUCU,722590,2
RZUU5790319,RZUU,579031,9
FRFU4554605,FRFU,455460,5
YDVU7100481,YDVU,710048,1
JINU0923750,JINU,092375,0
OAXU4157400,OAXU,415740,0
SSZU9149512,SSZU,914951,2
DPEU6057070,DPEU,605707,0
NQLU5910929,NQLU,591092,9
YRJU6528770,YRJU,652877,0
SEYU1214502,SEYU,121450,2
DKVU2101907,DKVU,210190,7
HQLU9491470,HQLU,949147,0
VRVU6682910,VRVU,668291,0
CEYU9107927,CEYU,910792,7
TEJU8184179,TEJU,818417,9
PAIU7882034,PAIU,788203,4
CPOU3253607,CPOU,325360,7
RNDU1860471,RNDU,186047,1
KCHU8030363,KCHU,803036,3
RXYU7917182,RXYU,791718,2
EXKU1453910,EXKU,145391,0
ISYU4890787,ISYU,489078,7
RNOU6250618,RNOU,625061,8
PBUU9424197,PBUU,942419,7
VKKU9678297,VKKU,967829,7
UYJU0833396,UYJU,083339,6
VRGU4233945,VRGU,423394,5
OTLU8303669,OTLU,830366,9
FJLU3696287,FJLU,369628,7
SGIU6257790,SGIU,625779,0
BYJU2759833,BYJU,275983,3
YPHU3283060,YPHU,328306,0
MPZU0485834,MPZU,048583,4
BMAU2555212,BMAU,255521,2
IAXU6994348,IAXU,699434,8
WCAU4720180,WCAU,472018,0
APLU7895453,APLU,789545,3
IZGU9029599,IZGU,902959,9
SGJU0537544,SGJU,053754,4
WIWU4070173,WIWU,407017,3
SXBU1592449,SXBU,159244,9
WCXU4625000,WCXU,462500,0
KCOU4268178,KCOU,426817,8
ZTZU6646999,ZTZU,664699,9
DSCU8776549,DSCU,877654,9
LKRU7927595,LKRU,792759,5
ULAU7271468,ULAU,727146,8
WHRU9317684,WHRU,931768,4
XLXU1483508,XLXU,148350,8
SUBU0089303,SUBU,008930,3
JPCU0722910,JPCU,072291,0
RFBU5598392,RFBU,559839,2
ISRU2770680,ISRU,277068,0
BATU0876385,BATU,087638,5
MTBU6716532,MTBU,671653,2
DUEU4917249,DUEU,491724,9
WQOU9008785,WQOU,900878,5
FYJU9848509,FYJU,984850,9
YKUU1698113,YKUU,169811,3
WGDU3393905,WGDU,339390,5
TGHU9028500,TGHU,902850,0
GJJU9065226,GJJU,906522,6
BKMU2736999,BKMU,273699,9
TRIU9055964,TRIU,905596,4
ZOCU0406711,ZOCU,040671,1
PFJU4986256,PFJU,498625,6
SBSU3050393,SBSU,305039,3
GKUU6516126,GKUU,651612,6
ITTU2970456,ITTU,297045,6
AOSU8800733,AOSU,880073,3
IFNU0535893,IFNU,053589,3
UFZU3807171,UFZU,380717,1
OKGU7080391,OKGU,708039,1
TKWU3368456,TKWU,336845,6
VQSU9027860,VQSU,902786,0
FKQU1512858,FKQU,151285,8
OIBU5854537,OIBU,585453,7
NVMU5577710,NVMU,557771,0
XVZU3539809,XVZU,353980,9
YVKU3526903,YVKU,352690,3
UQCU3986993,UQCU,398699,3
YTHU0733562,YTHU,073356,2
WPUU0681265,WPUU,068126,5
JVLU4534042,JVLU,453404,2
TLXU0263660,TLXU,026366,0
LEEU8000281,LEEU,800028,1
OSPU7348825,OSPU,734882,5
STEU3996020,STEU,399602,0
FMIU7511445,FMIU,751144,5
DSDU0671231,DSDU,067123,1
EDQU8836813,EDQU,883681,3
VXJU3491018,VXJU,349101,8
SCEU9648815,SCEU,964881,5
TFIU5026835,TFIU,502683,5
MYQU6913227,MYQU,691322,7
VQDU5633429,VQDU,563342,9
KTSU4641210,KTSU,464121,0
RFXU7874455,RFXU,787445,5
HETU7264719,HETU,726471,9
WUKU5978701,WUKU,597870,1
XHFU7105381,XHFU,710538,1
SIYU9593225,SIYU,959322,5
XQDU2702282,XQDU,270228,2
IJWU0434356,IJWU,043435,6
UEJU8137460,UEJU,813746,0
YOYU4496263,YOYU,449626,3
LJXU8621068,LJXU,862106,8
IBBU7783475,IBBU,778347,5
ZLXU0438126,ZLXU,043812,6
NQNU7036189,NQNU,703618,9
XLLU1640750,XLLU,164075,0
GQAU6037194,GQAU,603719,4
ZHCU3110729,ZHCU,311072,9
VNRU4876022,VNRU,487602,2
ZWNU7242353,ZWNU,724235,3
FZEU4439435,FZEU,443943,5
VOWU9286906,VOWU,928690,6
SURU5214837,SURU,521483,7
YITU8000891,YITU,800089,1
GECU0509161,GECU,050916,1
BTDU7714309,BTDU,771430,9
DTCU6149710,DTCU,614971,0
WNCU8691307,WNCU,869130,7
LHKU5118112,LHKU,511811,2
ZPFU4605231,ZPFU,460523,1
CQDU7459575,CQDU,745957,5
GNXU6573750,GNXU,657375,0
QCMU6890195,QCMU,689019,5
EJBU1366222,EJBU,136622,2
MEVU4390181,MEVU,439018,1
JXKU6204046,JXKU,620404,6
VICU9112630,VICU,911263,0
ZOQU7973347,ZOQU,797334,7
ODVU8008030,ODVU,800803,0
XEWU7960071,XEWU,796007,1
QYPU0251210,QYPU,025121,0
GEIU1750703,GEIU,175070,3
PGYU3622870,PGYU,362287,0
ZQLU6375351,ZQLU,637535,1
WRSU5953151,WRSU,595315,1
BMMU9359017,BMMU,935901,7
AULU3934627,AULU,393462,7
BKIU9046615,BKIU,904661,5
AHWU0173040,AHWU,017304,0
TVXU8980688,TVXU,898068,8
XAEU3639740,XAEU,363974,0
IEUU6970320,IEUU,697032,0
LKJU4072683,LKJU,407268,3
DYWU3677314,DYWU,367731,4
IBTU5464879,IBTU,546487,9
SFCU9874298,SFCU,987429,8
KSMU6490790,KSMU,649079,0
LRRU6208436,LRRU,620843,6
ABJU8896348,ABJU,889634,8
WMXU1730213,WMXU,173021,3
PAGU5916950,PAGU,591695,0
RGIU7704504,RGIU,770450,4
HWOU7562645,HWOU,756264,5
GKOU0326071,GKOU,032607,1
ZOJU9546068,ZOJU,954606,8
IXSU6103778,IXSU,610377,8
NSYU6456667,NSYU,645666,7
XYVU9499601,XYVU,949960,1
FQRU1224056,FQRU,122405,6
TJCU9529005,TJCU,952900,5
HMFU8480519,HMFU,848051,9
CECU1425626,CECU,142562,6
VYUU6796103,VYUU,679610,3
ZJSU0510922,ZJSU,051092,2
FJZU5267748,FJZU,526774,8
KEGU8144469,KEGU,814446,9
HKFU1241543,HKFU,124154,3
IFFU8626024,IFFU,862602,4
KIOU5333582,KIOU,533358,2
NPHU1575273,NPHU,157527,3
FUOU7922385,FUOU,792238,5
OONU8835309,OONU,883530,9
XLVU9168819,XLVU,916881,9
LTCU2602576,LTCU,260257,6
JAYU1916814,JAYU,191681,4
TLIU8368372,TLIU,836837,2
PKNU5063501,PKNU,506350,1
HVZU3253402,HVZU,325340,2
CDQU5450609,CDQU,545060,9
PYQU6918448,PYQU,691844,8
GIRU3781456,GIRU,378145,6
FFKU2454197,FFKU,245419,7
KTEU7649740,KTEU,764974,0
QURU0898740,QURU,089874,0
YYPU6623020,YYPU,662302,0
WPCU3559858,WPCU,355985,8
AWMU5701140,AWMU,570114,0
QQLU3604481,QQLU,360448,1
QCMU7002935,QCMU,700293,5
YYMU1006431,YYMU,100643,1
EUBU9770187,EUBU,977018,7
UEIU6738392,UEIU,673839,2
RJSU8534590,RJSU,853459,0
JPBU5485280,JPBU,548528,0
RUOU8464062,RUOU,846406,2
FZKU0818303,FZKU,081830,3
VTHU6245412,VTHU,624541,2
SAFU4847896,SAFU,484789,6
LJKU4582499,LJKU,458249,9
KAJU7589873,KAJU,758987,3
GQSU9253707,GQSU,925370,7
CNUU2685163,CNUU,268516,3
ZGDU2967051,ZGDU,296705,1
GYYU2001541,GYYU,200154,1
BLSU7743949,BLSU,774394,9
IKSU4622210,IKSU,462221,0
HMCU7475435,HMCU,747543,5
HLXU8226320,HLXU,822632,0
GUJU7994152,GUJU,799415,2
WNFU9292302,WNFU,929230,2
MJXU6321890,MJXU,632189,0
LUXU1062400,LUXU,106240,0
SJJU9311023,SJJU,931102,3
DIAU7287537,DIAU,728753,7
CWGU9719079,CWGU,971907,9
FLVU3459357,FLVU,345935,7
DDCU8947529,DDCU,894752,9
SSFU0250229,SSFU,025022,9
KRNU6310550,KRNU,631055,0
IAVU8067086,IAVU,806708,6
VDCU4961506,VDCU,496150,6
URPU6805807,URPU,680580,7
CKTU1656719,CKTU,165671,9
OZCU6342425,OZCU,634242,5
BQCU8838408,BQCU,883840,8
UGTU3203250,UGTU,320325,0
MHSU7325684,MHSU,732568,4
QGDU3221319,QGDU,322131,9
GICU2831240,GICU,283124,0
KXIU6136454,KXIU,613645,4
QJSU4196580,QJSU,419658,0
GJYU7209922,GJYU,720992,2
AQRU9832150,AQRU,983215,0
WKOU3750618,WKOU,375061,8
NPZU3847141,NPZU,384714,1
VELU9823339,VELU,982333,9
TPIU4478640,TPIU,447864,0
WLAU4694767,WLAU,469476,7
GCGU2561088,GCGU,256108,8
DQWU0916830,DQWU,091683,0
CQNU2611936,CQNU,261193,6
EWNU4220468,EWNU,422046,8
SGPU0135514,SGPU,013551,4
FJDU5429287,FJDU,542928,7
VHSU8629361,VHSU,862936,1
GFGU4974785,GFGU,497478,5
RYJU4832585,RYJU,483258,5
FZWU5723541,FZWU,572354,1
LIWU2753673,LIWU,275367,3
BYLU4696360,BYLU,469636,0
RJLU2419551,RJLU,241955,1
GPSU3415476,GPSU,341547,6
VQQU0911889,VQQU,091188,9
AIFU2331928,AIFU,233192,8
ZJMU2899832,ZJMU,289983,2
JANU5949197,JANU,594919,7
ZVMU7433971,ZVMU,743397,1
REVU2535146,REVU,253514,6
YGLU2787703,YGLU,278770,3
TRUU3756619,TRUU,375661,9
IDTU0774263,IDTU,077426,3
PIFU6411689,PIFU,641168,9
YKSU9541695,YKSU,954169,5
HLKU1131532,HLKU,113153,2
JZBU2766998,JZBU,276699,8
RPXU5157291,RPXU,515729,1
ULQU6516617,ULQU,651661,7
NMNU7314683,NMNU,731468,3
YVWU5334855,YVWU,533485,5
YVPU7863144,YVPU,786314,4
WCBU8743560,WCBU,874356,0
IKGU9785189,IKGU,978518,9
TBMU5048120,TBMU,504812,0
NRWU1850180,NRWU,185018,0
HEHU8470255,HEHU,847025,5
AHOU1558104,AHOU,155810,4
TBOU9420275,TBOU,942027,5
RDMU8859817,RDMU,885981,7
ADJU1484770,ADJU,148477,0
JPZU9982421,JPZU,998242,1
JTKU3960689,JTKU,396068,9
UBWU9153470,UBWU,915347,0
NLXU3570690,NLXU,357069,0
EPNU0142866,EPNU,014286,6
KNIU4846483,KNIU,484648,3
YMUU0044094,YMUU,004409,4
EFSU1086092,EFSU,108609,2
XYKU7574890,XYKU,757489,0
JZHU9011450,JZHU,901145,0
OFGU2808823,OFGU,280882,3
MMYU1269487,MMYU,126948,7
ZWJU8544283,ZWJU,854428,3
BMRU4117554,BMRU,411755,4
UGDU8020075,UGDU,802007,5
OHAU6552954,OHAU,655295,4
IGLU2894639,IGLU,289463,9
RZFU8463923,RZFU,846392,3
CHAU3261491,CHAU,326149,1
XWZU1712922,XWZU,171292,2
PYQU8864320,PYQU,886432,0
KHZU5827015,KHZU,582701,5
XLKU8399441,XLKU,839944,1
FGYU3221646,FGYU,322164,6
TLLU7651063,TLLU,765106,3
JHUU6886684,JHUU,688668,4
SVTU9965101,SVTU,996510,1
FILU0758608,FILU,075860,8
ZXUU3953561,ZXUU,395356,1
YGLU8740489,YGLU,874048,9
IHEU3719320,IHEU,371932,0
JWWU4452356,JWWU,445235,6
ATIU2717580,ATIU,271758,0
LTGU0779504,LTGU,077950,4
EJCU2341095,EJCU,234109,5
PQWU9852214,PQWU,985221,4
HTSU2743247,HTSU,274324,7
WOJU6611491,WOJU,661149,1
GZDU4464029,GZDU,446402,9
QPLU3223523,QPLU,322352,3
PHMU6672592,PHMU,667259,2
IFMU4363124,IFMU,436312,4
QNEU1405608,QNEU,140560,8
WJYU6958497,WJYU,695849,7
WMHU6386810,WMHU,638681,0
VVYU1671976,VVYU,167197,6
DORU2635478,DORU,263547,8
AZJU7145761,AZJU,714576,1
VIQU2677264,VIQU,267726,4
JZVU1370127,JZVU,137012,7
PQUU2506184,PQUU,250618,4
BKPU5748280,BKPU,574828,0
RRCU4329420,RRCU,432942,0
TQRU2521237,TQRU,252123,7
OWNU2989319,OWNU,298931,9
TCUU4972423,TCUU,497242,3
OLLU6890069,OLLU,689006,9
VJVU4305552,VJVU,430555,2
ECXU6307736,ECXU,630773,6
LIFU9436199,LIFU,943619,9
MKPU5590770,MKPU,559077,0
UMTU8270926,UMTU,827092,6
NFCU5394830,NFCU,539483,0
YQAU0447760,YQAU,044776,0
WNRU6539021,WNRU,653902,1
MGHU4262946,MGHU,426294,6
NRGU4978863,NRGU,497886,3
FQKU3747421,FQKU,374742,1
LXGU4273513,LXGU,427351,3
RXNU2715930,RXNU,271593,0
JMRU7077679,JMRU,707767,9
LACU9067046,LACU,906704,6
VDHU1037190,VDHU,103719,0
XDIU2723225,XDIU,272322,5
FOKU6918890,FOKU,691889,0
PSCU6791187,PSCU,679118,7
FPXU6419096,FPXU,641909,6
RGOU0995044,RGOU,099504,4
IUVU6992712,IUVU,699271,2
LVRU7799369,LVRU,779936,9
YMXU3545366,YMXU,354536,6
YLLU1517026,YLLU,151702,6
OFPU7556546,OFPU,755654,6
RJMU1490902,RJMU,149090,2
KNKU6486296,KNKU,648629,6
OOYU8103641,OOYU,810364,1
XTRU8936077,XTRU,893607,7
RNHU8181564,RNHU,818156,4
VGQU5550990,VGQU,555099,0
FWZU3842439,FWZU,384243,9
AUTU0117052,AUTU,011705,2
ARFU4047354,ARFU,404735,4
OCEU5909877,OCEU,590987,7
YTDU7939530,YTDU,793953,0
MLWU4310158,MLWU,431015,8
QVZU2586861,QVZU,258686,1
CLWU2689926,CLWU,268992,6
VGCU3689092,VGCU,368909,2
TPTU9853590,TPTU,985359,0
NHFU5631520,NHFU,563152,0
EWHU5002228,EWHU,500222,8
QDHU8490583,QDHU,849058,3
KXEU4047651,KXEU,404765,1
GTQU6465995,GTQU,646599,5
HNNU4358805,HNNU,435880,5
DQWU9203189,DQWU,920318,9
EDSU3238760,EDSU,323876,0
RFYU8662897,RFYU,866289,7
SAQU5243913,SAQU,524391,3
VJSU7722262,VJSU,772226,2
OZIU6664320,OZIU,666432,0
JAHU0885290,JAHU,088529,0
GYMU3982542,GYMU,398254,2
ARLU1184791,ARLU,118479,1
RMZU7230984,RMZU,723098,4
GNTU3189419,GNTU,318941,9
EDEU6357814,EDEU,635781,4
DTKU1127050,DTKU,112705,0
WAMU9052345,WAMU,905234,5
XRNU1733465,XRNU,173346,5
WFBU7365060,WFBU,736506,0
KSIU2160472,KSIU,216047,2
FWYU4651794,FWYU,465179,4
YBHU7309084,YBHU,730908,4
ZPUU4305612,ZPUU,430561,2
IUWU7674849,IUWU,767484,9
QOGU4510289,QOGU,451028,9
DILU2511148,DILU,251114,8
OZEU8631379,OZEU,863137,9
OBIU4018725,OBIU,401872,5
APOU9553018,APOU,955301,8
MQZU5225662,MQZU,522566,2
WKCU1214861,WKCU,121486,1
USTU6521520,USTU,652152,0
HHBU5356366,HHBU,535636,6
MOSU7488259,MOSU,748825,9
EAWU6818130,EAWU,681813,0
QCVU3909858,QCVU,390985,8
ZSYU2339495,ZSYU,233949,5
ARIU9625219,ARIU,962521,9
YFDU4080398,YFDU,408039,8
YXCU8327642,YXCU,832764,2
WEQU2877034,WEQU,287703,4
WDZU5041802,WDZU,504180,2
XIEU5856041,XIEU,585604,1
AQNU9239108,AQNU,923910,8
NAKU9605461,NAKU,960546,1
IPTU1753295,IPTU,175329,5
NZTU6448181,NZTU,644818,1
VYCU7341096,VYCU,734109,6
XBFU1059821,XBFU,105982,1
VTHU4527206,VTHU,452720,6
NHFU1468667,NHFU,146866,7
HDFU1586917,HDFU,158691,7
STMU3778078,STMU,377807,8
USCU8929460,USCU,892946,0
DGBU8617920,DGBU,861792,0
GHPU2836811,GHPU,283681,1
JMLU5727217,JMLU,572721,7
DYPU6844123,DYPU,684412,3
ZJLU8158474,ZJLU,815847,4
ENKU4944481,ENKU,494448,1
KMUU2791108,KMUU,279110,8
GWXU8649853,GWXU,864985,3
XLQU7869058,XLQU,786905,8
IIZU3108590,IIZU,310859,0
CDWU9777597,CDWU,977759,7
RUOU7781822,RUOU,778182,2
QSQU3092474,QSQU,309247,4
WSQU5851318,WSQU,585131,8
JYCU1567761,JYCU,156776,1
ZBCU7041986,ZBCU,704198,6
IDNU5932354,IDNU,593235,4
YRIU3980484,YRIU,398048,4
PBTU9997955,PBTU,999795,5
LRIU5891059,LRIU,589105,9
RGSU3286509,RGSU,328650,9
UAPU7954190,UAPU,795419,0
OJCU7462546,OJCU,746254,6
EZBU3244210,EZBU,324421,0
HRZU5668883,HRZU,566888,3
DLNU1212825,DLNU,121282,5
ZXKU8112794,ZXKU,811279,4
ODZU6903776,ODZU,690377,6
ANPU6168229,ANPU,616822,9
AIIU3355674,AIIU,335567,4
YYFU9851549,YYFU,985154,9
IOAU3367082,IOAU,336708,2
RXZU1345083,RXZU,134508,3
ZBJU2615074,ZBJU,261507,4
RWGU5447233,RWGU,544723,3
OYMU3241770,OYMU,324177,0
ZSAU2052531,ZSAU,205253,1
XJMU3761677,XJMU,376167,7
SVWU5679125,SVWU,567912,5
MOLU9263997,MOLU,926399,7
SIHU2754360,SIHU,275436,0
FXAU0655440,FXAU,065544,0
KXCU6377444,KXCU,637744,4
PCGU7866200,PCGU,786620,0
KSWU7948763,KSWU,794876,3
SQKU7346100,SQKU,734610,0
MPJU9427767,MPJU,942776,7
SRPU8794588,SRPU,879458,8
BQXU5151849,BQXU,515184,9
CXQU0826484,CXQU,082648,4
BZJU7712255,BZJU,771225,5
KLJU0474937,KLJU,047493,7
RMHU2569777,RMHU,256977,7
LTVU1900802,LTVU,190080,2
LNMU3779797,LNMU,377979,7
KXLU1756225,KXLU,175622,5
FJIU3366547,FJIU,336654,7
GUKU1056413,GUKU,105641,3
XJQU0901126,XJQU,090112,6
NUNU8775600,NUNU,877560,0
PQUU6680044,PQUU,668004,4
LUZU6067167,LUZU,606716,7
XNEU2886969,XNEU,288696,9
YYPU5976928,YYPU,597692,8
EOYU7460259,EOYU,746025,9
KGLU8248094,KGLU,824809,4
WKGU4420562,WKGU,442056,2
YHHU2490046,YHHU,249004,6
PJEU7680989,PJEU,768098,9
MBJU6674853,MBJU,667485,3
PCJU4489589,PCJU,448958,9
WHPU4953428,WHPU,495342,8
NIZU5747018,NIZU,574701,8
ITLU2755135,ITLU,275513,5
USIU1998917,USIU,199891,7
VACU1337567,VACU,133756,7
BHRU1336542,BHRU,133654,2
UUBU1005839,UUBU,100583,9
LAWU2357444,LAWU,235744,4
AQYU5719340,AQYU,571934,0
BBIU5761413,BBIU,576141,3
JLVU8910045,JLVU,891004,5
BKFU3220185,BKFU,322018,5
ILGU5476061,ILGU,547606,1
PXZU6391480,PXZU,639148,0
SFAU6013680,SFAU,601368,0
OSOU4795024,OSOU,479502,4
QLUU8991197,QLUU,899119,7
FXOU4453070,FXOU,445307,0
NVYU1680938,NVYU,168093,8
IBBU4191940,IBBU,419194,0
WCAU0188504,WCAU,018850,4
ZPOU0128395,ZPOU,012839,5
AYDU4295595,AYDU,429559,5
DGSU8738830,DGSU,873883,0
ASCU2080117,ASCU,208011,7
QNQU3757349,QNQU,375734,9
JODU3168023,JODU,316802,3
UIRU3343854,UIRU,334385,4
WPNU1199761,WPNU,119976,1
DIOU4060825,DIOU,406082,5
BKUU1670197,BKUU,167019,7
YXLU9450410,YXLU,945041,0
ZWUU6756163,ZWUU,675616,3
LKRU5685342,LKRU,568534,2
OSUU3506469,OSUU,350646,9
HQPU4619753,HQPU,461975,3
BMDU5879333,BMDU,587933,3
JKLU9298990,JKLU,929899,0
BKOU2661881,BKOU,266188,1
CXAU2692769,CXAU,269276,9
FROU6330766,FROU,633076,6
YDYU0300262,YDYU,030026,2
NOAU3256654,NOAU,325665,4
OQNU9692736,OQNU,969273,6
AJUU7707812,AJUU,770781,2
WMXU7054625,WMXU,705462,5
KNXU9607230,KNXU,960723,0
CNVU4322225,CNVU,432222,5
JVNU1474100,JVNU,147410,0
FZAU5819067,FZAU,581906,7
ALKU4490185,ALKU,449018,5
LLHU6371329,LLHU,637132,9
TPNU6680375,TPNU,668037,5
EIAU3863640,EIAU,386364,0
EHKU0894780,EHKU,089478,0
NQHU9481803,NQHU,948180,3
LAVU6810410,LAVU,681041,0
HUHU0988700,HUHU,098870,0
LACU3665014,LACU,366501,4
YNEU4761513,YNEU,476151,3
CCHU4993898,CCHU,499389,8
CWOU2461350,CWOU,246135,0
MSUU3251730,MSUU,325173,0
RLPU9446420,RLPU,944642,0
JNUU8523042,JNUU,852304,2
QSAU3453381,QSAU,345338,1
JUVU5153730,JUVU,515373,0
BUXU3523369,BUXU,352336,9
QICU1405528,QICU,140552,8
MLMU5853252,MLMU,585325,2
MQZU7141961,MQZU,714196,1
IADU1164862,IADU,116486,2
QYRU9565138,QYRU,956513,8
JNKU7828221,JNKU,782822,1
MHMU9059302,MHMU,905930,2
CYGU5149372,CYGU,514937,2
YOZU4726919,YOZU,472691,9
EFIU8648062,EFIU,864806,2
RXRU3086055,RXRU,308605,5
KZJU7042085,KZJU,704208,5
YOIU0522733,YOIU,052273,3
DDLU6158889,DDLU,615888,9
GLKU1944444,GLKU,194444,4
ETAU4685669,ETAU,468566,9
YOPU1630691,YOPU,163069,1
JGAU0553508,JGAU,055350,8
XNHU9455882,XNHU,945588,2
UKRU9928602,UKRU,992860,2
ACAU9330751,ACAU,933075,1
YKIU7977859,YKIU,797785,9
DIWU1813018,DIWU,181301,8
XNFU2441046,XNFU,244104,6
KDXU5422901,KDXU,542290,1
LRVU5120138,LRVU,512013,8
UNBU6582168,UNBU,658216,8
TCDU1589082,TCDU,158908,2
SQMU1265276,SQMU,126527,6
ZUVU3118510,ZUVU,311851,0
LDJU2330750,LDJU,233075,0
PHYU7812870,PHYU,781287,0
TRXU0984348,TRXU,098434,8
CQFU2789144,CQFU,278914,4
YIMU2154615,YIMU,215461,5
GLYU5586943,GLYU,558694,3
QKKU6533252,QKKU,653325,2
YXVU7482229,YXVU,748222,9
TZCU8012181,TZCU,801218,1
PUIU5668825,PUIU,566882,5
GPGU8981519,GPGU,898151,9
NLNU7454615,NLNU,745461,5
WKQU8900359,WKQU,890035,9
PJKU0518129,PJKU,051812,9
KOLU7083191,KOLU,708319,1
JVUU2298172,JVUU,229817,2
EFUU4892442,EFUU,489244,2
TTLU1312010,TTLU,131201,0
QIJU9135390,QIJU,913539,0
AEYU4068569,AEYU,406856,9
GXIU4953960,GXIU,495396,0
MYBU8202596,MYBU,820259,6
XHNU6394805,XHNU,639480,5
SRTU8942400,SRTU,894240,0
PFWU6322970,PFWU,632297,0
EWRU3762690,EWRU,376269,0
HTHU9792785,HTHU,979278,5
MAUU9459427,MAUU,945942,7
SIXU4321914,SIXU,432191,4
KXNU6145930,KXNU,614593,0
HYHU6743242,HYHU,674324,2
FBKU4635920,FBKU,463592,0
YMFU6945173,YMFU,694517,3
ZDVU5047666,ZDVU,504766,6
IHCU2027356,IHCU,202735,6
GRIU7535690,GRIU,753569,0
AYFU7680680,AYFU,768068,0
WIWU8043474,WIWU,804347,4
RHYU0565600,RHYU,056560,0
DQQU7242431,DQQU,724243,1
OKOU0475010,OKOU,047501,0
IMWU0382711,IMWU,038271,1
MXEU3495700,MXEU,349570,0
AKEU0624383,AKEU,062438,3
CVBU5829669,CVBU,582966,9
MHBU4586591,MHBU,458659,1
UEGU8840810,UEGU,884081,0
BTYU3484773,BTYU,348477,3
TBOU8371812,TBOU,837181,2
ALBU2720347,ALBU,272034,7
SASU9858955,SASU,985895,5
PATU8157381,PATU,815738,1
DHIU3524760,DHIU,352476,0
ELJU6854796,ELJU,685479,6
TFJU4569934,TFJU,456993,4
FLZU8114100,FLZU,811410,0
KMIU6023034,KMIU,602303,4
FIXU8512069,FIXU,851206,9
ZXEU3574150,ZXEU,357415,0
KFJU6752740,KFJU,675274,0
VPAU5863404,VPAU,586340,4
UHNU9532170,UHNU,953217,0
HCJU8641578,HCJU,864157,8
UVUU5291336,UVUU,529133,6
WSJU1344764,WSJU,134476,4
SATU6609232,SATU,660923,2
ILVU9755894,ILVU,975589,4
GBOU1229547,GBOU,122954,7
AAZU2401947,AAZU,240194,7
RFLU3043435,RFLU,304343,5
SXOU7409747,SXOU,740974,7
QTLU7284695,QTLU,728469,5
XMHU2430509,XMHU,243050,9
NJRU2926148,NJRU,292614,8
NNFU7112995,NNFU,711299,5
RDPU3141258,RDPU,314125,8
DAWU0996155,DAWU,099615,5
BMMU4086286,BMMU,408628,6
MLTU4461102,MLTU,446110,2
MSWU4418042,MSWU,441804,2
JYQU5768049,JYQU,576804,9
EWJU9942207,EWJU,994220,7
GYDU2224449,GYDU,222444,9
TBPU4280261,TBPU,428026,1
DSSU6520565,DSSU,652056,5
CBQU3808367,CBQU,380836,7
FAQU2949246,FAQU,294924,6
AUKU1346653,AUKU,134665,3
RQTU0192159,RQTU,019215,9
CRBU8330083,CRBU,833008,3
OKGU0588821,OKGU,058882,1
HVRU8585480,HVRU,858548,0
MWIU5121358,MWIU,512135,8
CEVU9083716,CEVU,908371,6
UAOU3281610,UAOU,328161,0
JPRU4176293,JPRU,417629,3
ACRU5687539,ACRU,568753,9
RKIU5712750,RKIU,571275,0
BJLU6197550,BJLU,619755,0
XIOU1969219,XIOU,196921,9
WWLU7583679,WWLU,758367,9
RKYU3326420,RKYU,332642,0
MJOU4593764,MJOU,459376,4
IXGU2230144,IXGU,223014,4
IFQU9393954,IFQU,939395,4
UBAU2176447,UBAU,217644,7
LAPU7398576,LAPU,739857,6
UMVU1038397,UMVU,103839,7
QDLU3064095,QDLU,306409,5
PYAU2468516,PYAU,246851,6
SNLU9929726,SNLU,992972,6
MPZU2292860,MPZU,229286,0
IIRU3495285,IIRU,349528,5
OIGU0459482,OIGU,045948,2
NPHU0346713,NPHU,034671,3
XVNU1683234,XVNU,168323,4
SVTU9205752,SVTU,920575,2
YPMU8676294,YPMU,867629,4
JINU5058151,JINU,505815,1
BHOU2433530,BHOU,243353,0
ZXXU7590263,ZXXU,759026,3
ELQU0431482,ELQU,043148,2
MTVU2821150,MTVU,282115,0
SBCU9473385,SBCU,947338,5
CSPU7762129,CSPU,776212,9
FQQU3178980,FQQU,317898,0
QPGU2386191,QPGU,238619,1
KEHU5065185,KEHU,506518,5
MTMU2727506,MTMU,272750,6
MNVU7591418,MNVU,759141,8
FMJU1292723,FMJU,129272,3
PKFU7767261,PKFU,776726,1
RETU7678540,RETU,767854,0
RTHU2974495,RTHU,297449,5
TCRU0879013,TCRU,087901,3
TVGU7325928,TVGU,732592,8
GBWU9230932,GBWU,923093,2
LOQU5833635,LOQU,583363,5
NIPU3590486,NIPU,359048,6
TDJU8204930,TDJU,820493,0
CHEU5365791,CHEU,536579,1
BJGU0102299,BJGU,010229,9
FLZU8078152,FLZU,807815,2
QRZU6431956,QRZU,643195,6
XMVU5179400,XMVU,517940,0
ESMU1766257,ESMU,176625,7
DPWU2393233,DPWU,239323,3
LHMU4929590,LHMU,492959,0
SSLU0779286,SSLU,077928,6
EOJU9551572,EOJU,955157,2
RVXU8383741,RVXU,838374,1
KDWU1955600,KDWU,195560,0
WAIU0368606,WAIU,036860,6
LXHU9358746,LXHU,935874,6
NXOU4707743,NXOU,470774,3
YANU7852703,YANU,785270,3
DIUU5227544,DIUU,522754,4
MQZU3981700,MQZU,398170,0
WARU7655585,WARU,765558,5
UJXU9357831,UJXU,935783,1
TBIU6881299,TBIU,688129,9
ZDTU4987201,ZDTU,498720,1
JHTU4269740,JHTU,426974,0
OVMU7153408,OVMU,715340,8
QTQU6155048,QTQU,615504,8
BHDU5041118,BHDU,504111,8
EZXU3341305,EZXU,334130,5
ODBU3462380,ODBU,346238,0
DXAU0220208,DXAU,022020,8
QNZU2664802,QNZU,266480,2
SQTU2509330,SQTU,250933,0
SFJU9864736,SFJU,986473,6
YUGU0951860,YUGU,095186,0
QLLU0040835,QLLU,004083,5
NCRU4842547,NCRU,484254,7
IWUU5202977,IWUU,520297,7
RYAU1255890,RYAU,125589,0
FPFU8049721,FPFU,804972,1
MQEU1488230,MQEU,148823,0
ROWU4458700,ROWU,445870,0
VRHU3902968,VRHU,390296,8
QXPU9168933,QXPU,916893,3
VIKU6759241,VIKU,675924,1
YZAU7338671,YZAU,733867,1
OOHU1410890,OOHU,141089,0
BQUU6044542,BQUU,604454,2
YKKU9264941,YKKU,926494,1
IKEU8229721,IKEU,822972,1
FDRU4117708,FDRU,411770,8
HMLU8975386,HMLU,897538,6
ZDFU7391607,ZDFU,739160,7
SJCU5265454,SJCU,526545,4
RXAU0880885,RXAU,088088,5
TDEU9214215,TDEU,921421,5
RUHU9416408,RUHU,941640,8
OJSU4188120,OJSU,418812,0
RETU8543298,RETU,854329,8
TBHU0836215,TBHU,083621,5
WYAU2287372,WYAU,228737,2
DUUU4559527,DUUU,455952,7
QSWU8382321,QSWU,838232,1
SHQU8575789,SHQU,857578,9
MTLU8645891,MTLU,864589,1
JHGU8459990,JHGU,845999,0
FYTU9570526,FYTU,957052,6
ANUU7977231,ANUU,797723,1
TJFU2913534,TJFU,291353,4
TKKU5716987,TKKU,571698,7
SSGU1807164,SSGU,180716,4
YZAU1970182,YZAU,197018,2
YLIU8758355,YLIU,875835,5
JEAU9259640,JEAU,925964,0
YBZU6447630,YBZU,644763,0
LGZU9038967,LGZU,903896,7
VFOU3502442,VFOU,350244,2
MPQU2972898,MPQU,297289,8
FYQU0581431,FYQU,058143,1
FJUU0917999,FJUU,091799,9
SQUU6956937,SQUU,695693,7
YLOU2553517,YLOU,255351,7
OZKU4486593,OZKU,448659,3
NOSU5279965,NOSU,527996,5
QZDU7248419,QZDU,724841,9
TYIU3426804,TYIU,342680,4
IFUU7360690,IFUU,736069,0
VNUU0532190,VNUU,053219,0
PKCU7039413,PKCU,703941,3
VSYU2896434,VSYU,289643,4
ZIVU1252682,ZIVU,125268,2
REZU0555791,REZU,055579,1
USKU2147550,USKU,214755,0
MBYU4563343,MBYU,456334,3
CCDU8923575,CCDU,892357,5
CBNU9719883,CBNU,971988,3
NMMU3761972,NMMU,376197,2
TVJU0584492,TVJU,058449,2
UEPU7374191,UEPU,737419,1
CFOU7186929,CFOU,718692,9
QXNU2042355,QXNU,204235,5
HVJU5414542,HVJU,541454,2
KKNU9920192,KKNU,992019,2
WHYU6304091,WHYU,630409,1
IANU6386034,IANU,638603,4
DSOU9656822,DSOU,965682,2
JBPU8365407,JBPU,836540,7
WNCU2905021,WNCU,290502,1
MSGU5281344,MSGU,528134,4
LWSU3934933,LWSU,393493,3
GFDU0702026,GFDU,070202,6
OXYU0335931,OXYU,033593,1
OHAU9784866,OHAU,978486,6
AKKU8014630,AKKU,801463,0
DGRU4550028,DGRU,455002,8
SQKU2188580,SQKU,218858,0
CESU1977458,CESU,197745,8
AAAU3890666,AAAU,389066,6
HZUU4588324,HZUU,458832,4
PWWU6544756,PWWU,654475,6
ASKU7970771,ASKU,797077,1
JEMU4333962,JEMU,433396,2
BARU7689990,BARU,768999,0
ZPZU4872963,ZPZU,487296,3
ZIJU2070465,ZIJU,207046,5
KHBU0793216,KHBU,079321,6
OBGU5623600,OBGU,562360,0
XYVU7841079,XYVU,784107,9
EZSU2290330,EZSU,229033,0
CICU7832591,CICU,783259,1
DBOU6198636,DBOU,619863,6
GSHU0847539,GSHU,084753,9
AYGU0160910,AYGU,016091,0
GOKU3333497,GOKU,333349,7
QYGU5559920,QYGU,555992,0
NCGU7942145,NCGU,794214,5
FPJU5653199,FPJU,565319,9
IXMU9414719,IXMU,941471,9
OJDU5450175,OJDU,545017,5
IYSU0943314,IYSU,094331,4
WKQU0797521,WKQU,079752,1
PYQU0953740,PYQU,095374,0
FXIU1792579,FXIU,179257,9
FRPU4052551,FRPU,405255,1
MNSU3200716,MNSU,320071,6
YEUU1512887,YEUU,151288,7
MWCU2179565,MWCU,217956,5
AYJU9941961,AYJU,994196,1
DHTU5603991,DHTU,560399,1
XPFU9571338,XPFU,957133,8
STNU4010555,STNU,401055,5
YDEU3840217,YDEU,384021,7
JDZU5994816,JDZU,599481,6
WGKU2062699,WGKU,206269,9
IHLU3481354,IHLU,348135,4
PPFU2598339,PPFU,259833,9
QYOU1156868,QYOU,115686,8
TRCU4975931,TRCU,497593,1
KNGU3288142,KNGU,328814,2
JONU5840820,JONU,584082,0
GPDU6161459,GPDU,616145,9
DZZU4255790,DZZU,425579,0
KTWU5002167,KTWU,500216,7
CQSU5904258,CQSU,590425,8
OAIU5028909,OAIU,502890,9
GLXU0350186,GLXU,035018,6
MUWU4304362,MUWU,430436,2
QJNU0736300,QJNU,073630,0
YSTU3073540,YSTU,307354,0
WGHU0503916,WGHU,050391,6
DDBU6135219,DDBU,613521,9
TIKU8433626,TIKU,843362,6
JJGU2705832,JJGU,270583,2
PEDU5390036,PEDU,539003,6
WWMU1820334,WWMU,182033,4
REJU0472433,REJU,047243,3
MTQU6737960,MTQU,673796,0
HXVU0979010,HXVU,097901,0
GDFU0964668,GDFU,096466,8
PGMU5720971,PGMU,572097,1
NMAU3528640,NMAU,352864,0
CSNU8486481,CSNU,848648,1
MLPU5528607,MLPU,552860,7
BWDU3548085,BWDU,354808,5
CSAU9857577,CSAU,985757,7
AYMU2511011,AYMU,251101,1
ZUGU4501271,ZUGU,450127,1
EHYU2330290,EHYU,233029,0
LMDU4885199,LMDU,488519,9
MCCU9396562,MCCU,939656,2
NMXU2985230,NMXU,298523,0
XVXU5052978,XVXU,505297,8
NKAU1418844,NKAU,141884,4
DUMU6622126,DUMU,662212,6
PIGU7305324,PIGU,730532,4
OEWU1554841,OEWU,155484,1
WTOU5111105,WTOU,511110,5
DSMU2983087,DSMU,298308,7
WWQU8306888,WWQU,830688,8
KIBU2419418,KIBU,241941,8
UCIU5394196,UCIU,539419,6
OYHU7482285,OYHU,748228,5
XFDU5926345,XFDU,592634,5
GNEU4623075,GNEU,462307,5
NCQU2405020,NCQU,240502,0
ZRIU7936310,ZRIU,793631,0
CLKU8702346,CLKU,870234,6
ZMPU8816284,ZMPU,881628,4
IQSU6296435,IQSU,629643,5
ZOIU0040429,ZOIU,004042,9
KQZU1898066,KQZU,189806,6
WAZU1115540,WAZU,111554,0
KIMU7773618,KIMU,777361,8
GGGU1703966,GGGU,170396,6
HZFU2999729,HZFU,299972,9
PTKU3198883,PTKU,319888,3
OMRU3346841,OMRU,334684,1
FLOU1204255,FLOU,120425,5
UCDU6880419,UCDU,688041,9
ZJYU8907320,ZJYU,890732,0
IDHU8165311,IDHU,816531,1
YMWU9726516,YMWU,972651,6
JPOU1758330,JPOU,175833,0
DVNU9178769,DVNU,917876,9
HCRU3301520,HCRU,330152,0
VZYU8982730,VZYU,898273,0
BGVU3351239,BGVU,335123,9
VJHU1634319,VJHU,163431,9
EJAU0799961,EJAU,079996,1
UPXU4542784,UPXU,454278,4
XBXU4328594,XBXU,432859,4
OZVU1641137,OZVU,164113,7
RTHU4800390,RTHU,480039,0
NYEU1589361,NYEU,158936,1
BISU5712622,BISU,571262,2
OYTU7196463,OYTU,719646,3
BFPU3245991,BFPU,324599,1
IRBU2135300,IRBU,213530,0
CPUU6198871,CPUU,619887,1
BPGU9631911,BPGU,963191,1
TCEU3325293,TCEU,332529,3
VFDU1994144,VFDU,199414,4
TEVU2305968,TEVU,230596,8
NOZU4622301,NOZU,462230,1
JDNU5857354,JDNU,585735,4
CEUU9978761,CEUU,997876,1
LMMU9669901,LMMU,966990,1
XDSU2530416,XDSU,253041,6
AHSU8546012,AHSU,854601,2
WBEU7183542,WBEU,718354,2
QIDU9744542,QIDU,974454,2
OXUU0823985,OXUU,082398,5
FHIU5753813,FHIU,575381,3
GOOU0128809,GOOU,012880,9
SYDU6321710,SYDU,632171,0
JRKU4720987,JRKU,472098,7
MNGU9914185,MNGU,991418,5
MJDU7015576,MJDU,701557,6
SCKU5927921,SCKU,592792,1
WARU9087904,WARU,908790,4
RSOU8271877,RSOU,827187,7
MEBU9092810,MEBU,909281,0
AEPU1111583,AEPU,111158,3
QJVU3519683,QJVU,351968,3
LAEU3710640,LAEU,371064,0
DCVU9363334,DCVU,936333,4
HKUU0590528,HKUU,059052,8
SQFU7567660,SQFU,756766,0
OKEU1738261,OKEU,173826,1
PXXU2559500,PXXU,255950,0
BCPU4078173,BCPU,407817,3
LAPU8842237,LAPU,884223,7
KRXU7824907,KRXU,782490,7
YJPU9533742,YJPU,953374,2
VGNU9067757,VGNU,906775,7
NNYU0940994,NNYU,094099,4
LSWU1148868,LSWU,114886,8
LEFU8144472,LEFU,814447,2
YIXU8501274,YIXU,850127,4
YIBU6260057,YIBU,626005,7
CSAU0776812,CSAU,077681,2
JBMU3946619,JBMU,394661,9
VYZU7753896,VYZU,775389,6
XPVU6932685,XPVU,693268,5
TTEU9768096,TTEU,976809,6
NGMU3158708,NGMU,315870,8
SRHU0900269,SRHU,090026,9
VRHU9775860,VRHU,977586,0
CDBU2247565,CDBU,224756,5
MFOU5922342,MFOU,592234,2
DEEU1524252,DEEU,152425,2
DIMU3846767,DIMU,384676,7
CQWU4650774,CQWU,465077,4
HLLU6208980,HLLU,620898,0
HVIU4585737,HVIU,458573,7
CGXU7484367,CGXU,748436,7
RJVU0513635,RJVU,051363,5
EPAU4672622,EPAU,467262,2
CFVU8333134,CFVU,833313,4
PPYU6562900,PPYU,656290,0
WYSU5104375,WYSU,510437,5
CGYU3920419,CGYU,392041,9
SODU0044270,SODU,004427,0
QPMU4437040,QPMU,443704,0
NAUU1316396,NAUU,131639,6
XORU2033260,XORU,203326,0
NQXU2680202,NQXU,268020,2
JPAU5431809,JPAU,543180,9
YDEU2847217,YDEU,284721,7
ZYHU0275380,ZYHU,027538,0
KDFU9999930,KDFU,999993,0
YIZU8653206,YIZU,865320,6
VHAU9908671,VHAU,990867,1
PWZU5334890,PWZU,533489,0
BHMU3588400,BHMU,358840,0
JNUU9764682,JNUU,976468,2
OUZU9063620,OUZU,906362,0
PJKU0121698,PJKU,012169,8
OGVU4418767,OGVU,441876,7
NWGU9331320,NWGU,933132,0
HXEU2387829,HXEU,238782,9
XUIU8791575,XUIU,879157,5
NKIU3640690,NKIU,364069,0
IEVU9408308,IEVU,940830,8
QFJU4753321,QFJU,475332,1
OOPU2464954,OOPU,246495,4
ZQVU5568762,ZQVU,556876,2
FTHU4339603,FTHU,433960,3
ONEU8659515,ONEU,865951,5
YSXU7099962,YSXU,709996,2
OSTU9191112,OSTU,919111,2
UCPU4312090,UCPU,431209,0
VNPU9185849,VNPU,918584,9
RIBU8720540,RIBU,872054,0
FESU4086053,FESU,408605,3
HVQU8659698,HVQU,865969,8
LOGU1863190,LOGU,186319,0
WPLU1110416,WPLU,111041,6
AWIU2986247,AWIU,298624,7
SCRU1149209,SCRU,114920,9
IIIU4685339,IIIU,468533,9
NJPU4570090,NJPU,457009,0
FJNU2207901,FJNU,220790,1
JTOU6152445,JTOU,615244,5
NZMU0448553,NZMU,044855,3
ZELU6173300,ZELU,617330,0
DUOU0618810,DUOU,061881,0
GAIU8044124,GAIU,804412,4
IMGU7967087,IMGU,796708,7
LTRU7579203,LTRU,757920,3
CMVU4497094,CMVU,449709,4
VAEU8588026,VAEU,858802,6
YLLU4837070,YLLU,483707,0
WQNU9827737,WQNU,982773,7
TGAU7423126,TGAU,742312,6
AQOU2684635,AQOU,268463,5
AUAU9330695,AUAU,933069,5
ZXZU5212786,ZXZU,521278,6
ARRU7224363,ARRU,722436,3
VYFU1899461,VYFU,189946,1
PYKU8072250,PYKU,807225,0
ZEOU3641922,ZEOU,364192,2
DVDU5544690,DVDU,554469,0
RBYU6705565,RBYU,670556,5
YLRU5765871,YLRU,576587,1
RWWU6238573,RWWU,623857,3
AVYU6983682,AVYU,698368,2
NSPU6894712,NSPU,689471,2
RZQU7296677,RZQU,729667,7
JSJU2753038,JSJU,275303,8
BXEU9044873,BXEU,904487,3
HHGU6996999,HHGU,699699,9
SCUU5816342,SCUU,581634,2
LSEU1875632,LSEU,187563,2
EIBU0875645,EIBU,087564,5
MXRU4568550,MXRU,456855,0
EKTU0715130,EKTU,071513,0
QFTU7702797,QFTU,770279,7
SYSU7318710,SYSU,731871,0
IMXU1306480,IMXU,130648,0
JTJU5504262,JTJU,550426,2
VZRU8845316,VZRU,884531,6
KZAU0532947,KZAU,053294,7
JRQU0852830,JRQU,085283,0
SUOU6756960,SUOU,675696,0
DVRU2409346,DVRU,240934,6
ISFU4765140,ISFU,476514,0
EMBU3139483,EMBU,313948,3
NLDU1087240,NLDU,108724,0
FKUU0003700,FKUU,000370,0
TTIU2770521,TTIU,277052,1
YPQU5087274,YPQU,508727,4
LNUU7911679,LNUU,791167,9
TDRU3987585,TDRU,398758,5
BGCU2707252,BGCU,270725,2
XPRU6404020,XPRU,640402,0
ILEU9595610,ILEU,959561,0
FOBU3529341,FOBU,352934,1
PJMU5121412,PJMU,512141,2
BDPU2159806,BDPU,215980,6
MURU8953809,MURU,895380,9
YTOU0858126,YTOU,085812,6
XUFU3967803,XUFU,396780,3
YGXU6247721,YGXU,624772,1
TTVU7813148,TTVU,781314,8
CKRU1556517,CKRU,155651,7
CGIU5644886,CGIU,564488,6
YZAU5328484,YZAU,532848,4
TKDU6639410,TKDU,663941,0
ZZYU0220367,ZZYU,022036,7
YIRU1953404,YIRU,195340,4
PTRU6914234,PTRU,691423,4
TRDU2049154,TRDU,204915,4
NEPU5050833,NEPU,505083,3
SIJU2502160,SIJU,250216,0
LQDU9063520,LQDU,906352,0
VRZU6468098,VRZU,646809,8
QIYU0540829,QIYU,054082,9
YGSU8861260,YGSU,886126,0
MKYU8024813,MKYU,802481,3
FBFU9880671,FBFU,988067,1
SNHU4980645,SNHU,498064,5
DRUU0495795,DRUU,049579,5
EEDU0052919,EEDU,005291,9
BVYU0468590,BVYU,046859,0
WBEU9493228,WBEU,949322,8
JNRU4887338,JNRU,488733,8
ESVU9313037,ESVU,931303,7
IVEU1388941,IVEU,138894,1
OWOU0427527,OWOU,042752,7
VLBU5715454,VLBU,571545,4
VBAU1430179,VBAU,143017,9
OKNU2707425,OKNU,270742,5
EFLU0123719,EFLU,012371,9
IMDU6869151,IMDU,686915,1
OSJU8726360,OSJU,872636,0
NERU2643766,NERU,264376,6
YEPU8629331,YEPU,862933,1
HFVU5468423,HFVU,546842,3
VCCU9998091,VCCU,999809,1
WJYU9340244,WJYU,934024,4
GVDU2453291,GVDU,245329,1
PHFU1447619,PHFU,144761,9
IURU0644959,IURU,064495,9
TJPU4574609,TJPU,457460,9
ELXU4941647,ELXU,494164,7
YVSU5140949,YVSU,514094,9
JGMU3149384,JGMU,314938,4
JLQU9585457,JLQU,958545,7
QDGU8808829,QDGU,880882,9
ELCU2220680,ELCU,222068,0
LDAU2497057,LDAU,249705,7
NDOU6567321,NDOU,656732,1
BPLU3540246,BPLU,354024,6
WHIU9728930,WHIU,972893,0
KBYU9273489,KBYU,927348,9
ZHGU8112631,ZHGU,811263,1
AYEU2103130,AYEU,210313,0
WCDU3803807,WCDU,380380,7
SAWU5584556,SAWU,558455,6
GSLU0382640,GSLU,038264,0
XRYU4351182,XRYU,435118,2
BAFU0515182,BAFU,051518,2
TPVU1656933,TPVU,165693,3
JFBU3847965,JFBU,384796,5
ZOMU9504154,ZOMU,950415,4
JMDU0295041,JMDU,029504,1
NKZU9151695,NKZU,915169,5
GNZU1993300,GNZU,199330,0
GSOU1158894,GSOU,115889,4
XUJU3790121,XUJU,379012,1
UKTU6339334,UKTU,633933,4
UXEU1394718,UXEU,139471,8
RUHU6041653,RUHU,604165,3
CAIU5587438,CAIU,558743,8
UMJU0177571,UMJU,017757,1
CUWU9398240,CUWU,939824,0
WFVU4635265,WFVU,463526,5
UUBU6968240,UUBU,696824,0
PYEU8824778,PYEU,882477,8
QRLU7827470,QRLU,782747,0
RTUU4922634,RTUU,492263,4
LEWU3088185,LEWU,308818,5
WOVU4873560,WOVU,487356,0
NFPU5862248,NFPU,586224,8
QYIU3151480,QYIU,315148,0
WBBU5152325,WBBU,515232,5
ABPU3412981,ABPU,341298,1
LAMU4021130,LAMU,402113,0
XIOU9674791,XIOU,967479,1
MAVU6906088,MAVU,690608,8
EPPU1261168,EPPU,126116,8
WWSU0331428,WWSU,033142,8
NZTU8087468,NZTU,808746,8
IXGU7669926,IXGU,766992,6
DNVU6862394,DNVU,686239,4
TFVU4537882,TFVU,453788,2
QWEU0245062,QWEU,024506,2
CILU2160931,CILU,216093,1
EXMU0862196,EXMU,086219,6
FMQU0734542,FMQU,073454,2
IPMU6533370,IPMU,653337,0
CDHU7009258,CDHU,700925,8
URWU9277641,URWU,927764,1
TIZU0068339,TIZU,006833,9
ORUU2259444,ORUU,225944,4
HYWU9925371,HYWU,992537,1
HGWU6356697,HGWU,635669,7
UUIU5140154,UUIU,514015,4
TUPU1288727,TUPU,128872,7
AITU4581643,AITU,458164,3
BVKU0466310,BVKU,046631,0
FYAU5499573,FYAU,549957,3
XUAU4603384,XUAU,460338,4
JBGU9649783,JBGU,964978,3
AXXU1284574,AXXU,128457,4
RQUU5439902,RQUU,543990,2
MXBU9844726,MXBU,984472,6
HNJU6826677,HNJU,682667,7
SGKU1405525,SGKU,140552,5
QWGU9559462,QWGU,955946,2
YUWU4536837,YUWU,453683,7
SZXU1051300,SZXU,105130,0
KUSU2112333,KUSU,211233,3
VBQU4586005,VBQU,458600,5
FZLU3875198,FZLU,387519,8
OSKU8223693,OSKU,822369,3
MRKU1071532,MRKU,107153,2
QKDU0535397,QKDU,053539,7
TJSU0125473,TJSU,012547,3
KHIU1231076,KHIU,123107,6
EHTU3184006,EHTU,318400,6
ESXU3477447,ESXU,347744,7
HEMU8321551,HEMU,832155,1
VJNU0054100,VJNU,005410,0
FFIU4920363,FFIU,492036,3
LFIU6915676,LFIU,691567,6
UKNU5751643,UKNU,575164,3
FETU1550966,FETU,155096,6
NXXU5192422,NXXU,519242,2
MFIU9138190,MFIU,913819,0
XBZU5670340,XBZU,567034,0
LAUU9892565,LAUU,989256,5
WVUU0380114,WVUU,038011,4
WXNU7329160,WXNU,732916,0
LVMU4795844,LVMU,479584,4
HPJU2162444,HPJU,216244,4
VANU4531754,VANU,453175,4
TUJU0909193,TUJU,090919,3
FGKU0037811,FGKU,003781,1
UUIU8156370,UUIU,815637,0
PBJU1364077,PBJU,136407,7
CXWU9573510,CXWU,957351,0
OHWU0863760,OHWU,086376,0
SVYU9972761,SVYU,997276,1
ZYUU5032790,ZYUU,503279,0
BULU6205600,BULU,620560,0
DDWU1934197,DDWU,193419,7
EIOU5641445,EIOU,564144,5
ZTUU5619446,ZTUU,561944,6
VATU8205974,VATU,820597,4
SUQU0173346,SUQU,017334,6
YNOU6200928,YNOU,620092,8
PHZU2428193,PHZU,242819,3
NTXU6989807,NTXU,698980,7
JVUU6692008,JVUU,669200,8
QPOU8590055,QPOU,859005,5
QGBU9678877,QGBU,967887,7
KZHU1814841,KZHU,181484,1
KYWU9199008,KYWU,919900,8
PCBU5471688,PCBU,547168,8
XNYU6624550,XNYU,662455,0
NOOU9194537,NOOU,919453,7
FODU9081251,FODU,908125,1
VIZU9195002,VIZU,919500,2
HVWU3194490,HVWU,319449,0
PWWU3954401,PWWU,395440,1
QOYU9692321,QOYU,969232,1
PJYU7569337,PJYU,756933,7
PRAU1812643,PRAU,181264,3
NXSU0909421,NXSU,090942,1
ESOU1345960,ESOU,134596,0
EGBU8567769,EGBU,856776,9
GLYU1314079,GLYU,131407,9
MWKU7261994,MWKU,726199,4
YRNU5112831,YRNU,511283,1
DZIU4182421,DZIU,418242,1
SNWU1732400,SNWU,173240,0
KSTU8625441,KSTU,862544,1
QVJU5278701,QVJU,527870,1
QQDU8327052,QQDU,832705,2
XIMU7998578,XIMU,799857,8
WSQU8303175,WSQU,830317,5
HWIU9670345,HWIU,967034,5
ABWU6286870,ABWU,628687,0
KQYU0809543,KQYU,080954,3
QERU5347605,QERU,534760,5
HQKU3753750,HQKU,375375,0
WXHU2644820,WXHU,264482,0
VUZU7524041,VUZU,752404,1
JNHU1418384,JNHU,141838,4
QJMU0948076,QJMU,094807,6
PLQU9046338,PLQU,904633,8
BCYU4840726,BCYU,484072,6
FVMU9635098,FVMU,963509,8
QNXU1855216,QNXU,185521,6
KTDU7173917,KTDU,717391,7
WRVU1254649,WRVU,125464,9
FEZU7969791,FEZU,796979,1
GVNU0933563,GVNU,093356,3
HNMU2425752,HNMU,242575,2
EFHU0913485,EFHU,091348,5
QUPU4365470,QUPU,436547,0
XDRU7300557,XDRU,730055,7
HYPU2976151,HYPU,297615,1
GCSU3687057,GCSU,368705,7
XBFU0822420,XBFU,082242,0
COXU6246798,COXU,624679,8
BWJU1393366,BWJU,139336,6
QJLU9468222,QJLU,946822,2
YJKU2939810,YJKU,293981,0
KXRU4520791,KXRU,452079,1
QJOU0476465,QJOU,047646,5
JSMU4483168,JSMU,448316,8
CNKU0022109,CNKU,002210,9
UDSU6619679,UDSU,661967,9
WRXU4063617,WRXU,406361,7
PANU4189286,PANU,418928,6
AFOU8500800,AFOU,850080,0
PTHU9509929,PTHU,950992,9
SDGU1182083,SDGU,118208,3
ORDU2855237,ORDU,285523,7
IDVU9427902,IDVU,942790,2
CYSU9044844,CYSU,904484,4
JCYU7040112,JCYU,704011,2
KGNU9875120,KGNU,987512,0
ETOU2628631,ETOU,262863,1
TSQU2631830,TSQU,263183,0
BFOU9211439,BFOU,921143,9
BUPU7774354,BUPU,777435,4
VAGU0595242,VAGU,059524,2
HBAU5114410,HBAU,511441,0
GQVU9594415,GQVU,959441,5
CIGU1638808,CIGU,163880,8
ZZBU8356528,ZZBU,835652,8
OBCU4851540,OBCU,485154,0
LWNU2468730,LWNU,246873,0
UNZU6698867,UNZU,669886,7
KNAU0899190,KNAU,089919,0
ASDU0366738,ASDU,036673,8
AWUU7395199,AWUU,739519,9
NBNU7322476,NBNU,732247,6
XDWU9362879,XDWU,936287,9
BMGU9618489,BMGU,961848,9
WGPU1563698,WGPU,156369,8
DKCU2380045,DKCU,238004,5
DQAU1919915,DQAU,191991,5
TBVU5854734,TBVU,585473,4
NKLU8954363,NKLU,895436,3
VHGU0021043,VHGU,002104,3
GKIU3019432,GKIU,301943,2
ETOU7982606,ETOU,798260,6
EWTU7151249,EWTU,715124,9
MCGU8371219,MCGU,837121,9
GBWU4285378,GBWU,428537,8
SCVU4073152,SCVU,407315,2
XCGU2793687,XCGU,279368,7
IVSU8236652,IVSU,823665,2
OZUU0826400,OZUU,082640,0
ZFTU4967810,ZFTU,496781,0
LFLU9937610,LFLU,993761,0
TCHU7443968,TCHU,744396,8
JYFU6858694,JYFU,685869,4
ZLLU3274517,ZLLU,327451,7
EMSU8055349,EMSU,805534,9
UXLU1507120,UXLU,150712,0
XTSU2711950,XTSU,271195,0
WTZU1662572,WTZU,166257,2
PUIU0519475,PUIU,051947,5
FKWU2986040,FKWU,298604,0
FNSU4136933,FNSU,413693,3
WWEU6731812,WWEU,673181,2
TQSU7225967,TQSU,722596,7
RYSU9868397,RYSU,986839,7
PYSU0445284,PYSU,044528,4
QJYU0738098,QJYU,073809,8
OOVU3204480,OOVU,320448,0
BGMU0717544,BGMU,071754,4
SBXU7515799,SBXU,751579,9
RFHU1787110,RFHU,178711,0
WCRU3069600,WCRU,306960,0
WDBU7631779,WDBU,763177,9
SGPU1344231,SGPU,134423,1
BYNU1605873,BYNU,160587,3
HFYU2682453,HFYU,268245,3
HNNU1823328,HNNU,182332,8
YKNU7164758,YKNU,716475,8
NBCU3022728,NBCU,302272,8
IYVU4556642,IYVU,455664,2
ZELU7495770,ZELU,749577,0
IVQU5847162,IVQU,584716,2
JETU7619718,JETU,761971,8
YPUU5092594,YPUU,509259,4
ACGU2952846,ACGU,295284,6
BHMU9142231,BHMU,914223,1
XUMU8713272,XUMU,871327,2
SIKU5646756,SIKU,564675,6
BHZU4866370,BHZU,486637,0
KLIU5461590,KLIU,546159,0
LSZU3942672,LSZU,394267,2
EYZU5158053,EYZU,515805,3
PHOU5881867,PHOU,588186,7
ZLUU3314314,ZLUU,331431,4
XEGU1337011,XEGU,133701,1
MRXU9021194,MRXU,902119,4
FTSU0693823,FTSU,069382,3
GGZU9110140,GGZU,911014,0
TRBU3337522,TRBU,333752,2
GOWU1790068,GOWU,179006,8
MQMU8901245,MQMU,890124,5
NEUU7522691,NEUU,752269,1
RIVU6661495,RIVU,666149,5
UMNU5206768,UMNU,520676,8
EMNU9682474,EMNU,968247,4
JTXU5393146,JTXU,539314,6
LXDU1194071,LXDU,119407,1
QQEU9405404,QQEU,940540,4
JPHU6996901,JPHU,699690,1
NPTU4261611,NPTU,426161,1
ZJOU4317460,ZJOU,431746,0
OWXU6441447,OWXU,644144,7
AJPU4380965,AJPU,438096,5
LJJU3218350,LJJU,321835,0
HYDU2913623,HYDU,291362,3
KACU0264280,KACU,026428,0
DPKU6371890,DPKU,637189,0
XPKU7045625,XPKU,704562,5
FTTU3277968,FTTU,327796,8
BTRU9319442,BTRU,931944,2
RQTU4787751,RQTU,478775,1
OEYU4557266,OEYU,455726,6
VQXU7323206,VQXU,732320,6
ADLU4584330,ADLU,458433,0
VSHU0745635,VSHU,074563,5
TFFU2368155,TFFU,236815,5
MMEU2085592,MMEU,208559,2
DESU8088617,DESU,808861,7
TTTU4494494,TTTU,449449,4
KHQU7404377,KHQU,740437,7
HZIU6565001,HZIU,656500,1
XNHU0067227,XNHU,006722,7
TYIU1402613,TYIU,140261,3
FNZU2034490,FNZU,203449,0
TGLU8762203,TGLU,876220,3
GVQU7243391,GVQU,724339,1
KCBU0263536,KCBU,026353,6
HGVU8226770,HGVU,822677,0
YCBU3610119,YCBU,361011,9
QLZU5234186,QLZU,523418,6
EBBU4815467,EBBU,481546,7
ZHNU9105852,ZHNU,910585,2
TQVU6931032,TQVU,693103,2
LMQU5480405,LMQU,548040,5
ZFHU4333608,ZFHU,433360,8
UMZU8603386,UMZU,860338,6
ODGU2972746,ODGU,297274,6
XIBU6299417,XIBU,629941,7
SWTU3468310,SWTU,346831,0
LNYU8642227,LNYU,864222,7
QJJU9614959,QJJU,961495,9
UWSU1162607,UWSU,116260,7
UCYU4519885,UCYU,451988,5
WLNU2215896,WLNU,221589,6
ZTHU6878646,ZTHU,687864,6
BHGU4516591,BHGU,451659,1
KGBU9759709,KGBU,975970,9
VAXU1036443,VAXU,103644,3
CAIU4009498,CAIU,400949,8
YJKU5785657,YJKU,578565,7
MEBU3633245,MEBU,363324,5
BNJU7938980,BNJU,793898,0
KWQU1928043,KWQU,192804,3
OFGU7644131,OFGU,764413,1
MWCU4223142,MWCU,422314,2
PIKU0483761,PIKU,048376,1
LUJU8924540,LUJU,892454,0
MVVU0513282,MVVU,051328,2
OSHU2325254,OSHU,232525,4
QIXU6335807,QIXU,633580,7
OICU3277039,OICU,327703,9
TTMU7800329,TTMU,780032,9
GVVU8626334,GVVU,862633,4
JBXU7505765,JBXU,750576,5
VQWU5600632,VQWU,560063,2
BYUU5430742,BYUU,543074,2
XHBU8971112,XHBU,897111,2
UJDU4823984,UJDU,482398,4
NACU9187779,NACU,918777,9
MXMU0785360,MXMU,078536,0
WZQU3441983,WZQU,344198,3
FASU2116910,FASU,211691,0
RDTU9693979,RDTU,969397,9
RXLU9380023,RXLU,938002,3
FEHU1983491,FEHU,198349,1
ISKU2125559,ISKU,212555,9
NOMU9712752,NOMU,971275,2
LJYU5109616,LJYU,510961,6
DGPU7037135,DGPU,703713,5
PTVU2015590,PTVU,201559,0
ORHU7793106,ORHU,779310,6
OSIU4013990,OSIU,401399,0
DYPU9383318,DYPU,938331,8
RQCU2646255,RQCU,264625,5
IEVU3556890,IEVU,355689,0
KKNU5665078,KKNU,566507,8
NQUU0199873,NQUU,019987,3
EBVU7303839,EBVU,730383,9
XYJU6708055,XYJU,670805,5
DFPU5224177,DFPU,522417,7
ZPEU8828923,ZPEU,882892,3
CGJU0918822,CGJU,091882,2
KTLU1334771,KTLU,133477,1
MAUU5803410,MAUU,580341,0
LLDU5001080,LLDU,500108,0
YSEU8089258,YSEU,808925,8
RYNU3111920,RYNU,311192,0
OUGU8150087,OUGU,815008,7
VDSU6734421,VDSU,673442,1
VRVU4665956,VRVU,466595,6
LPNU2028567,LPNU,202856,7
GKZU0678899,GKZU,067889,9
AFNU2565029,AFNU,256502,9
GSQU9332248,GSQU,933224,8
CLVU2075858,CLVU,207585,8
CXEU2688094,CXEU,268809,4
RMZU8553220,RMZU,855322,0
EMQU9169246,EMQU,916924,6
CQRU5713216,CQRU,571321,6
YXIU1905062,YXIU,190506,2
XPJU8883233,XPJU,888323,3
VZPU8041500,VZPU,804150,0
ORYU0451369,ORYU,045136,9
IQLU6600007,IQLU,660000,7
EQNU2936640,EQNU,293664,0
ZVKU0768993,ZVKU,076899,3
WIOU3823259,WIOU,382325,9
YTGU2115528,YTGU,211552,8
SOYU0318436,SOYU,031843,6
BWGU8227983,BWGU,822798,3
IIMU7645174,IIMU,764517,4
YTRU8583978,YTRU,858397,8
KDAU9281860,KDAU,928186,0
SJKU0714572,SJKU,071457,2
BQPU4237837,BQPU,423783,7
OARU6325636,OARU,632563,6
ZVFU6209778,ZVFU,620977,8
VSTU4026914,VSTU,402691,4
PQKU6158174,PQKU,615817,4
MVFU2100195,MVFU,210019,5
MWHU1749044,MWHU,174904,4
NQNU2732707,NQNU,273270,7
SKTU2613620,SKTU,261362,0
BFBU5909164,BFBU,590916,4
BLPU6027471,BLPU,602747,1
JRHU9780653,JRHU,978065,3
NMBU2362151,NMBU,236215,1
RBFU6846227,RBFU,684622,7
WDLU7382505,WDLU,738250,5
RHWU4614120,RHWU,461412,0
YKFU1859837,YKFU,185983,7
WOSU6275182,WOSU,627518,2
PXTU6069817,PXTU,606981,7
XVXU1840863,XVXU,184086,3
NACU7373115,NACU,737311,5
ACEU2276240,ACEU,227624,0
BSZU7936087,BSZU,793608,7
QMXU3444362,QMXU,344436,2
UHGU2068460,UHGU,206846,0
BLXU4079503,BLXU,407950,3
LROU4021240,LROU,402124,0
KHRU3618287,KHRU,361828,7
XGUU1307946,XGUU,130794,6
JWAU3568459,JWAU,356845,9
NESU1914002,NESU,191400,2
WIVU2934513,WIVU,293451,3
YDHU8049051,YDHU,804905,1
JRKU2608140,JRKU,260814,0
QQDU6007260,QQDU,600726,0
ISUU2653094,ISUU,265309,4
ANCU0857600,ANCU,085760,0
FIHU4188887,FIHU,418888,7
CNQU0214241,CNQU,021424,1
LXMU4020378,LXMU,402037,8
GZJU0036805,GZJU,003680,5
HVXU7588135,HVXU,758813,5
EKCU7326500,EKCU,732650,0
SQRU7713463,SQRU,771346,3
JFGU9177560,JFGU,917756,0
NAAU1373668,NAAU,137366,8
NTBU3370935,NTBU,337093,5
FDXU7256929,FDXU,725692,9
TZXU9104985,TZXU,910498,5
NKOU6908879,NKOU,690887,9
NSHU2556123,NSHU,255612,3
UYFU4444633,UYFU,444463,3
CUYU0109180,CUYU,010918,0
QYNU5839489,QYNU,583948,9
JCWU9880275,JCWU,988027,5
MKYU4088759,MKYU,408875,9
TGQU7037767,TGQU,703776,7
ZOEU8563592,ZOEU,856359,2
XBIU5117594,XBIU,511759,4
ZIOU5794717,ZIOU,579471,7
ZHXU0240316,ZHXU,024031,6
BGEU7623927,BGEU,762392,7
GRAU4203209,GRAU,420320,9
KZGU0895969,KZGU,089596,9
CBIU4991644,CBIU,499164,4
RYKU8478534,RYKU,847853,4
XMHU5670735,XMHU,567073,5
FZBU8239096,FZBU,823909,6
RJIU4435979,RJIU,443597,9
NUYU9523823,NUYU,952382,3
ZMPU0497133,ZMPU,049713,3
XKLU5139568,XKLU,513956,8
CSPU9223682,CSPU,922368,2
PNPU1928664,PNPU,192866,4
CAMU3830486,CAMU,383048,6
MXQU5080016,MXQU,508001,6
XEWU1742745,XEWU,174274,5
RLOU5434330,RLOU,543433,0
LUVU2791499,LUVU,279149,9
DKHU2597635,DKHU,259763,5
PIFU9935592,PIFU,993559,2
PNBU7778778,PNBU,777877,8
UJIU7446434,UJIU,744643,4
UNWU1504720,UNWU,150472,0
CCRU5986701,CCRU,598670,1
YUHU2613613,YUHU,261361,3
BYMU5432828,BYMU,543282,8
QHKU9852427,QHKU,985242,7
THPU8569253,THPU,856925,3
DXRU9531637,DXRU,953163,7
EKKU2784258,EKKU,278425,8
HUHU6602754,HUHU,660275,4
HJKU8176235,HJKU,817623,5
DAJU8913450,DAJU,891345,0
FSOU0228110,FSOU,022811,0
MYRU2937137,MYRU,293713,7
SXBU1461984,SXBU,146198,4
PIBU7911220,PIBU,791122,0
XNXU7802972,XNXU,780297,2
VUTU0056149,VUTU,005614,9
KNPU2136162,KNPU,213616,2
AOTU2810975,AOTU,281097,5
QEPU8875677,QEPU,887567,7
BPWU7316881,BPWU,731688,1
DREU8093255,DREU,809325,5
IPLU4028483,IPLU,402848,3
RVMU7335560,RVMU,733556,0
VUVU0674831,VUVU,067483,1
KBUU2459072,KBUU,245907,2
CRAU5653022,CRAU,565302,2
WUAU8499852,WUAU,849985,2
NMOU3323910,NMOU,332391,0
SFMU1103479,SFMU,110347,9
RUPU5650874,RUPU,565087,4
SFCU4615458,SFCU,461545,8
NSBU4172022,NSBU,417202,2
OYPU2807138,OYPU,280713,8
XRAU0369251,XRAU,036925,1
AJQU1653859,AJQU,165385,9
XYCU8221760,XYCU,822176,0
MDFU0555861,MDFU,055586,1
EAPU7049108,EAPU,704910,8
QBXU0448110,QBXU,044811,0
RWHU6638480,RWHU,663848,0
VJWU8380748,VJWU,838074,8
OZHU0638151,OZHU,063815,1
ATCU1412559,ATCU,141255,9
AWRU8564142,AWRU,856414,2
DDJU6163360,DDJU,616336,0
PUVU9588276,PUVU,958827,6
FBMU5365820,FBMU,536582,0
XEZU9569637,XEZU,956963,7
UBZU6052600,UBZU,605260,0
QZJU7154163,QZJU,715416,3
RIVU1202071,RIVU,120207,1
ENQU1866400,ENQU,186640,0
PDOU8950769,PDOU,895076,9
MUUU9806742,MUUU,980674,2
BCWU4449550,BCWU,444955,0
NWMU1520261,NWMU,152026,1
IUXU0354913,IUXU,035491,3
BWKU0243350,BWKU,024335,0
ULDU5766098,ULDU,576609,8
ZXHU0103178,ZXHU,010317,8
PLDU9097268,PLDU,909726,8
PCBU5415468,PCBU,541546,8
LIFU2170506,LIFU,217050,6
SREU1869125,SREU,186912,5
XDDU9571569,XDDU,957156,9
IRMU0520240,IRMU,052024,0
HSVU8623283,HSVU,862328,3
GLSU0764902,GLSU,076490,2
LASU5273354,LASU,527335,4
JDIU3311700,JDIU,331170,0
NEXU7182615,NEXU,718261,5
PPDU2735624,PPDU,273562,4
XHCU4950497,XHCU,495049,7
KUHU3223810,KUHU,322381,0
HLGU3071079,HLGU,307107,9
JVOU8497478,JVOU,849747,8
DJKU0265923,DJKU,026592,3
XHQU5953514,XHQU,595351,4
RGWU3555993,RGWU,355599,3
UOAU2336767,UOAU,233676,7
FMOU2773957,FMOU,277395,7
MEFU0780680,MEFU,078068,0
MQJU3062690,MQJU,306269,0
ICLU8963597,ICLU,896359,7
NVGU6541167,NVGU,654116,7
SALU2528283,SALU,252828,3
KBLU3948901,KBLU,394890,1
IWDU2042695,IWDU,204269,5
BPTU6113503,BPTU,611350,3
DSRU8665538,DSRU,866553,8
ZYMU8383084,ZYMU,838308,4
VSEU8310690,VSEU,831069,0
YOFU1398879,YOFU,139887,9
KYWU1390065,KYWU,139006,5
ISNU1351978,ISNU,135197,8
CPUU8010860,CPUU,801086,0
KGJU1545382,KGJU,154538,2
DOGU5172795,DOGU,517279,5
AUIU5355358,AUIU,535535,8
TROU0105376,TROU,010537,6
GKOU6467400,GKOU,646740,0
VRMU8052874,VRMU,805287,4
ROCU1090260,ROCU,109026,0
FLOU6650331,FLOU,665033,1
HREU1255419,HREU,125541,9
ZBJU0377320,ZBJU,037732,0
VJEU3556718,VJEU,355671,8
QWFU6689582,QWFU,668958,2
ZMGU3845133,ZMGU,384513,3
IQGU3899762,IQGU,389976,2
EEFU4063539,EEFU,406353,9
NNRU8884218,NNRU,888421,8
GJQU7981471,GJQU,798147,1
RIOU0177566,RIOU,017756,6
QOHU0664607,QOHU,066460,7
ZGLU5526622,ZGLU,552662,2
ODSU4877405,ODSU,487740,5
AZZU7081528,AZZU,708152,8
VFRU6623599,VFRU,662359,9
ZHJU9250066,ZHJU,925006,6
KDFU7440286,KDFU,744028,6
JRCU3600669,JRCU,360066,9
QSJU2117861,QSJU,211786,1
OGKU8919380,OGKU,891938,0
IOQU6509479,IOQU,650947,9
XSEU4090136,XSEU,409013,6
MWAU8527590,MWAU,852759,0
XSQU6502461,XSQU,650246,1
AABU5071968,AABU,507196,8
BOAU1467316,BOAU,146731,6
KVAU5703388,KVAU,570338,8
ZYTU2512261,ZYTU,251226,1
MJSU8324650,MJSU,832465,0
FVTU8007322,FVTU,800732,2
GIWU8882775,GIWU,888277,5
TVAU4435079,TVAU,443507,9
RTJU1406456,RTJU,140645,6
WMSU9174470,WMSU,917447,0
UDZU7099800,UDZU,709980,0
LHUU8369493,LHUU,836949,3
TNVU4114892,TNVU,411489,2
IBHU7512238,IBHU,751223,8
SMWU9396070,SMWU,939607,0
WGXU5488110,WGXU,548811,0
YIHU6852090,YIHU,685209,0
MVHU9797345,MVHU,979734,5
QXKU0985041,QXKU,098504,1
REQU6375867,REQU,637586,7
TSGU8654176,TSGU,865417,6
UXWU4653245,UXWU,465324,5
XSWU9668723,XSWU,966872,3
HEBU1088022,HEBU,108802,2
DJYU9060440,DJYU,906044,0
YPJU9476932,YPJU,947693,2
BFEU4534573,BFEU,453457,3
QTTU6617110,QTTU,661711,0
CBCU5770857,CBCU,577085,7
ZKLU1498448,ZKLU,149844,8
HWKU4585335,HWKU,458533,5
NKHU1073314,NKHU,107331,4
VBBU6725591,VBBU,672559,1
QSPU2452206,QSPU,245220,6
MSHU1465223,MSHU,146522,3
FHMU3147076,FHMU,314707,6
VYQU6414150,VYQU,641415,0
JUFU7326296,JUFU,732629,6
FIRU8205690,FIRU,820569,0
SADU7502381,SADU,750238,1
OPMU1964339,OPMU,196433,9
BZXU8154388,BZXU,815438,8
QAUU0734434,QAUU,073443,4
RYFU5669396,RYFU,566939,6
LPCU9458740,LPCU,945874,0
KBIU2541732,KBIU,254173,2
OQSU8708414,OQSU,870841,4
VKQU8774075,VKQU,877407,5
BFAU5755992,BFAU,575599,2
DNKU9079826,DNKU,907982,6
OMRU3742035,OMRU,374203,5
HTBU4220105,HTBU,422010,5
ABMU0600290,ABMU,060029,0
LGFU3815761,LGFU,381576,1
MVUU1085670,MVUU,108567,0
SMNU5705256,SMNU,570525,6
DOQU6291187,DOQU,629118,7
MATU1072361,MATU,107236,1
HVTU3809142,HVTU,380914,2
HUOU6053946,HUOU,605394,6
PLKU2922618,PLKU,292261,8
JFHU0121271,JFHU,012127,1
JNSU5710736,JNSU,571073,6
RDXU8084791,RDXU,808479,1
RUEU8528716,RUEU,852871,6
XWZU2622850,XWZU,262285,0
TNPU4245515,TNPU,424551,5
ZZSU5426191,ZZSU,542619,1
CCWU6763495,CCWU,676349,5
ZVZU5718960,ZVZU,571896,0
SYBU8649620,SYBU,864962,0
YIOU6990122,YIOU,699012,2
HRPU4028428,HRPU,402842,8
GKXU3825342,GKXU,382534,2
RZLU2572223,RZLU,257222,3
DVCU1449515,DVCU,144951,5
NWMU9291006,NWMU,929100,6
LDGU7079517,LDGU,707951,7
MKRU5809552,MKRU,580955,2
VXBU6279600,VXBU,627960,0
CQAU0524988,CQAU,052498,8
PERU5363210,PERU,536321,0
EDQU5919977,EDQU,591997,7
YGYU6877051,YGYU,687705,1
LKDU3232276,LKDU,323227,6
AZFU5420577,AZFU,542057,7
BWKU7648447,BWKU,764844,7
BYNU5041766,BYNU,504176,6
IWLU0232019,IWLU,023201,9
PLJU9054669,PLJU,905466,9
OIHU9097074,OIHU,909707,4
YQPU1090724,YQPU,109072,4
ZPPU5823182,ZPPU,582318,2
UTPU5068102,UTPU,506810,2
ZIEU8177257,ZIEU,817725,7
MWYU2884095,MWYU,288409,5
HHXU5393840,HHXU,539384,0
AKQU9722496,AKQU,972249,6
AFWU8534736,AFWU,853473,6
PZEU1153617,PZEU,115361,7
DQEU8890679,DQEU,889067,9
KKSU2231060,KKSU,223106,0
SRLU3522005,SRLU,352200,5
ZYVU4432886,ZYVU,443288,6
DWZU3435853,DWZU,343585,3
VCQU1766788,VCQU,176678,8
EHAU6703644,EHAU,670364,4
URTU1226387,URTU,122638,7
DHQU1714424,DHQU,171442,4
OPZU7816094,OPZU,781609,4
BTNU1526840,BTNU,152684,0
HNGU6598616,HNGU,659861,6
YQBU3121521,YQBU,312152,1
MOQU1922099,MOQU,192209,9
QWGU9834950,QWGU,983495,0
OYXU9619243,OYXU,961924,3
HAIU0320818,HAIU,032081,8
GNZU4995501,GNZU,499550,1
OJKU5303755,OJKU,530375,5
HCJU1335663,HCJU,133566,3
YPAU1738650,YPAU,173865,0
HBSU2024681,HBSU,202468,1
KIQU8816323,KIQU,881632,3
HHMU2274123,HHMU,227412,3
CLQU0302966,CLQU,030296,6
AFWU9336709,AFWU,933670,9
LDFU2032909,LDFU,203290,9
OUQU0369593,OUQU,036959,3
ZVCU0070935,ZVCU,007093,5
GCCU4264654,GCCU,426465,4
ULHU3826084,ULHU,382608,4
XTHU1986008,XTHU,198600,8
ECRU5850609,ECRU,585060,9
ZHCU0905634,ZHCU,090563,4
RGWU2255604,RGWU,225560,4
UTSU3818683,UTSU,381868,3
BQJU2279329,BQJU,227932,9
MBSU4121135,MBSU,412113,5
IALU3135336,IALU,313533,6
LHDU0843363,LHDU,084336,3
WIMU0088596,WIMU,008859,6
KZVU8545969,KZVU,854596,9
YISU4606676,YISU,460667,6
QRSU6475148,QRSU,647514,8
VJHU2487640,VJHU,248764,0
OCVU1919161,OCVU,191916,1
JBOU7097230,JBOU,709723,0
RRZU7563794,RRZU,756379,4
ZAIU4406883,ZAIU,440688,3
QSZU8265943,QSZU,826594,3
RSUU0588039,RSUU,058803,9
VWZU1404173,VWZU,140417,3
ZKRU2400265,ZKRU,240026,5
KSVU0170964,KSVU,017096,4
JCXU3560621,JCXU,356062,1
QCYU9593367,QCYU,959336,7
PPIU7257850,PPIU,725785,0
XYQU2523828,XYQU,252382,8
SCBU8277766,SCBU,827776,6
ZRJU2661276,ZRJU,266127,6
COJU3059624,COJU,305962,4
YTZU1389881,YTZU,138988,1
VYPU0314700,VYPU,031470,0
UHDU5234603,UHDU,523460,3
EZNU2169439,EZNU,216943,9
NVEU2503897,NVEU,250389,7
QYRU9275566,QYRU,927556,6
MXWU1417212,MXWU,141721,2
IMUU9694031,IMUU,969403,1
BFYU6837748,BFYU,683774,8
XHIU8367216,XHIU,836721,6
PHBU0308126,PHBU,030812,6
EBDU0625574,EBDU,062557,4
RYKU5582289,RYKU,558228,9
RLAU0110833,RLAU,011083,3
AKKU4658845,AKKU,465884,5
XPLU2647231,XPLU,264723,1
EVSU6801220,EVSU,680122,0
FPIU0336876,FPIU,033687,6
ESCU3509900,ESCU,350990,0
RRKU2847517,RRKU,284751,7
ZJJU4960599,ZJJU,496059,9
GAYU1815884,GAYU,181588,4
WJEU7109679,WJEU,710967,9
WTMU3594727,WTMU,359472,7
PNQU2039496,PNQU,203949,6
ZQMU4767296,ZQMU,476729,6
GQSU4890277,GQSU,489027,7
MZXU2432918,MZXU,243291,8
HNZU6529294,HNZU,652929,4
OFMU4487610,OFMU,448761,0
UVYU9596584,UVYU,959658,4
ZQAU2686276,ZQAU,268627,6
YXUU7284606,YXUU,728460,6
ZZCU0101798,ZZCU,010179,8
BJXU9211290,BJXU,921129,0
JYCU9681472,JYCU,968147,2
LSGU6087461,LSGU,608746,1
DAJU6135289,DAJU,613528,9
XZKU4540076,XZKU,454007,6
EDHU8201673,EDHU,820167,3
JDOU1253067,JDOU,125306,7
DKSU8909570,DKSU,890957,0
NUSU9411788,NUSU,941178,8
FWAU3323920,FWAU,332392,0
DSNU8486498,DSNU,848649,8
EXHU3440443,EXHU,344044,3
VLLU4414076,VLLU,441407,6
GXXU2860752,GXXU,286075,2
SNZU3753594,SNZU,375359,4
OQEU1762044,OQEU,176204,4
XNNU8807074,XNNU,880707,4
LEXU2463900,LEXU,246390,0
FCQU5879087,FCQU,587908,7
LENU4618196,LENU,461819,6
YSTU9523109,YSTU,952310,9
QMDU6947083,QMDU,694708,3
IHLU2215724,IHLU,221572,4
XNBU4514785,XNBU,451478,5
AFAU8615816,AFAU,861581,6
DTXU8938898,DTXU,893889,8
KMUU6082081,KMUU,608208,1
SOCU7076208,SOCU,707620,8
NMPU3913628,NMPU,391362,8
BIDU4502135,BIDU,450213,5
FYIU3460410,FYIU,346041,0
BIYU9603780,BIYU,960378,0
BXUU5054725,BXUU,505472,5
IKUU5009509,IKUU,500950,9
DIJU1306580,DIJU,130658,0
VATU0856748,VATU,085674,8
FUHU5678012,FUHU,567801,2
OAUU5585347,OAUU,558534,7
HPAU7030655,HPAU,703065,5
LJCU4505240,LJCU,450524,0
JRQU5639767,JRQU,563976,7
CBIU1672387,CBIU,167238,7
QGQU1692136,QGQU,169213,6
EFRU6319927,EFRU,631992,7
ATCU6381851,ATCU,638185,1
GRVU5930220,GRVU,593022,0
BZNU4241720,BZNU,424172,0
AIXU5029220,AIXU,502922,0
AJBU6863968,AJBU,686396,8
UMZU0304624,UMZU,030462,4
UBDU9846231,UBDU,984623,1
QTMU7143556,QTMU,714355,6
RKZU9104911,RKZU,910491,1
UHDU2853646,UHDU,285364,6
ZSUU4133817,ZSUU,413381,7
FYBU8698616,FYBU,869861,6
MLAU4063334,MLAU,406333,4
PCUU4201464,PCUU,420146,4
ROBU9478881,ROBU,947888,1
YWIU4982780,YWIU,498278,0
ALOU9266962,ALOU,926696,2
HTKU1103685,HTKU,110368,5
EDWU5998457,EDWU,599845,7
XWQU7302261,XWQU,730226,1
NAIU8064283,NAIU,806428,3
RGXU9560795,RGXU,956079,5
ZEOU0490519,ZEOU,049051,9
ITKU2881579,ITKU,288157,9
KVOU1115384,KVOU,111538,4
HJRU9434138,HJRU,943413,8
WZCU1465683,WZCU,146568,3
QQRU7935406,QQRU,793540,6
NFKU5536316,NFKU,553631,6
CGRU6406430,CGRU,640643,0
KYUU4538941,KYUU,453894,1
XMGU4347909,XMGU,434790,9
RYCU9534802,RYCU,953480,2
MNGU9543166,MNGU,954316,6
WZNU4833340,WZNU,483334,0
BASU7144628,BASU,714462,8
IEWU7151410,IEWU,715141,0
IBEU5419486,IBEU,541948,6
XBHU7677758,XBHU,767775,8
TGHU3361431,TGHU,336143,1
EDOU1424123,EDOU,142412,3
TZTU8283450,TZTU,828345,0
GQJU3608146,GQJU,360814,6
FLSU1146744,FLSU,114674,4
BEAU0701498,BEAU,070149,8
KNNU4352918,KNNU,435291,8
PWLU7746402,PWLU,774640,2
XRLU3365555,XRLU,336555,5
BPUU1579920,BPUU,157992,0
VWVU0976776,VWVU,097677,6
XIMU2078258,XIMU,207825,8
ZSFU4544580,ZSFU,454458,0
DJSU0751419,DJSU,075141,9
NFPU9834244,NFPU,983424,4
JUNU4375387,JUNU,437538,7
APJU3091749,APJU,309174,9
NAMU2068783,NAMU,206878,3
ITHU8364968,ITHU,836496,8
KJHU6377504,KJHU,637750,4
QWWU2592783,QWWU,259278,3
PTRU8891987,PTRU,889198,7
XVVU6380948,XVVU,638094,8
HECU5338627,HECU,533862,7
ACRU5248114,ACRU,524811,4
IHRU8521111,IHRU,852111,1
AVLU2093519,AVLU,209351,9
XNSU5828277,XNSU,582827,7
EOEU6787756,EOEU,678775,6
CBGU6738237,CBGU,673823,7
UGAU4566633,UGAU,456663,3
VKIU0560876,VKIU,056087,6
QOJU4068075,QOJU,406807,5
TVIU8151617,TVIU,815161,7
UZKU4481909,UZKU,448190,9
SFVU2449987,SFVU,244998,7
BCFU8155977,BCFU,815597,7
SFPU0194393,SFPU,019439,3
BZAU0483269,BZAU,048326,9
TLKU2181458,TLKU,218145,8
DFHU6218392,DFHU,621839,2
ACDU8944678,ACDU,894467,8
DDEU7403240,DDEU,740324,0
LGPU6737908,LGPU,673790,8
HCPU5497483,HCPU,549748,3
RZVU4152678,RZVU,415267,8
JJVU2153648,JJVU,215364,8
IQFU2444934,IQFU,244493,4
ATUU4052291,ATUU,405229,1
ZEXU5534529,ZEXU,553452,9
TOCU8976890,TOCU,897689,0
HVCU2432974,HVCU,243297,4
OGXU1850250,OGXU,185025,0
BEOU7990446,BEOU,799044,6
LTUU9413594,LTUU,941359,4
ROIU1915316,ROIU,191531,6
BSGU9240105,BSGU,924010,5
HSZU6037544,HSZU,603754,4
MBOU4128325,MBOU,412832,5
VTXU1256528,VTXU,125652,8
OUIU2513217,OUIU,251321,7
VJIU9230472,VJIU,923047,2
UZHU3527120,UZHU,352712,0
BXRU8173157,BXRU,817315,7
UPDU7086796,UPDU,708679,6
QQVU1649893,QQVU,164989,3
DIFU6619135,DIFU,661913,5
DHDU0808662,DHDU,080866,2
BNSU4175387,BNSU,417538,7
ZQAU8192389,ZQAU,819238,9
ZUGU3174446,ZUGU,317444,6
RHBU3014180,RHBU,301418,0
STOU0384355,STOU,038435,5
RWEU9277204,RWEU,927720,4
ZKBU4635267,ZKBU,463526,7
NPLU1736000,NPLU,173600,0
IMJU5697954,IMJU,569795,4
NIMU3989407,NIMU,398940,7
BIWU0900923,BIWU,090092,3
LUTU4637964,LUTU,463796,4
USAU9316585,USAU,931658,5
ZIJU1486587,ZIJU,148658,7
PAUU0272295,PAUU,027229,5
SKKU9113070,SKKU,911307,0
UPDU2634808,UPDU,263480,8
SPNU1370524,SPNU,137052,4
EZOU4816369,EZOU,481636,9
MNBU8741322,MNBU,874132,2
NCZU8053283,NCZU,805328,3
NPVU2027143,NPVU,202714,3
IZTU4883517,IZTU,488351,7
AUPU6377448,AUPU,637744,8
DXVU8075546,DXVU,807554,6
EUZU2717734,EUZU,271773,4
VEWU2549765,VEWU,254976,5
TSKU1545218,TSKU,154521,8
YLYU5455284,YLYU,545528,4
XWHU7406450,XWHU,740645,0
VERU5800430,VERU,580043,0
JSPU1327898,JSPU,132789,8
YREU9624906,YREU,962490,6
DQQU6334894,DQQU,633489,4
AFUU2503249,AFUU,250324,9
EDSU9409829,EDSU,940982,9
XXKU6172030,XXKU,617203,0
YFUU6162952,YFUU,616295,2
DGYU7753136,DGYU,775313,6
PDJU7434452,PDJU,743445,2
PVBU6749133,PVBU,674913,3
MRVU8551130,MRVU,855113,0
GLHU3353542,GLHU,335354,2
EIFU9012146,EIFU,901214,6
ZQUU6015168,ZQUU,601516,8
NDZU6892984,NDZU,689298,4
VASU9724625,VASU,972462,5
CBXU2582145,CBXU,258214,5
YLAU7810332,YLAU,781033,2
CISU8337887,CISU,833788,7
DOWU4867896,DOWU,486789,6
ZZSU4222125,ZZSU,422212,5
LUJU6180183,LUJU,618018,3
LZZU8487302,LZZU,848730,2
UGNU9980609,UGNU,998060,9
ERHU7990131,ERHU,799013,1
YHEU0283964,YHEU,028396,4
EAKU9379540,EAKU,937954,0
CHMU6287736,CHMU,628773,6
KJCU5496326,KJCU,549632,6
SVJU9084218,SVJU,908421,8
IFRU7614010,IFRU,761401,0
AXFU5176209,AXFU,517620,9
GXVU8449058,GXVU,844905,8
DGWU0198380,DGWU,019838,0
QEMU2946601,QEMU,294660,1
HMSU6380553,HMSU,638055,3
HOSU3225900,HOSU,322590,0
PWDU7819960,PWDU,781996,0
MINU4239061,MINU,423906,1
TIDU0902362,TIDU,090236,2
FODU9776855,FODU,977685,5
KYQU7167161,KYQU,716716,1
HTIU3096398,HTIU,309639,8
FUGU7397577,FUGU,739757,7
KAVU9458430,KAVU,945843,0
JSGU0201609,JSGU,020160,9
DVWU0043223,DVWU,004322,3
KXXU2790598,KXXU,279059,8
FDIU8600493,FDIU,860049,3
EVAU6379642,EVAU,637964,2
KNDU7658692,KNDU,765869,2
NYSU8606640,NYSU,860664,0
VGZU8144199,VGZU,814419,9
GVNU9792430,GVNU,979243,0
RSWU7162940,RSWU,716294,0
ZYLU8149241,ZYLU,814924,1
XFKU1594510,XFKU,159451,0
FEYU1168153,FEYU,116815,3
ODWU8670409,ODWU,867040,9
XVKU5100900,XVKU,510090,0
JPTU7496744,JPTU,749674,4
PKDU2307250,PKDU,230725,0
OKNU3751741,OKNU,375174,1
GGLU0279860,GGLU,027986,0
TYNU9680607,TYNU,968060,7
YKGU2099671,YKGU,209967,1
OMTU7517641,OMTU,751764,1
ELPU2812340,ELPU,281234,0
QDCU6412074,QDCU,641207,4
GOSU9072114,GOSU,907211,4
NHCU8200206,NHCU,820020,6
AHFU5649063,AHFU,564906,3
SLRU3733483,SLRU,373348,3
EUUU3515680,EUUU,351568,0
PZUU9995043,PZUU,999504,3
IIZU8468259,IIZU,846825,9
VFYU4946890,VFYU,494689,0
REIU8289507,REIU,828950,7
HTNU4808499,HTNU,480849,9
EUZU6683761,EUZU,668376,1
EEJU5876245,EEJU,587624,5
XVEU1724656,XVEU,172465,6
VPEU3842252,VPEU,384225,2
PKXU2556572,PKXU,255657,2
BXYU5004050,BXYU,500405,0
IOEU3015942,IOEU,301594,2
JTRU9581104,JTRU,958110,4
GXXU3304172,GXXU,330417,2
OCVU1609799,OCVU,160979,9
OSXU5219396,OSXU,521939,6
AJXU0661421,AJXU,066142,1
DGWU7454837,DGWU,745483,7
FGNU5625330,FGNU,562533,0
AOFU0710606,AOFU,071060,6
DCCU0758110,DCCU,075811,0
VTHU4888467,VTHU,488846,7
AGIU3628230,AGIU,362823,0
KGLU3185706,KGLU,318570,6
BOEU8250721,BOEU,825072,1
EEWU5005500,EEWU,500550,0
HMRU9156878,HMRU,915687,8
XFEU7141247,XFEU,714124,7
VZLU3943977,VZLU,394397,7
OHKU2126400,OHKU,212640,0
VAMU4363220,VAMU,436322,0
DRVU7760096,DRVU,776009,6
YIXU7191641,YIXU,719164,1
UGRU8223056,UGRU,822305,6
ABKU7260524,ABKU,726052,4
TIHU9982044,TIHU,998204,4
QCPU1503606,QCPU,150360,6
ESPU7048812,ESPU,704881,2
RSIU5330543,RSIU,533054,3
TQMU8814960,TQMU,881496,0
ZDWU5331491,ZDWU,533149,1
VCGU3861634,VCGU,386163,4
KKPU4309280,KKPU,430928,0
AICU6306028,AICU,630602,8
DEIU1751498,DEIU,175149,8
AQVU5196546,AQVU,519654,6
YIRU6159980,YIRU,615998,0
IGMU9959571,IGMU,995957,1
CRWU1412500,CRWU,141250,0
LOAU5079258,LOAU,507925,8
QBOU8083731,QBOU,808373,1
VMEU5845105,VMEU,584510,5
UPUU0041882,UPUU,004188,2
QKRU6191924,QKRU,619192,4
JKAU1706044,JKAU,170604,4
TXSU9483570,TXSU,948357,0
KUCU3766229,KUCU,376622,9
AMSU4200969,AMSU,420096,9
COFU0602646,COFU,060264,6
JCFU2595385,JCFU,259538,5
UATU5853251,UATU,585325,1
GLJU9623452,GLJU,962345,2
ZNUU0551770,ZNUU,055177,0
UWRU2145154,UWRU,214515,4
VWBU3396175,VWBU,339617,5
GTVU1776424,GTVU,177642,4
KJNU5053888,KJNU,505388,8
GFYU9268850,GFYU,926885,0
WTXU2243850,WTXU,224385,0
CRWU5891021,CRWU,589102,1
PNOU5663549,PNOU,566354,9
LRCU3274400,LRCU,327440,0
RVDU5651516,RVDU,565151,6
IXRU2476872,IXRU,247687,2
FZQU7461168,FZQU,746116,8
WIUU6147484,WIUU,614748,4
GXFU1735202,GXFU,173520,2
ZIJU6586280,ZIJU,658628,0
VUAU6223817,VUAU,622381,7
TUDU4590543,TUDU,459054,3
BOOU0996503,BOOU,099650,3
FIUU4409280,FIUU,440928,0
CADU8685189,CADU,868518,9
MOMU5096447,MOMU,509644,7
IWDU8669759,IWDU,866975,9
BMRU4806574,BMRU,480657,4
MOFU7543735,MOFU,754373,5
EMJU6976029,EMJU,697602,9
TDWU8791679,TDWU,879167,9
DMPU1412777,DMPU,141277,7
MMXU7700685,MMXU,770068,5
KCAU0228158,KCAU,022815,8
BPFU8809266,BPFU,880926,6
EAUU2245153,EAUU,224515,3
ACIU8568183,ACIU,856818,3
CMDU3678270,CMDU,367827,0
BSPU1582880,BSPU,158288,0
JVKU3534740,JVKU,353474,0
BHNU8637332,BHNU,863733,2
ERWU1176808,ERWU,117680,8
GLQU5904928,GLQU,590492,8
LNFU1887746,LNFU,188774,6
ZHSU2181756,ZHSU,218175,6
HGFU0866652,HGFU,086665,2
EYEU8727437,EYEU,872743,7
AWIU9936607,AWIU,993660,7
GLYU7502047,GLYU,750204,7
TOLU3118642,TOLU,311864,2
SXJU9239843,SXJU,923984,3
FFXU0804618,FFXU,080461,8
UHDU5606892,UHDU,560689,2
FHSU5184126,FHSU,518412,6
YFPU4214302,YFPU,421430,2
GDBU0460940,GDBU,046094,0
ICSU9779656,ICSU,977965,6
EWZU5556984,EWZU,555698,4
CQVU8908987,CQVU,890898,7
ADDU4238192,ADDU,423819,2
XCKU8251409,XCKU,825140,9
TOAU6975317,TOAU,697531,7
JAKU2708653,JAKU,270865,3
ASCU0024860,ASCU,002486,0
UBYU6014191,UBYU,601419,1
GFBU6650452,GFBU,665045,2
TBSU0601410,TBSU,060141,0
NAHU8626751,NAHU,862675,1
HDSU8277042,HDSU,827704,2
UUSU5971456,UUSU,597145,6
SSGU0414590,SSGU,041459,0
ULDU6310796,ULDU,631079,6
SFWU4479829,SFWU,447982,9
GTJU2238736,GTJU,223873,6
PZFU7117462,PZFU,711746,2
RSXU7674468,RSXU,767446,8
HMGU7590198,HMGU,759019,8
HVUU6146031,HVUU,614603,1
KKIU2397555,KKIU,239755,5
MJFU4906667,MJFU,490666,7
SRYU1510686,SRYU,151068,6
DCJU1338606,DCJU,133860,6
MHYU5534171,MHYU,553417,1
ZEUU0694622,ZEUU,069462,2
VILU1974207,VILU,197420,7
ZJUU7479657,ZJUU,747965,7
NEFU9819058,NEFU,981905,8
GYAU3012136,GYAU,301213,6
UZVU5916053,UZVU,591605,3
DMBU1461680,DMBU,146168,0
HOIU6323095,HOIU,632309,5
OAWU1170467,OAWU,117046,7
MZZU0852020,MZZU,085202,0
NARU7972997,NARU,797299,7
ENGU7281536,ENGU,728153,6
XEQU5624220,XEQU,562422,0
NUAU0278141,NUAU,027814,1
WQNU7736725,WQNU,773672,5
YALU1310138,YALU,131013,8
OLKU8610956,OLKU,861095,6
ZXNU3701754,ZXNU,370175,4
AZFU3660368,AZFU,366036,8
YJZU6436420,YJZU,643642,0
YKLU1448512,YKLU,144851,2
LTEU4770447,LTEU,477044,7
NXVU5725210,NXVU,572521,0
SIHU3920640,SIHU,392064,0
CNWU9048764,CNWU,904876,4
ZSZU0850410,ZSZU,085041,0
IGUU2620733,IGUU,262073,3
HAFU7353108,HAFU,735310,8
ODUU2165728,ODUU,216572,8
HRAU2607809,HRAU,260780,9
BPXU9233898,BPXU,923389,8
CRVU9670196,CRVU,967019,6
VVRU2035270,VVRU,203527,0
LVVU2629033,LVVU,262903,3
PNNU4952728,PNNU,495272,8
WBNU7086343,WBNU,708634,3
GVRU0923533,GVRU,092353,3
BWDU2762071,BWDU,276207,1
NHWU6072370,NHWU,607237,0
WHUU9286882,WHUU,928688,2
IUTU9972370,IUTU,997237,0
QKMU5182149,QKMU,518214,9
EKKU2083535,EKKU,208353,5
ACRU0369474,ACRU,036947,4
LREU5583107,LREU,558310,7
XDXU7442829,XDXU,744282,9
VUTU5879237,VUTU,587923,7
JKKU4955375,JKKU,495537,5
GKUU7299370,GKUU,729937,0
HHNU5669970,HHNU,566997,0
GMKU7894050,GMKU,789405,0
UYOU7090381,UYOU,709038,1
RTMU8962298,RTMU,896229,8
CWLU9295901,CWLU,929590,1
DWEU3782355,DWEU,378235,5
KOVU9187240,KOVU,918724,0
QQPU2539508,QQPU,253950,8
WELU2080490,WELU,208049,0
YNXU0739945,YNXU,073994,5
BLKU5647711,BLKU,564771,1
BOFU9053865,BOFU,905386,5
FBMU3526762,FBMU,352676,2
UAIU1027031,UAIU,102703,1
YJEU4348373,YJEU,434837,3
OJZU2413473,OJZU,241347,3
NJLU2631016,NJLU,263101,6
FCZU5567378,FCZU,556737,8
FXMU1365533,FXMU,136553,3
BIVU0194525,BIVU,019452,5
EZVU5666637,EZVU,566663,7
JKYU6444480,JKYU,644448,0
CGWU9154226,CGWU,915422,6
YGZU0209531,YGZU,020953,1
ZNKU8586670,ZNKU,858667,0
LOTU9244070,LOTU,924407,0
YTDU3594229,YTDU,359422,9
VEWU5099260,VEWU,509926,0
VRCU5213390,VRCU,521339,0
NQAU4992381,NQAU,499238,1
VYVU3325452,VYVU,332545,2
NDVU3580885,NDVU,358088,5
RZLU2431349,RZLU,243134,9
AVGU8090691,AVGU,809069,1
TMVU3889034,TMVU,388903,4
ONWU4008930,ONWU,400893,0
UBWU5044173,UBWU,504417,3
VUAU6566288,VUAU,656628,8
KTMU4806160,KTMU,480616,0
QZOU4703132,QZOU,470313,2
MGNU1806722,MGNU,180672,2
XQRU5373924,XQRU,537392,4
ZYKU7326324,ZYKU,732632,4
DIMU8776770,DIMU,877677,0
JOBU9983648,JOBU,998364,8
NCUU4456437,NCUU,445643,7
GNRU5912704,GNRU,591270,4
GAMU5092636,GAMU,509263,6
OZCU8240926,OZCU,824092,6
OIEU9356718,OIEU,935671,8
WSUU7500929,WSUU,750092,9
MMZU4538515,MMZU,453851,5
BORU6424785,BORU,642478,5
JNFU8063020,JNFU,806302,0
SFRU8341878,SFRU,834187,8
BUFU7914970,BUFU,791497,0
KLWU6640161,KLWU,664016,1
BTVU9864450,BTVU,986445,0
LIZU3386948,LIZU,338694,8
RMXU4324423,RMXU,432442,3
LEOU7810539,LEOU,781053,9
UNAU6535976,UNAU,653597,6
BVCU1669349,BVCU,166934,9
NRRU2901871,NRRU,290187,1
RICU9808372,RICU,980837,2
YSKU2649758,YSKU,264975,8
SAPU2454164,SAPU,245416,4
FIQU1724663,FIQU,172466,3
IKRU1279228,IKRU,127922,8
OKGU5738138,OKGU,573813,8
KYPU4753210,KYPU,475321,0
OJRU4553255,OJRU,455325,5
NIPU5935484,NIPU,593548,4
RJKU1060958,RJKU,106095,8
SNVU6877974,SNVU,687797,4
HSRU4336456,HSRU,433645,6
YITU2116884,YITU,211688,4
WBLU8979370,WBLU,897937,0
THYU3235711,THYU,323571,1
KXOU7094770,KXOU,709477,0
WRSU8447408,WRSU,844740,8
HHVU5432511,HHVU,543251,1
SLJU8047101,SLJU,804710,1
RNSU5162190,RNSU,516219,0
ZORU5895850,ZORU,589585,0
BKYU6956514,BKYU,695651,4
VZZU2507166,VZZU,250716,6
WORU3360311,WORU,336031,1
BPYU3356651,BPYU,335665,1
OMLU1286401,OMLU,128640,1
HNLU5179710,HNLU,517971,0
RVUU1300020,RVUU,130002,0
AJXU6362752,AJXU,636275,2
UMBU4087651,UMBU,408765,1
DPIU4671079,DPIU,467107,9
BJNU7684307,BJNU,768430,7
VZBU8335007,VZBU,833500,7
TRYU9322428,TRYU,932242,8
CAHU9934336,CAHU,993433,6
UHDU5206978,UHDU,520697,8
SJPU9542774,SJPU,954277,4
EKEU5659983,EKEU,565998,3
CEEU8445215,CEEU,844521,5
RDMU0870698,RDMU,087069,8
PHDU7964139,PHDU,796413,9
QZUU1834001,QZUU,183400,1
WDZU7775148,WDZU,777514,8
FLFU4738725,FLFU,473872,5
YGRU8066959,YGRU,806695,9
ACHU6896404,ACHU,689640,4
ETPU9622937,ETPU,962293,7
ZVOU3669884,ZVOU,366988,4
YURU5526066,YURU,552606,6
DZXU8507023,DZXU,850702,3
BRJU3146071,BRJU,314607,1
APEU8101754,APEU,810175,4
LITU0222020,LITU,022202,0
DRXU0059688,DRXU,005968,8
YLHU8613830,YLHU,861383,0
JPPU9216745,JPPU,921674,5
HBPU3430982,HBPU,343098,2
SYJU4316337,SYJU,431633,7
EUBU5079984,EUBU,507998,4
BKUU5428833,BKUU,542883,3
IPDU3136325,IPDU,313632,5
YGVU2587731,YGVU,258773,1
SQZU5201481,SQZU,520148,1
REOU4967828,REOU,496782,8
FCZU6112394,FCZU,611239,4
VWRU9481893,VWRU,948189,3
HFMU1302660,HFMU,130266,0
BLAU1261090,BLAU,126109,0
QUNU4832500,QUNU,483250,0
TPCU8613813,TPCU,861381,3
HIUU5591272,HIUU,559127,2
PDAU6520009,PDAU,652000,9
SCOU9572685,SCOU,957268,5
CZYU1742830,CZYU,174283,0
ACFU0450927,ACFU,045092,7
UKCU8481717,UKCU,848171,7
YWKU3837661,YWKU,383766,1
CTEU8063778,CTEU,806377,8
XPFU1503912,XPFU,150391,2
DHUU3501171,DHUU,350117,1
ETQU9649248,ETQU,964924,8
OPVU6862320,OPVU,686232,0
ELWU4083170,ELWU,408317,0
TZAU5531330,TZAU,553133,0
GQIU4252380,GQIU,425238,0
RWIU5208787,RWIU,520878,7
XARU2564143,XARU,256414,3
WTVU6878750,WTVU,687875,0
EVCU1571519,EVCU,157151,9
IAXU3858060,IAXU,385806,0
GEPU6308036,GEPU,630803,6
XWSU0649929,XWSU,064992,9
HLDU7497333,HLDU,749733,3
WSKU3445314,WSKU,344531,4
BXYU1117778,BXYU,111777,8
ZEHU6558833,ZEHU,655883,3
CDQU7714341,CDQU,771434,1
XLCU0816107,XLCU,081610,7
NUXU1997490,NUXU,199749,0
UAYU1332318,UAYU,133231,8
MVGU1625393,MVGU,162539,3
VBOU1162618,VBOU,116261,8
RGRU8134676,RGRU,813467,6
FCJU5898149,FCJU,589814,9
KDIU0380057,KDIU,038005,7
WIKU2266968,WIKU,226696,8
CDRU5635988,CDRU,563598,8
AAPU4209168,AAPU,420916,8
WPFU6429463,WPFU,642946,3
YMBU1114001,YMBU,111400,1
DKNU4273137,DKNU,427313,7
BUFU6812779,BUFU,681277,9
DQQU8806372,DQQU,880637,2
NHGU9199022,NHGU,919902,2
GGQU2362611,GGQU,236261,1
RDJU6840090,RDJU,684009,0
LFUU0537067,LFUU,053706,7
HGUU6097907,HGUU,609790,7
WFLU3998651,WFLU,399865,1
OUMU3053942,OUMU,305394,2
THUU1959181,THUU,195918,1
FDZU8810930,FDZU,881093,0
NFHU4100754,NFHU,410075,4
GMLU7956837,GMLU,795683,7
OFXU0165938,OFXU,016593,8
AFJU0130559,AFJU,013055,9
YITU7299303,YITU,729930,3
LQSU6837019,LQSU,683701,9
HCOU2778992,HCOU,277899,2
OLAU2678727,OLAU,267872,7
QVNU5296350,QVNU,529635,0
RWWU6102165,RWWU,610216,5
DZNU7879387,DZNU,787938,7
OVOU2549728,OVOU,254972,8
LJIU9639650,LJIU,963965,0
VPWU5647936,VPWU,564793,6
UOFU3413258,UOFU,341325,8
XCKU5578147,XCKU,557814,7
ZMNU4813269,ZMNU,481326,9
QDEU3301135,QDEU,330113,5
EEDU6870511,EEDU,687051,1
EKLU2539258,EKLU,253925,8
DRBU3931082,DRBU,393108,2
MVIU9592950,MVIU,959295,0
OHEU0424403,OHEU,042440,3
KZKU9205591,KZKU,920559,1
ABDU0999939,ABDU,099993,9
KRYU5802522,KRYU,580252,2
CMEU2543946,CMEU,254394,6
NHAU6945734,NHAU,694573,4
WMRU5193122,WMRU,519312,2
FTLU8481830,FTLU,848183,0
YETU9688312,YETU,968831,2
ZDWU2300434,ZDWU,230043,4
SPAU0584281,SPAU,058428,1
MZJU1690397,MZJU,169039,7
MCUU3006748,MCUU,300674,8
URCU4664340,URCU,466434,0
YRRU1233110,YRRU,123311,0
NQVU8460194,NQVU,846019,4
JNFU4553842,JNFU,455384,2
NBTU6401274,NBTU,640127,4
ZWOU0896464,ZWOU,089646,4
KVLU5631290,KVLU,563129,0
GNWU8975760,GNWU,897576,0
ASFU3271802,ASFU,327180,2
PVIU4142510,PVIU,414251,0
RNMU8780100,RNMU,878010,0
FUHU9863322,FUHU,986332,2
ZGWU7922673,ZGWU,792267,3
SXSU9941460,SXSU,994146,0
YBUU3781175,YBUU,378117,5
XACU0316540,XACU,031654,0
RIPU0310137,RIPU,031013,7
KCRU8469000,KCRU,846900,0
OVLU4994296,OVLU,499429,6
ZHWU3100377,ZHWU,310037,7
JBUU1837583,JBUU,183758,3
LBMU7061757,LBMU,706175,7
SKBU7482565,SKBU,748256,5
VVLU0928858,VVLU,092885,8
EATU2176193,EATU,217619,3
RDNU2215385,RDNU,221538,5
TXBU7504955,TXBU,750495,5
INAU7460334,INAU,746033,4
OOQU9061553,OOQU,906155,3
ECWU7238467,ECWU,723846,7
OTMU5966050,OTMU,596605,0
VXLU3563952,VXLU,356395,2
VESU8600676,VESU,860067,6
QJSU1939527,QJSU,193952,7
HHNU1254717,HHNU,125471,7
PNBU8027072,PNBU,802707,2
FBLU7915959,FBLU,791595,9
QQXU7921033,QQXU,792103,3
XQTU4368366,XQTU,436836,6
OZHU7877570,OZHU,787757,0
XCEU1766490,XCEU,176649,0
GCMU6405598,GCMU,640559,8
KPJU8819462,KPJU,881946,2
KTPU1277866,KTPU,127786,6
SCUU9566909,SCUU,956690,9
WJKU2446175,WJKU,244617,5
VWBU5882469,VWBU,588246,9
WFOU3101380,WFOU,310138,0
NVVU7338325,NVVU,733832,5
FHVU0805307,FHVU,080530,7
GNCU1612995,GNCU,161299,5
HUFU6810853,HUFU,681085,3
RUFU0246983,RUFU,024698,3
TZMU9033229,TZMU,903322,9
MEEU1093072,MEEU,109307,2
GEOU9955747,GEOU,995574,7
UUDU4131400,UUDU,413140,0
XGSU2552200,XGSU,255220,0
PMVU2228150,PMVU,222815,0
MVMU4061409,MVMU,406140,9
WVXU0472302,WVXU,047230,2
PSJU4989137,PSJU,498913,7
ZBCU9434540,ZBCU,943454,0
NYVU0139760,NYVU,013976,0
MICU1029812,MICU,102981,2
HBPU8637479,HBPU,863747,9
WNDU8762723,WNDU,876272,3
SNYU7276393,SNYU,727639,3
WBHU5141169,WBHU,514116,9
MVTU8420523,MVTU,842052,3
DBRU9818310,DBRU,981831,0
RIVU3355315,RIVU,335531,5
RJXU4192649,RJXU,419264,9
LABU9474201,LABU,947420,1
BELU4980572,BELU,498057,2
FTBU6541967,FTBU,654196,7
PCVU8902080,PCVU,890208,0
KKIU1366924,KKIU,136692,4
WREU0984197,WREU,098419,7
HUXU0490499,HUXU,049049,9
FZZU5799070,FZZU,579907,0
XCSU0261682,XCSU,026168,2
QEQU3296357,QEQU,329635,7
IFWU4532137,IFWU,453213,7
HLXU3635033,HLXU,363503,3
BNWU0733112,BNWU,073311,2
AVCU4286871,AVCU,428687,1
OPAU8367680,OPAU,836768,0
WEEU9389986,WEEU,938998,6
AHXU5762792,AHXU,576279,2
GTWU2232706,GTWU,223270,6
ECUU1846176,ECUU,184617,6
CDSU4928516,CDSU,492851,6
KUUU7443028,KUUU,744302,8
JTCU5816157,JTCU,581615,7
BPBU0108630,BPBU,010863,0
LEWU9665284,LEWU,966528,4
KUMU8972080,KUMU,897208,0
NREU0153682,NREU,015368,2
SGGU9427613,SGGU,942761,3
LHCU7004233,LHCU,700423,3
TMRU5304789,TMRU,530478,9
NPZU2115193,NPZU,211519,3
UWPU5038379,UWPU,503837,9
YYJU9660172,YYJU,966017,2
PVDU1418417,PVDU,141841,7
HHPU3399770,HHPU,339977,0
RWWU3190938,RWWU,319093,8
LZIU3583686,LZIU,358368,6
TERU2846500,TERU,284650,0
BLBU2308141,BLBU,230814,1
XTIU4424707,XTIU,442470,7
HZHU0941556,HZHU,094155,6
AZNU9943331,AZNU,994333,1
IDEU9790312,IDEU,979031,2
UVUU1868060,UVUU,186806,0
SZAU1367629,SZAU,136762,9
VBRU7139909,VBRU,713990,9
HTBU4222725,HTBU,422272,5
MJKU3545568,MJKU,354556,8
DESU5383096,DESU,538309,6
RDFU1526435,RDFU,152643,5
UTNU7962181,UTNU,796218,1
WEHU8506369,WEHU,850636,9
TPKU5646480,TPKU,564648,0
OJDU1776311,OJDU,177631,1
PGOU1202462,PGOU,120246,2
PHHU1262660,PHHU,126266,0
VIJU9349458,VIJU,934945,8
KUYU9380734,KUYU,938073,4
DMQU3808293,DMQU,380829,3
RZAU8717923,RZAU,871792,3
TTAU2629151,TTAU,262915,1
HOBU1729091,HOBU,172909,1
SQWU2699997,SQWU,269999,7
XZNU1239232,XZNU,123923,2
BOKU1582372,BOKU,158237,2
XMWU0082406,XMWU,008240,6
SIGU3117574,SIGU,311757,4
XSQU7033287,XSQU,703328,7
PBLU5317768,PBLU,531776,8
BXXU9940705,BXXU,994070,5
XTHU6619561,XTHU,661956,1
DLJU2368671,DLJU,236867,1
TQMU7899643,TQMU,789964,3
DTSU6083132,DTSU,608313,2
PEYU6449430,PEYU,644943,0
QELU9492826,QELU,949282,6
RFZU4453110,RFZU,445311,0
SULU4141210,SULU,414121,0
OAQU6760814,OAQU,676081,4
HXPU6977703,HXPU,697770,3
ZOWU3200302,ZOWU,320030,2
CANU6682792,CANU,668279,2
XSAU3437583,XSAU,343758,3
HRNU0269332,HRNU,026933,2
HETU6347486,HETU,634748,6
PLOU5332758,PLOU,533275,8
AFFU1136557,AFFU,113655,7
AQOU4239578,AQOU,423957,8
BJWU8558450,BJWU,855845,0
XJOU8777040,XJOU,877704,0
BPDU6082360,BPDU,608236,0
GLSU0447678,GLSU,044767,8
HLZU4697314,HLZU,469731,4
ZBVU9552472,ZBVU,955247,2
LSHU8596353,LSHU,859635,3
HKJU4415509,HKJU,441550,9
TJNU6845003,TJNU,684500,3
MNCU5485350,MNCU,548535,0
QOBU8613800,QOBU,861380,0
WZFU7401590,WZFU,740159,0
ZOMU8702345,ZOMU,870234,5
YPTU4860966,YPTU,486096,6
QJCU8007683,QJCU,800768,3
IJLU9652036,IJLU,965203,6
NKYU9717407,NKYU,971740,7
YUZU7086837,YUZU,708683,7
CVZU6680379,CVZU,668037,9
DNSU6496393,DNSU,649639,3
QVOU7545840,QVOU,754584,0
BAIU6640515,BAIU,664051,5
YAGU2769264,YAGU,276926,4
DEJU7975539,DEJU,797553,9
CXKU6600312,CXKU,660031,2
ZCXU5493869,ZCXU,549386,9
CWEU3112373,CWEU,311237,3
MCTU0457298,MCTU,045729,8
WQDU6370863,WQDU,637086,3
TXBU6857264,TXBU,685726,4
ILXU2005935,ILXU,200593,5
CIDU5808096,CIDU,580809,6
OTLU8165111,OTLU,816511,1
EJZU5309652,EJZU,530965,2
KUDU1944562,KUDU,194456,2
TUSU2279464,TUSU,227946,4
YWIU5728791,YWIU,572879,1
PIIU7335579,PIIU,733557,9
PJIU2351901,PJIU,235190,1
ZUWU3725539,ZUWU,372553,9
MSTU3311902,MSTU,331190,2
EPEU1608994,EPEU,160899,4
IDEU0704252,IDEU,070425,2
RWAU6871045,RWAU,687104,5
SMKU4541940,SMKU,454194,0
DCXU1341906,DCXU,134190,6
GRKU1139111,GRKU,113911,1
LPMU8225683,LPMU,822568,3
SQBU3597548,SQBU,359754,8
OLUU2317262,OLUU,231726,2
CJOU7349833,CJOU,734983,3
HAOU4194328,HAOU,419432,8
SALU8750847,SALU,875084,7
CUUU9242895,CUUU,924289,5
OXSU1197786,OXSU,119778,6
RWCU7816336,RWCU,781633,6
ZSLU5693958,ZSLU,569395,8
PNGU7846891,PNGU,784689,1
TVFU2784279,TVFU,278427,9
KTAU8034064,KTAU,803406,4
RTXU6277262,RTXU,627726,2
YZKU1005605,YZKU,100560,5
OLGU3918350,OLGU,391835,0
EAZU3390559,EAZU,339055,9
XUUU1803964,XUUU,180396,4
NNHU1221086,NNHU,122108,6
HUZU6707193,HUZU,670719,3
NZOU9769510,NZOU,976951,0
YGOU5431682,YGOU,543168,2
CYRU0630820,CYRU,063082,0
ATVU7028383,ATVU,702838,3
PWQU1464816,PWQU,146481,6
RQQU9390956,RQQU,939095,6
ZYAU6755263,ZYAU,675526,3
CFLU5141781,CFLU,514178,1
YTUU1645410,YTUU,164541,0
PLKU6662442,PLKU,666244,2
CLEU4834949,CLEU,483494,9
AYQU8567901,AYQU,856790,1
XJEU2687269,XJEU,268726,9
WKBU7834510,WKBU,783451,0
FALU7777460,FALU,777746,0
VMGU4696832,VMGU,469683,2
JSXU7891104,JSXU,789110,4
WMVU4630798,WMVU,463079,8
AVOU2231120,AVOU,223112,0
OZGU5082420,OZGU,508242,0
KKBU2166843,KKBU,216684,3
EFQU4959177,EFQU,495917,7
HRTU9612254,HRTU,961225,4
DJZU8007336,DJZU,800733,6
HCYU9330422,HCYU,933042,2
AEKU1630885,AEKU,163088,5
SFHU0691951,SFHU,069195,1
ASQU3631142,ASQU,363114,2
AHJU5414145,AHJU,541414,5
KNPU8358172,KNPU,835817,2
SEJU1386639,SEJU,138663,9
MFGU3044292,MFGU,304429,2
JKHU6832424,JKHU,683242,4
LSKU4629450,LSKU,462945,0
RLTU6298046,RLTU,629804,6
EQJU5739565,EQJU,573956,5
OWUU6261190,OWUU,626119,0
BBVU2746554,BBVU,274655,4
APLU9804283,APLU,980428,3
CQXU3621672,CQXU,362167,2
KEJU7468166,KEJU,746816,6
PIYU3165931,PIYU,316593,1
FTXU3760315,FTXU,376031,5
OVYU1563980,OVYU,156398,0
HNGU9097921,HNGU,909792,1
LPSU9965665,LPSU,996566,5
OHCU6038360,OHCU,603836,0
NQTU9222008,NQTU,922200,8
TBZU3636661,TBZU,363666,1
JCQU4299982,JCQU,429998,2
WFWU6710525,WFWU,671052,5
BBSU8447561,BBSU,844756,1
MAOU8171542,MAOU,817154,2
WOOU7110990,WOOU,711099,0
ODWU0947631,ODWU,094763,1
GJIU7646280,GJIU,764628,0
XITU7622550,XITU,762255,0
KBQU5621557,KBQU,562155,7
GXXU2431594,GXXU,243159,4
XABU2891519,XABU,289151,9
CAOU9548651,CAOU,954865,1
EHHU3510213,EHHU,351021,3
MIAU3009497,MIAU,300949,7
PNWU4316759,PNWU,431675,9
YAJU5561803,YAJU,556180,3
OQSU6915140,OQSU,691514,0
ZOYU3221149,ZOYU,322114,9
KKTU6945178,KKTU,694517,8
OGVU2963572,OGVU,296357,2
XCDU2652651,XCDU,265265,1
AHGU1343206,AHGU,134320,6
EBOU3532817,EBOU,353281,7
BWMU6497054,BWMU,649705,4
BGDU9150460,BGDU,915046,0
MXMU6010636,MXMU,601063,6
FMOU1581775,FMOU,158177,5
FFDU8436997,FFDU,843699,7
EUAU9834284,EUAU,983428,4
UJCU2013424,UJCU,201342,4
NXIU7400740,NXIU,740074,0
ALTU1090406,ALTU,109040,6
ZGMU3432003,ZGMU,343200,3
NRIU5764138,NRIU,576413,8
LCGU1700395,LCGU,170039,5
QWWU0382690,QWWU,038269,0
IQOU9462129,IQOU,946212,9
YODU9635521,YODU,963552,1
PYFU8207050,PYFU,820705,0
ZWJU9536343,ZWJU,953634,3
PHGU4805181,PHGU,480518,1
NPOU2963966,NPOU,296396,6
GNLU2048783,GNLU,204878,3
WKPU5585861,WKPU,558586,1
IMIU6571205,IMIU,657120,5
PIHU7158000,PIHU,715800,0
QTZU9980510,QTZU,998051,0
GLOU0929865,GLOU,092986,5
VLTU4746383,VLTU,474638,3
EYIU9020459,EYIU,902045,9
GBUU5903510,GBUU,590351,0
RWGU9259050,RWGU,925905,0
NUQU9193987,NUQU,919398,7
QULU3703250,QULU,370325,0
ZHSU2865337,ZHSU,286533,7
SZHU7588550,SZHU,758855,0
GRLU1863058,GRLU,186305,8
NKIU0066504,NKIU,006650,4
OLWU2277005,OLWU,227700,5
IHVU8340261,IHVU,834026,1
QOTU9184329,QOTU,918432,9
KLDU0106846,KLDU,010684,6
EWYU8008050,EWYU,800805,0
TLBU2868668,TLBU,286866,8
XJBU5689393,XJBU,568939,3
DPXU5811135,DPXU,581113,5
XSKU8824456,XSKU,882445,6
MHQU0490756,MHQU,049075,6
JFFU5133811,JFFU,513381,1
AQIU1109343,AQIU,110934,3
PXAU1417488,PXAU,141748,8
KVSU0023689,KVSU,002368,9
LLHU3768673,LLHU,376867,3
NUSU1584730,NUSU,158473,0
GPZU8850006,GPZU,885000,6
IXKU9691409,IXKU,969140,9
ETZU5259171,ETZU,525917,1
FOHU4002526,FOHU,400252,6
IGWU6274100,IGWU,627410,0
BIEU4073862,BIEU,407386,2
HJCU9437118,HJCU,943711,8
ZBIU6013195,ZBIU,601319,5
ILQU2514039,ILQU,251403,9
VJBU4262511,VJBU,426251,1
KHIU0772266,KHIU,077226,6
DMZU5936880,DMZU,593688,0
JTKU9654829,JTKU,965482,9
GQWU9473844,GQWU,947384,4
MNIU1806900,MNIU,180690,0
YUMU5338456,YUMU,533845,6
WKQU0121990,WKQU,012199,0
VUKU5174683,VUKU,517468,3
UVHU9784495,UVHU,978449,5
AGTU3251941,AGTU,325194,1
CGEU7204840,CGEU,720484,0
GUHU2519682,GUHU,251968,2
OSWU1742846,OSWU,174284,6
RSMU3239258,RSMU,323925,8
AUMU5033241,AUMU,503324,1
WQPU6808263,WQPU,680826,3
RUAU2155200,RUAU,215520,0
KHOU6825543,KHOU,682554,3
AGAU9864374,AGAU,986437,4
TWIU7055821,TWIU,705582,1
ZZCU8918629,ZZCU,891862,9
FAVU3127662,FAVU,312766,2
XDBU3749234,XDBU,374923,4
SNLU8264816,SNLU,826481,6
GKEU7291552,GKEU,729155,2
KEYU7868987,KEYU,786898,7
KJKU8439484,KJKU,843948,4
UDHU7320462,UDHU,732046,2
MCQU1538644,MCQU,153864,4
FZQU3103952,FZQU,310395,2
PNHU5075567,PNHU,507556,7
AESU0491793,AESU,049179,3
CRQU9975110,CRQU,997511,0
MJMU1201230,MJMU,120123,0
OYKU1321160,OYKU,132116,0
VPAU0364953,VPAU,036495,3
RWEU0000820,RWEU,000082,0
OFGU6457265,OFGU,645726,5
LISU4856245,LISU,485624,5
UGIU2079393,UGIU,207939,3
BYCU7219257,BYCU,721925,7
NRXU3508782,NRXU,350878,2
EHBU9537800,EHBU,953780,0
KIDU0729303,KIDU,072930,3
FADU4643450,FADU,464345,0
FGHU6807776,FGHU,680777,6
TDHU4749339,TDHU,474933,9
UGXU7654882,UGXU,765488,2
WEYU6352005,WEYU,635200,5
UJWU9290375,UJWU,929037,5
SOGU5068830,SOGU,506883,0
FTTU9644762,FTTU,964476,2
VYNU4604680,VYNU,460468,0
AYQU2312138,AYQU,231213,8
BYBU9552601,BYBU,955260,1
AACU1442961,AACU,144296,1
AZBU6839455,AZBU,683945,5
AIIU9327005,AIIU,932700,5
XJSU9896394,XJSU,989639,4
DZGU6170931,DZGU,617093,1
ICLU1628489,ICLU,162848,9
LGGU1946730,LGGU,194673,0
HPOU5466627,HPOU,546662,7
FHBU0976491,FHBU,097649,1
DOFU3538829,DOFU,353882,9
OQIU9110690,OQIU,911069,0
YNSU6690434,YNSU,669043,4
XJUU6883364,XJUU,688336,4
OQGU7551468,OQGU,755146,8
XQJU2262550,XQJU,226255,0
WEHU1383473,WEHU,138347,3
OGOU2412225,OGOU,241222,5
QHTU3494929,QHTU,349492,9
RBZU6034389,RBZU,603438,9
NVBU7022173,NVBU,702217,3
MJFU0243680,MJFU,024368,0
HEJU4759226,HEJU,475922,6
OYVU2249480,OYVU,224948,0
LKBU5883393,LKBU,588339,3
PPZU8606452,PPZU,860645,2
BJJU3849397,BJJU,384939,7
PZVU0048323,PZVU,004832,3
KRGU0053202,KRGU,005320,2
CIFU2153198,CIFU,215319,8
IZEU5566442,IZEU,556644,2
RTUU2778533,RTUU,277853,3
CYMU7045562,CYMU,704556,2
RWKU8617718,RWKU,861771,8
JADU6571753,JADU,657175,3
MREU9839482,MREU,983948,2
ECXU8955471,ECXU,895547,1
QSQU0911660,QSQU,091166,0
UILU2038068,UILU,203806,8
LSAU4011857,LSAU,401185,7
YEEU2690412,YEEU,269041,2
HONU5280961,HONU,528096,1
VYSU7903343,VYSU,790334,3
SMPU5590431,SMPU,559043,1
DPOU2762940,DPOU,276294,0
ITSU7346011,ITSU,734601,1
IQRU2491825,IQRU,249182,5
DBFU4956319,DBFU,495631,9
QJPU0653100,QJPU,065310,0
ZUTU4841992,ZUTU,484199,2
MPZU0108996,MPZU,010899,6
GDEU6787801,GDEU,678780,1
FUZU1932435,FUZU,193243,5
PCFU7058209,PCFU,705820,9
FLVU2240560,FLVU,224056,0
XFPU9655439,XFPU,965543,9
UONU2830028,UONU,283002,8
MYWU0558938,MYWU,055893,8
PZCU5078073,PZCU,507807,3
EUKU5401753,EUKU,540175,3
VYAU3651889,VYAU,365188,9
OXBU3418176,OXBU,341817,6
OVYU4599970,OVYU,459997,0
YBZU2408580,YBZU,240858,0
TTQU3734049,TTQU,373404,9
ONHU9351066,ONHU,935106,6
BJMU6265956,BJMU,626595,6
KHDU3149539,KHDU,314953,9
ZYPU1827510,ZYPU,182751,0
IGXU6712004,IGXU,671200,4
CUEU5656133,CUEU,565613,3
HOPU8892464,HOPU,889246,4
NLMU7102349,NLMU,710234,9
FOTU4275195,FOTU,427519,5
XLGU3647140,XLGU,364714,0
GTDU9423170,GTDU,942317,0
PESU8202819,PESU,820281,9
AGHU2995026,AGHU,299502,6
XMUU2879722,XMUU,287972,2
QPDU8515042,QPDU,851504,2
UAHU3405733,UAHU,340573,3
VYEU9272432,VYEU,927243,2
IQPU0969498,IQPU,096949,8
BTLU2764465,BTLU,276446,5
NSLU5638732,NSLU,563873,2
BEHU9550880,BEHU,955088,0
SHFU6854878,SHFU,685487,8
ZQAU6483512,ZQAU,648351,2
IMVU3388026,IMVU,338802,6
MCCU9178299,MCCU,917829,9
FGGU8434955,FGGU,843495,5
GNRU3187260,GNRU,318726,0
TYZU8997488,TYZU,899748,8
XHIU6640701,XHIU,664070,1
CDZU1088340,CDZU,108834,0
MYGU1965681,MYGU,196568,1
NPFU4200139,NPFU,420013,9
TAWU6424189,TAWU,642418,9
PTRU5871035,PTRU,587103,5
JGRU2152822,JGRU,215282,2
IVFU5757620,IVFU,575762,0
BIVU9804531,BIVU,980453,1
RJMU7744080,RJMU,774408,0
RQPU4461950,RQPU,446195,0
VWNU7000037,VWNU,700003,7
WSNU0867590,WSNU,086759,0
QRTU1079894,QRTU,107989,4
XAUU6304850,XAUU,630485,0
EAWU2122822,EAWU,212282,2
TYRU0733470,TYRU,073347,0
MHRU3248668,MHRU,324866,8
EPVU3457659,EPVU,345765,9
JZWU0102859,JZWU,010285,9
BOTU6802310,BOTU,680231,0
GNJU4244491,GNJU,424449,1
OQQU4692396,OQQU,469239,6
KGYU6028893,KGYU,602889,3
IXJU1919994,IXJU,191999,4
FQOU1808444,FQOU,180844,4
SAKU1130852,SAKU,113085,2
SAOU9862441,SAOU,986244,1
CCJU2667251,CCJU,266725,1
UCYU9841024,UCYU,984102,4
WIZU0027483,WIZU,002748,3
DYRU0989662,DYRU,098966,2
MJXU2087402,MJXU,208740,2
MODU8806490,MODU,880649,0
TYFU6818686,TYFU,681868,6
PEOU8186375,PEOU,818637,5
SNXU9056938,SNXU,905693,8
EAFU2392515,EAFU,239251,5
IHKU5097696,IHKU,509769,6
VSWU8948055,VSWU,894805,5
PZVU8940064,PZVU,894006,4
DNFU3842784,DNFU,384278,4
ARFU6925891,ARFU,692589,1
QTGU9656336,QTGU,965633,6
EGMU1191713,EGMU,119171,3
VDYU8527959,VDYU,852795,9
BEYU2800414,BEYU,280041,4
UJHU1715980,UJHU,171598,0
BZXU9668648,BZXU,966864,8
BFAU2370148,BFAU,237014,8
OMYU0893119,OMYU,089311,9
SVDU2543144,SVDU,254314,4
RYYU3126360,RYYU,312636,0
OIDU1561728,OIDU,156172,8
EHDU9498208,EHDU,949820,8
DJRU9840869,DJRU,984086,9
KDIU2541567,KDIU,254156,7
THSU7167184,THSU,716718,4
VEHU4882921,VEHU,488292,1
CRQU6541320,CRQU,654132,0
OSMU6597817,OSMU,659781,7
SJKU0212240,SJKU,021224,0
RKTU6217884,RKTU,621788,4
KBCU2548421,KBCU,254842,1
JFQU8014722,JFQU,801472,2
JNYU4998069,JNYU,499806,9
TJDU6892767,TJDU,689276,7
MXIU7940330,MXIU,794033,0
MOUU2015184,MOUU,201518,4
JVAU4369418,JVAU,436941,8
FIVU9464142,FIVU,946414,2
QNPU2345997,QNPU,234599,7
GARU9960745,GARU,996074,5
BQZU8540754,BQZU,854075,4
PNBU8109078,PNBU,810907,8
KFHU0578280,KFHU,057828,0
GBYU9230077,GBYU,923007,7
TCWU3767699,TCWU,376769,9
ECCU1510496,ECCU,151049,6
DOFU7347800,DOFU,734780,0
IMDU1292534,IMDU,129253,4
JEUU1064658,JEUU,106465,8
WFOU2389754,WFOU,238975,4
DHFU7412650,DHFU,741265,0
HHJU4418230,HHJU,441823,0
TSPU2533770,TSPU,253377,0
VNUU2278378,VNUU,227837,8
LTZU8957553,LTZU,895755,3
SRNU5515424,SRNU,551542,4
MZUU5478081,MZUU,547808,1
CGKU5965179,CGKU,596517,9
XXAU6428117,XXAU,642811,7
XMAU2070609,XMAU,207060,9
ZCRU3682240,ZCRU,368224,0
MVUU0124257,MVUU,012425,7
DNDU0685998,DNDU,068599,8
VXWU0538266,VXWU,053826,6
WOXU9519659,WOXU,951965,9
UCXU5257718,UCXU,525771,8
GPLU0652490,GPLU,065249,0
PNCU0509723,PNCU,050972,3
FUOU1924863,FUOU,192486,3
LRCU1582194,LRCU,158219,4
MLWU2521613,MLWU,252161,3
ZKQU6989289,ZKQU,698928,9
XLFU3744887,XLFU,374488,7
XJOU6034935,XJOU,603493,5
ORMU0997054,ORMU,099705,4
DYCU7429018,DYCU,742901,8
AGRU0130050,AGRU,013005,0
TIDU6858652,TIDU,685865,2
WJLU8140831,WJLU,814083,1
PJBU2184814,PJBU,218481,4
GJYU9959660,GJYU,995966,0
IKUU6692472,IKUU,669247,2
SHZU3365240,SHZU,336524,0
FOKU3422628,FOKU,342262,8
HOMU2417851,HOMU,241785,1
KGGU7752112,KGGU,775211,2
CGFU3907010,CGFU,390701,0
JISU8098705,JISU,809870,5
VRQU4609523,VRQU,460952,3
ZTBU7771820,ZTBU,777182,0
XIHU0103318,XIHU,010331,8
ORWU9185730,ORWU,918573,0
SDBU8246670,SDBU,824667,0
OKIU5955505,OKIU,595550,5
JBOU7368250,JBOU,736825,0
TXBU3686846,TXBU,368684,6
BJCU0250497,BJCU,025049,7
GKYU5329807,GKYU,532980,7
JEPU4428307,JEPU,442830,7
ZMIU7246362,ZMIU,724636,2
KDLU7876824,KDLU,787682,4
DGNU5663148,DGNU,566314,8
EFSU6425840,EFSU,642584,0
AAWU5551940,AAWU,555194,0
RSFU0419540,RSFU,041954,0
JHGU9662092,JHGU,966209,2
EZPU0264590,EZPU,026459,0
VGUU5353845,VGUU,535384,5
MVVU1431949,MVVU,143194,9
PQZU1874645,PQZU,187464,5
GABU4453751,GABU,445375,1
LZYU7944191,LZYU,794419,1
BCBU8686536,BCBU,868653,6
YEYU1699328,YEYU,169932,8
MEQU7181943,MEQU,718194,3
HMDU6294056,HMDU,629405,6
YXVU3214803,YXVU,321480,3
DSEU2143710,DSEU,214371,0
ODUU0054052,ODUU,005405,2
GLBU9301380,GLBU,930138,0
STAU2707973,STAU,270797,3
SXLU8191411,SXLU,819141,1
FOAU6135690,FOAU,613569,0
FBQU6978755,FBQU,697875,5
IZPU5506133,IZPU,550613,3
SUAU2341675,SUAU,234167,5
IJNU8548554,IJNU,854855,4
TEQU1761909,TEQU,176190,9
RYZU6473690,RYZU,647369,0
DJHU4341677,DJHU,434167,7
HLFU4201039,HLFU,420103,9
QRFU7120007,QRFU,712000,7
YOTU0932515,YOTU,093251,5
JUCU1247990,JUCU,124799,0
WABU9387746,WABU,938774,6
VMOU7465568,VMOU,746556,8
YKYU4518569,YKYU,451856,9
KTUU5123403,KTUU,512340,3
IMTU2393726,IMTU,239372,6
EXMU2541030,EXMU,254103,0
OGWU3353285,OGWU,335328,5
UIZU9364348,UIZU,936434,8
GOLU8124012,GOLU,812401,2
NVRU8987383,NVRU,898738,3
QHHU5821690,QHHU,582169,0
TWJU8492780,TWJU,849278,0
CMZU8366245,CMZU,836624,5
IALU1657753,IALU,165775,3
BWPU3651193,BWPU,365119,3
CYMU8550379,CYMU,855037,9
RTRU5470348,RTRU,547034,8
CDFU3641120,CDFU,364112,0
XVTU7107500,XVTU,710750,0
CWXU5097401,CWXU,509740,1
GEEU4219830,GEEU,421983,0
XSCU8573623,XSCU,857362,3
FYGU6421615,FYGU,642161,5
ADGU3376259,ADGU,337625,9
SXHU6753300,SXHU,675330,0
NDNU0106000,NDNU,010600,0
AJUU0320924,AJUU,032092,4
SNQU3907820,SNQU,390782,0
GMCU6070853,GMCU,607085,3
PJWU3923553,PJWU,392355,3
PEJU5734350,PEJU,573435,0
QRNU6472691,QRNU,647269,1
PGIU9597471,PGIU,959747,1
KWAU0357031,KWAU,035703,1
ZDZU6204316,ZDZU,620431,6
JGZU8397419,JGZU,839741,9
YWKU9032957,YWKU,903295,7
AUXU0749155,AUXU,074915,5
YJYU8160050,YJYU,816005,0
FKPU7545264,FKPU,754526,4
WRHU0186768,WRHU,018676,8
JJXU0025270,JJXU,002527,0
DNMU7065932,DNMU,706593,2
TBHU9662900,TBHU,966290,0
ZVYU4548228,ZVYU,454822,8
QKGU9733120,QKGU,973312,0
WIOU0876260,WIOU,087626,0
CVXU5178707,CVXU,517870,7
KWFU1931552,KWFU,193155,2
COLU5578316,COLU,557831,6
HRPU0438656,HRPU,043865,6
ZCOU0867893,ZCOU,086789,3
DSOU5764264,DSOU,576426,4
TGVU1070097,TGVU,107009,7
EIUU7881154,EIUU,788115,4
YRZU4881145,YRZU,488114,5
KTSU6663250,KTSU,666325,0
RKYU0957674,RKYU,095767,4
THYU3418203,THYU,341820,3
YBKU4633357,YBKU,463335,7
FJXU3630311,FJXU,363031,1
HPRU6060720,HPRU,606072,0
HNPU8897510,HNPU,889751,0
SZFU6269550,SZFU,626955,0
MNBU7490480,MNBU,749048,0
JROU9021321,JROU,902132,1
RYWU2216477,RYWU,221647,7
UTNU9420894,UTNU,942089,4
ITFU0502106,ITFU,050210,6
RTSU1968280,RTSU,196828,0
TSJU7163142,TSJU,716314,2
RGRU5159515,RGRU,515951,5
KXAU1402482,KXAU,140248,2
LLYU6730006,LLYU,673000,6
PUBU0642329,PUBU,064232,9
YLKU5456615,YLKU,545661,5
PEGU8918581,PEGU,891858,1
YPNU5964412,YPNU,596441,2
UTPU0891653,UTPU,089165,3
FJSU8572704,FJSU,857270,4
PQWU5837485,PQWU,583748,5
VWFU3040342,VWFU,304034,2
TYRU4444434,TYRU,444443,4
TTFU0741143,TTFU,074114,3
PMDU2352403,PMDU,235240,3
PAOU4067872,PAOU,406787,2
LORU5357234,LORU,535723,4
ANFU4462384,ANFU,446238,4
TUTU6038197,TUTU,603819,7
DTAU1788153,DTAU,178815,3
DGQU5949214,DGQU,594921,4
YVDU2114146,YVDU,211414,6
MIKU2429469,MIKU,242946,9
FOZU1514218,FOZU,151421,8
RJDU1430907,RJDU,143090,7
PZWU0532162,PZWU,053216,2
DDMU2651144,DDMU,265114,4
JJBU0771890,JJBU,077189,0
YDWU9012486,YDWU,901248,6
ACOU6625232,ACOU,662523,2
DMUU7426117,DMUU,742611,7
OGUU7447910,OGUU,744791,0
ZGTU0645741,ZGTU,064574,1
KBYU1849080,KBYU,184908,0
GEPU7606143,GEPU,760614,3
UOSU8867871,UOSU,886787,1
ERXU2732090,ERXU,273209,0
TZKU6906766,TZKU,690676,6
LAYU2802608,LAYU,280260,8
XJPU4298974,XJPU,429897,4
SLSU3719771,SLSU,371977,1
AHDU4706710,AHDU,470671,0
QHFU8854670,QHFU,885467,0
SZCU4445270,SZCU,444527,0
GCEU3284714,GCEU,328471,4
TKUU3723082,TKUU,372308,2
QBGU0914559,QBGU,091455,9
POQU0153449,POQU,015344,9
BRJU1949963,BRJU,194996,3
TXMU6068064,TXMU,606806,4
HPGU6477290,HPGU,647729,0
TARU7990580,TARU,799058,0
PTIU7825979,PTIU,782597,9
LLZU8466508,LLZU,846650,8
HUPU2134730,HUPU,213473,0
UAFU8000746,UAFU,800074,6
BLRU8839888,BLRU,883988,8
XZZU8302247,XZZU,830224,7
JPYU9945553,JPYU,994555,3
CNQU3411265,CNQU,341126,5
GNLU2219530,GNLU,221953,0
UXZU5304830,UXZU,530483,0
JKKU4876738,JKKU,487673,8
QDKU8869053,QDKU,886905,3
EAFU1931551,EAFU,193155,1
YDEU5650643,YDEU,565064,3
AYOU8914177,AYOU,891417,7
ZVRU7931720,ZVRU,793172,0
XCNU6271360,XCNU,627136,0
MGSU8867121,MGSU,886712,1
AWVU1565248,AWVU,156524,8
YCGU4301278,YCGU,430127,8
JUTU1508220,JUTU,150822,0
OXHU2139055,OXHU,213905,5
RMGU8892675,RMGU,889267,5
BJZU2532166,BJZU,253216,6
TQAU2510980,TQAU,251098,0
KJGU3304033,KJGU,330403,3
EKWU6000150,EKWU,600015,0
KMJU7623778,KMJU,762377,8
AQZU7284893,AQZU,728489,3
YSVU4660136,YSVU,466013,6
OYHU3112050,OYHU,311205,0
KTZU4999219,KTZU,499921,9
WTAU0952805,WTAU,095280,5
DLVU7690212,DLVU,769021,2
DMVU7774022,DMVU,777402,2
PWTU7711370,PWTU,771137,0
TTAU1115116,TTAU,111511,6
BOEU7058714,BOEU,705871,4
PJZU1671495,PJZU,167149,5
OHAU7680121,OHAU,768012,1
QSUU1473856,QSUU,147385,6
ZSZU7002350,ZSZU,700235,0
ZSEU0879766,ZSEU,087976,6
BDMU9392932,BDMU,939293,2
NBBU6165082,NBBU,616508,2
DXCU5525936,DXCU,552593,6
FAPU0771336,FAPU,077133,6
YHLU1720538,YHLU,172053,8
ZWVU8243383,ZWVU,824338,3
PFKU7827668,PFKU,782766,8
TMLU7400970,TMLU,740097,0
TZCU2029021,TZCU,202902,1
ZNXU2570140,ZNXU,257014,0
LTYU9764581,LTYU,976458,1
XZJU6363269,XZJU,636326,9
UVYU7457511,UVYU,745751,1
TCXU0063874,TCXU,006387,4
SKOU7640825,SKOU,764082,5
HWZU3708442,HWZU,370844,2
OGXU4774488,OGXU,477448,8
XMOU6602879,XMOU,660287,9
BDQU6634430,BDQU,663443,0
RCCU3830043,RCCU,383004,3
DTDU1735672,DTDU,173567,2
GGTU5616644,GGTU,561664,4
MHUU6866613,MHUU,686661,3
UFAU4663122,UFAU,466312,2
ITHU4115761,ITHU,411576,1
FCXU0409156,FCXU,040915,6
INDU1133391,INDU,113339,1
CSLU6886990,CSLU,688699,0
DRAU0251607,DRAU,025160,7
TAHU1785628,TAHU,178562,8
JETU2339400,JETU,233940,0
IZXU0659894,IZXU,065989,4
QRJU2075620,QRJU,207562,0
JNXU0389380,JNXU,038938,0
VHNU6935050,VHNU,693505,0
BJRU8074936,BJRU,807493,6
TABU2194438,TABU,219443,8
IEBU8444640,IEBU,844464,0
EGLU6137033,EGLU,613703,3
EQCU2234738,EQCU,223473,8
GTXU2724802,GTXU,272480,2
TBHU1478245,TBHU,147824,5
KZDU2133447,KZDU,213344,7
OKOU9598588,OKOU,959858,8
WKPU0186621,WKPU,018662,1
CLHU3620769,CLHU,362076,9
GWBU4209083,GWBU,420908,3
HBJU7847897,HBJU,784789,7
OLVU9326880,OLVU,932688,0
OSRU0538651,OSRU,053865,1
APFU1854359,APFU,185435,9
QFCU1262458,QFCU,126245,8
VGCU3356553,VGCU,335655,3
MPNU8332665,MPNU,833266,5
GLRU3017907,GLRU,301790,7
BUJU6812942,BUJU,681294,2
DZNU0436026,DZNU,043602,6
NIJU2310939,NIJU,231093,9
IJZU3044028,IJZU,304402,8
FUXU3686293,FUXU,368629,3
YHLU7591269,YHLU,759126,9
PCUU2599301,PCUU,259930,1
IWZU6287013,IWZU,628701,3
HWIU1004595,HWIU,100459,5
EAOU7349800,EAOU,734980,0
HCRU5123705,HCRU,512370,5
IPOU2101415,IPOU,210141,5
AMMU2967707,AMMU,296770,7
VPXU6336125,VPXU,633612,5
QEUU1055226,QEUU,105522,6
KISU4553490,KISU,455349,0
ZAPU6799813,ZAPU,679981,3
BSBU8695821,BSBU,869582,1
SMOU8819277,SMOU,881927,7
HTOU2835884,HTOU,283588,4
TMXU1966735,TMXU,196673,5
LNRU8407281,LNRU,840728,1
HCEU6358133,HCEU,635813,3
WNXU6101344,WNXU,610134,4
NZFU1867940,NZFU,186794,0
CXQU3484940,CXQU,348494,0
HAIU6484450,HAIU,648445,0
QQJU3004228,QQJU,300422,8
HMUU1792658,HMUU,179265,8
LQJU7565346,LQJU,756534,6
LZEU5696481,LZEU,569648,1
BIMU8654467,BIMU,865446,7
HHZU2397140,HHZU,239714,0
HCEU3227952,HCEU,322795,2
SVMU5382590,SVMU,538259,0
QONU7587072,QONU,758707,2
OJCU1155033,OJCU,115503,3
PQWU0025977,PQWU,002597,7
TOKU8150634,TOKU,815063,4
VKRU3268859,VKRU,326885,9
BZQU1985945,BZQU,198594,5
ASBU8725781,ASBU,872578,1
EDOU6468090,EDOU,646809,0
EPTU6974530,EPTU,697453,0
HMLU0782210,HMLU,078221,0
CCCU1782743,CCCU,178274,3
LTJU2622897,LTJU,262289,7
OIMU9154258,OIMU,915425,8
BAUU3981942,BAUU,398194,2
OZIU7634038,OZIU,763403,8
LZNU0470306,LZNU,047030,6
NRLU0739749,NRLU,073974,9
HIOU5772860,HIOU,577286,0
HNFU7653015,HNFU,765301,5
MHRU7313988,MHRU,731398,8
IPXU9843460,IPXU,984346,0
KASU2760193,KASU,276019,3
EPPU7874552,EPPU,787455,2
AYOU2290495,AYOU,229049,5
KVHU4929087,KVHU,492908,7
AWDU7953382,AWDU,795338,2
HYBU8149710,HYBU,814971,0
FONU2069871,FONU,206987,1
FCFU3211963,FCFU,321196,3
UKMU9587370,UKMU,958737,0
HRNU3866270,HRNU,386627,0
SMVU2788136,SMVU,278813,6
MYEU9886030,MYEU,988603,0
QATU5753222,QATU,575322,2
ZOAU6973223,ZOAU,697322,3
QMWU9901014,QMWU,990101,4
HHXU0429507,HHXU,042950,7
JJHU9603883,JJHU,960388,3
NWCU7179260,NWCU,717926,0
YJHU3654174,YJHU,365417,4
RHJU4873888,RHJU,487388,8
BUHU1025757,BUHU,102575,7
AHQU9049380,AHQU,904938,0
KNTU8764108,KNTU,876410,8
TIFU4619743,TIFU,461974,3
VSYU5071463,VSYU,507146,3
ECRU0364029,ECRU,036402,9
WGGU6890594,WGGU,689059,4
TSTU4520626,TSTU,452062,6
XIVU5531739,XIVU,553173,9
MTLU3631663,MTLU,363166,3
PCEU9026320,PCEU,902632,0
KTZU9031400,KTZU,903140,0
YTKU4722952,YTKU,472295,2
UZOU5219738,UZOU,521973,8
GBQU4417587,GBQU,441758,7
HQWU1097037,HQWU,109703,7
RISU8260115,RISU,826011,5
ECXU3730620,ECXU,373062,0
KAHU3268923,KAHU,326892,3
GRKU4083079,GRKU,408307,9
OBZU9392085,OBZU,939208,5
GNMU6872552,GNMU,687255,2
KEMU9058972,KEMU,905897,2
EBNU2161127,EBNU,216112,7
VBEU7020668,VBEU,702066,8
UDKU1278392,UDKU,127839,2
QQHU1437807,QQHU,143780,7
LGIU2777170,LGIU,277717,0
TIXU6033923,TIXU,603392,3
TTFU1375590,TTFU,137559,0
ETNU7929038,ETNU,792903,8
SYLU0624477,SYLU,062447,7
JAPU8332035,JAPU,833203,5
GILU6066172,GILU,606617,2
JCGU4937599,JCGU,493759,9
TVPU9600310,TVPU,960031,0
MZQU9433199,MZQU,943319,9
SPRU7232980,SPRU,723298,0
XHHU1964812,XHHU,196481,2
SMIU6310011,SMIU,631001,1
QLVU2773359,QLVU,277335,9
HRVU3695442,HRVU,369544,2
CTZU1768815,CTZU,176881,5
WDTU2661363,WDTU,266136,3
JPFU7322959,JPFU,732295,9
WIOU0802421,WIOU,080242,1
LWHU0534919,LWHU,053491,9
IVAU7484543,IVAU,748454,3
GTCU9826084,GTCU,982608,4
AGAU1178995,AGAU,117899,5
OQXU4658528,OQXU,465852,8
QYWU9275845,QYWU,927584,5
CAHU9390818,CAHU,939081,8
XGZU3159428,XGZU,315942,8
NJXU4157536,NJXU,415753,6
FIBU5714618,FIBU,571461,8
OFWU7189012,OFWU,718901,2
FNNU8699515,FNNU,869951,5
XDCU8767342,XDCU,876734,2
OHNU6681956,OHNU,668195,6
PIZU0512619,PIZU,051261,9
MRGU3559795,MRGU,355979,5
EUHU1050140,EUHU,105014,0
FGOU9072200,FGOU,907220,0
XHRU9942527,XHRU,994252,7
LEWU1146683,LEWU,114668,3
PTIU5345179,PTIU,534517,9
ZCQU1486184,ZCQU,148618,4
AURU6780255,AURU,678025,5
SPPU4358704,SPPU,435870,4
OUDU9127440,OUDU,912744,0
GERU5388944,GERU,538894,4
UJBU2735932,UJBU,273593,2
ATWU2821844,ATWU,282184,4
XQFU2941324,XQFU,294132,4
WCGU6616478,WCGU,661647,8
OCXU4336740,OCXU,433674,0
ERWU7766571,ERWU,776657,1
XWIU5724666,XWIU,572466,6
JGUU3158575,JGUU,315857,5
XFXU7160984,XFXU,716098,4
AWYU9195238,AWYU,919523,8
IWVU3060870,IWVU,306087,0
TSOU0301088,TSOU,030108,8
SBPU2807964,SBPU,280796,4
HMWU4713709,HMWU,471370,9
GEDU1083222,GEDU,108322,2
XLQU3770766,XLQU,377076,6
OFRU0951720,OFRU,095172,0
JTCU7382548,JTCU,738254,8
IMMU8596812,IMMU,859681,2
LYTU7464814,LYTU,746481,4
KXOU0781651,KXOU,078165,1
AXVU8060959,AXVU,806095,9
WNHU9407219,WNHU,940721,9
LYYU5109284,LYYU,510928,4
FKQU4517088,FKQU,451708,8
PBRU5708445,PBRU,570844,5
QCRU9735502,QCRU,973550,2
VXAU1993330,VXAU,199333,0
EIZU9881448,EIZU,988144,8
EYQU7754121,EYQU,775412,1
VCYU0695492,VCYU,069549,2
TRSU2962243,TRSU,296224,3
RPJU3509158,RPJU,350915,8
FOKU6827770,FOKU,682777,0
XBSU5206665,XBSU,520666,5
AFVU6456456,AFVU,645645,6
BGCU6809756,BGCU,680975,6
FSPU6542246,FSPU,654224,6
OTMU6531215,OTMU,653121,5
ZFAU7079205,ZFAU,707920,5
ZYLU5480209,ZYLU,548020,9
UEQU1219334,UEQU,121933,4
ZRTU9393534,ZRTU,939353,4
IPVU7647943,IPVU,764794,3
DMJU0987600,DMJU,098760,0
TDTU5128776,TDTU,512877,6
FBGU7931475,FBGU,793147,5
WIXU0440294,WIXU,044029,4
QOSU1218218,QOSU,121821,8
DDTU9718986,DDTU,971898,6
EDHU4251948,EDHU,425194,8
RICU2065552,RICU,206555,2
SVPU8045207,SVPU,804520,7
FINU8974792,FINU,897479,2
OFVU0783055,OFVU,078305,5
XUXU0548621,XUXU,054862,1
RZOU5964810,RZOU,596481,0
MOHU7142771,MOHU,714277,1
EKPU1426776,EKPU,142677,6
UGVU3211092,UGVU,321109,2
CSJU6345402,CSJU,634540,2
IFAU4603688,IFAU,460368,8
NMSU8227257,NMSU,822725,7
GWMU0296524,GWMU,029652,4
KDIU8755360,KDIU,875536,0
LEVU6483528,LEVU,648352,8
DAOU9834933,DAOU,983493,3
DHIU1363970,DHIU,136397,0
ZUTU0827424,ZUTU,082742,4
TGCU0188812,TGCU,018881,2
MOKU9545859,MOKU,954585,9
DPTU0549831,DPTU,054983,1
FXSU0931900,FXSU,093190,0
HVSU5657071,HVSU,565707,1
CWBU0683850,CWBU,068385,0
UJOU4943113,UJOU,494311,3
DRHU0938573,DRHU,093857,3
ZLAU0170300,ZLAU,017030,0
FNUU6068199,FNUU,606819,9
KRFU0672380,KRFU,067238,0
YLGU0786060,YLGU,078606,0
TWOU9200586,TWOU,920058,6
NUPU8552420,NUPU,855242,0
KYQU1155796,KYQU,115579,6
HGUU0766137,HGUU,076613,7
ESIU2711420,ESIU,271142,0
ZEJU5447792,ZEJU,544779,2
EIOU9060876,EIOU,906087,6
KSNU5814218,KSNU,581421,8
QPIU4721085,QPIU,472108,5
SPBU1775320,SPBU,177532,0
BMTU3979090,BMTU,397909,0
LKCU9283003,LKCU,928300,3
JTOU4123010,JTOU,412301,0
RZEU9742359,RZEU,974235,9
ALQU7150395,ALQU,715039,5
ZUWU0705987,ZUWU,070598,7
EPCU0389549,EPCU,038954,9
CSJU1234495,CSJU,123449,5
OWAU5488511,OWAU,548851,1
XJNU1529877,XJNU,152987,7
JGJU1770546,JGJU,177054,6
KDPU0532652,KDPU,053265,2
THTU9213873,THTU,921387,3
UPLU3244704,UPLU,324470,4
HQWU9815716,HQWU,981571,6
YSNU6951966,YSNU,695196,6
UGYU4846484,UGYU,484648,4
DQTU4279715,DQTU,427971,5
DUEU6413988,DUEU,641398,8
VMUU4916649,VMUU,491664,9
FFRU4348260,FFRU,434826,0
IXAU5995260,IXAU,599526,0
HBZU2168482,HBZU,216848,2
IQVU0459421,IQVU,045942,1
IIEU1183184,IIEU,118318,4
ROIU5859102,ROIU,585910,2
SBWU2423510,SBWU,242351,0
KUMU3011665,KUMU,301166,5
NKGU7323232,NKGU,732323,2
KUDU0093508,KUDU,009350,8
SKLU9710010,SKLU,971001,0
HNJU6712740,HNJU,671274,0
OZHU7786253,OZHU,778625,3
TLMU2011072,TLMU,201107,2
MRJU0851720,MRJU,085172,0
FKXU1914584,FKXU,191458,4
ZDGU4656096,ZDGU,465609,6
RSEU0496270,RSEU,049627,0
FPQU3281872,FPQU,328187,2
BYQU2843326,BYQU,284332,6
FAHU8138614,FAHU,813861,4
WEKU4237724,WEKU,423772,4
ZZEU4934315,ZZEU,493431,5
ZKOU9877665,ZKOU,987766,5
CZBU2552325,CZBU,255232,5
RGSU9677096,RGSU,967709,6
YHUU7947305,YHUU,794730,5
WDGU0575630,WDGU,057563,0
OPPU3065420,OPPU,306542,0
XQRU9261162,XQRU,926116,2
TYNU6180594,TYNU,618059,4
AXNU9061509,AXNU,906150,9
PIPU6427509,PIPU,642750,9
YOQU6956128,YOQU,695612,8
XAAU4480504,XAAU,448050,4
ASQU1834135,ASQU,183413,5
BKYU3153756,BKYU,315375,6
QFSU1793055,QFSU,179305,5
IYKU7514160,IYKU,751416,0
QYJU2206154,QYJU,220615,4
UTAU0951431,UTAU,095143,1
SXQU1935248,SXQU,193524,8
MWEU6239042,MWEU,623904,2
NEZU8330355,NEZU,833035,5
PKWU0633341,PKWU,063334,1
ZVPU3114961,ZVPU,311496,1
SLMU7640288,SLMU,764028,8
WZNU0508824,WZNU,050882,4
WWWU9419605,WWWU,941960,5
PNUU9315754,PNUU,931575,4
RWSU4528560,RWSU,452856,0
KFCU0950486,KFCU,095048,6
CFOU1028438,CFOU,102843,8
TJBU5857830,TJBU,585783,0
IZAU2512613,IZAU,251261,3
USRU7680792,USRU,768079,2
TVEU3011602,TVEU,301160,2
PQMU9277558,PQMU,927755,8
TQFU4662350,TQFU,466235,0
OUBU2381898,OUBU,238189,8
FLBU5433177,FLBU,543317,7
YAIU4846480,YAIU,484648,0
YEWU7427905,YEWU,742790,5
RNEU5294144,RNEU,529414,4
NTMU4447125,NTMU,444712,5
WAFU3607410,WAFU,360741,0
UDQU3718496,UDQU,371849,6
AZNU2731515,AZNU,273151,5
MSLU7851793,MSLU,785179,3
JVQU4880948,JVQU,488094,8
ADZU7891042,ADZU,789104,2
OXGU7293476,OXGU,729347,6
KSIU4060106,KSIU,406010,6
DOLU7115353,DOLU,711535,3
WAPU1183479,WAPU,118347,9
MSPU8616638,MSPU,861663,8
TFKU0920474,TFKU,092047,4
FMFU5868284,FMFU,586828,4
LANU0370754,LANU,037075,4
GMHU5408950,GMHU,540895,0
OMRU4484362,OMRU,448436,2
DRRU9310989,DRRU,931098,9
RTJU3754471,RTJU,375447,1
IVEU3938667,IVEU,393866,7
ADLU3715138,ADLU,371513,8
AHXU4244145,AHXU,424414,5
DJZU8529840,DJZU,852984,0
ASRU4407402,ASRU,440740,2
PUZU8360898,PUZU,836089,8
XXFU2594180,XXFU,259418,0
NUUU6563953,NUUU,656395,3
EFTU1234995,EFTU,123499,5
MUJU5568196,MUJU,556819,6
XVAU0865060,XVAU,086506,0
AGPU8323783,AGPU,832378,3
HYXU9693773,HYXU,969377,3
BAKU1229406,BAKU,122940,6
WAIU6292534,WAIU,629253,4
DDYU5565221,DDYU,556522,1
PZCU2526024,PZCU,252602,4
SNBU9728784,SNBU,972878,4
HBHU9963230,HBHU,996323,0
MAGU9220715,MAGU,922071,5
JBBU0575887,JBBU,057588,7
HYOU6351066,HYOU,635106,6
DYFU7936311,DYFU,793631,1
NJQU1133275,NJQU,113327,5
BJWU0079830,BJWU,007983,0
TENU6035657,TENU,603565,7
PLHU7614181,PLHU,761418,1
VHLU8719006,VHLU,871900,6
BTJU0970419,BTJU,097041,9
WQHU4007642,WQHU,400764,2
OUFU8030663,OUFU,803066,3
URTU4733410,URTU,473341,0
HDVU0031890,HDVU,003189,0
CIBU0827753,CIBU,082775,3
UTFU3274927,UTFU,327492,7
WXGU1082073,WXGU,108207,3
QNVU2260344,QNVU,226034,4
XRGU4375900,XRGU,437590,0
EHDU2331292,EHDU,233129,2
KGAU6528165,KGAU,652816,5
QHTU4688868,QHTU,468886,8
KRUU6217442,KRUU,621744,2
TXSU4303084,TXSU,430308,4
BGDU9715926,BGDU,971592,6
ZZTU2362250,ZZTU,236225,0
QVSU3335943,QVSU,333594,3
UIKU4307908,UIKU,430790,8
ETSU1431030,ETSU,143103,0
KUKU2010241,KUKU,201024,1
DLKU4784558,DLKU,478455,8
IRZU9197870,IRZU,919787,0
KHSU8585195,KHSU,858519,5
OAMU9874586,OAMU,987458,6
ODLU9360533,ODLU,936053,3
NLMU3692442,NLMU,369244,2
KHJU0139354,KHJU,013935,4
ZQLU3495883,ZQLU,349588,3
BBSU7026531,BBSU,702653,1
KAHU7182371,KAHU,718237,1
TXSU6388100,TXSU,638810,0
SZHU0539450,SZHU,053945,0
IIKU6724880,IIKU,672488,0
RTAU8706910,RTAU,870691,0
JDJU7817666,JDJU,781766,6
HACU8027506,HACU,802750,6
CVCU0931692,CVCU,093169,2
NTBU9879236,NTBU,987923,6
MRGU6342993,MRGU,634299,3
YEAU9702712,YEAU,970271,2
EFPU7640678,EFPU,764067,8
XPHU8480652,XPHU,848065,2
COVU6402506,COVU,640250,6
LGVU8838554,LGVU,883855,4
ZADU7958070,ZADU,795807,0
MIKU3455499,MIKU,345549,9
LNNU1675101,LNNU,167510,1
HVUU8945340,HVUU,894534,0
RRGU9193943,RRGU,919394,3
GXDU7256534,GXDU,725653,4
SRAU2811897,SRAU,281189,7
CDJU6782018,CDJU,678201,8
RVBU6542678,RVBU,654267,8
RCAU4574454,RCAU,457445,4
MTBU7447335,MTBU,744733,5
LCAU3179850,LCAU,317985,0
ZAVU9890183,ZAVU,989018,3
XFTU3899664,XFTU,389966,4
HYQU0229320,HYQU,022932,0
SMUU4666700,SMUU,466670,0
GZSU1367743,GZSU,136774,3
FTSU5649417,FTSU,564941,7
ONYU1286220,ONYU,128622,0
YCLU9160493,YCLU,916049,3
IMNU2096937,IMNU,209693,7
FOEU4929723,FOEU,492972,3
YIUU0406147,YIUU,040614,7
LZQU3018857,LZQU,301885,7
NJLU0270568,NJLU,027056,8
LLTU6109147,LLTU,610914,7
GSSU8198342,GSSU,819834,2
QAQU8627295,QAQU,862729,5
RTEU1490258,RTEU,149025,8
NKDU4721735,NKDU,472173,5
CIWU6854174,CIWU,685417,4
XTWU8619177,XTWU,861917,7
TOVU6253121,TOVU,625312,1
OWTU9251186,OWTU,925118,6
KHZU8497935,KHZU,849793,5
DOVU0821609,DOVU,082160,9
GCQU7576049,GCQU,757604,9
HNUU8726480,HNUU,872648,0
FFFU2221052,FFFU,222105,2
AGRU4683496,AGRU,468349,6
RUWU0828371,RUWU,082837,1
SHEU1673488,SHEU,167348,8
XZWU9980309,XZWU,998030,9
ACQU0776537,ACQU,077653,7
ASEU1783998,ASEU,178399,8
EIOU2516856,EIOU,251685,6
OGJU7260606,OGJU,726060,6
XBUU0320646,XBUU,032064,6
JAAU9675660,JAAU,967566,0
TFMU1159864,TFMU,115986,4
FCLU8666894,FCLU,866689,4
GMLU4888451,GMLU,488845,1
OLDU0386696,OLDU,038669,6
BIBU7695426,BIBU,769542,6
OMFU3310013,OMFU,331001,3
VKXU3131727,VKXU,313172,7
BXQU8704368,BXQU,870436,8
MPBU0443330,MPBU,044333,0
PRYU9022181,PRYU,902218,1
BMWU7141453,BMWU,714145,3
QTTU5070420,QTTU,507042,0
XREU3353133,XREU,335313,3
MWMU6545066,MWMU,654506,6
YDVU9750418,YDVU,975041,8
KUKU3832886,KUKU,383288,6
VPLU5478730,VPLU,547873,0
QJXU5416906,QJXU,541690,6
CEFU6139924,CEFU,613992,4
BXIU5961360,BXIU,596136,0
FTTU4544626,FTTU,454462,6
WIEU5842319,WIEU,584231,9
VLTU7767585,VLTU,776758,5
IRSU5666666,IRSU,566666,6
FRFU3403498,FRFU,340349,8
QYYU2295390,QYYU,229539,0
QEHU6867129,QEHU,686712,9
YJSU7221411,YJSU,722141,1
CWHU3380628,CWHU,338062,8
VRUU3932074,VRUU,393207,4
ZLQU0783822,ZLQU,078382,2
LLYU7911400,LLYU,791140,0
HFYU8945639,HFYU,894563,9
SYDU0794552,SYDU,079455,2
YJKU8848260,YJKU,884826,0
GJPU1388486,GJPU,138848,6
BVZU5760041,BVZU,576004,1
DDKU2645372,DDKU,264537,2
JQUU3814950,JQUU,381495,0
PIVU5569905,PIVU,556990,5
GBUU5535038,GBUU,553503,8
ATSU7289607,ATSU,728960,7
DQIU3262313,DQIU,326231,3
YZDU0835710,YZDU,083571,0
MRNU3249269,MRNU,324926,9
QYEU5927069,QYEU,592706,9
UUGU4183827,UUGU,418382,7
TQKU8438178,TQKU,843817,8
GRSU8647903,GRSU,864790,3
OSEU5235718,OSEU,523571,8
HQMU1148833,HQMU,114883,3
YWWU8614390,YWWU,861439,0
PZOU2872997,PZOU,287299,7
SKUU5911257,SKUU,591125,7
RRWU9412142,RRWU,941214,2
HEAU4458904,HEAU,445890,4
ZWAU4133483,ZWAU,413348,3
QCTU7728712,QCTU,772871,2
PVNU9813378,PVNU,981337,8
ABAU6001154,ABAU,600115,4
FFKU1767324,FFKU,176732,4
RAAU3865486,RAAU,386548,6
SVRU2274380,SVRU,227438,0
IHHU0787677,IHHU,078767,7
KBHU0321205,KBHU,032120,5
TGYU3476065,TGYU,347606,5
RMQU4320434,RMQU,432043,4
MFUU3324209,MFUU,332420,9
YTGU8782940,YTGU,878294,0
RFRU9745723,RFRU,974572,3
FNPU1416987,FNPU,141698,7
YEUU8244169,YEUU,824416,9
TXPU7824090,TXPU,782409,0
EWOU2888913,EWOU,288891,3
OKCU0080590,OKCU,008059,0
LTIU3581227,LTIU,358122,7
HNNU7582608,HNNU,758260,8
OQHU2193025,OQHU,219302,5
EYRU1676766,EYRU,167676,6
ITPU6948029,ITPU,694802,9
GCOU2451695,GCOU,245169,5
BNXU2704755,BNXU,270475,5
ZZSU4825896,ZZSU,482589,6
DGZU4954423,DGZU,495442,3
VZUU0876590,VZUU,087659,0
MVUU9338624,MVUU,933862,4
JHNU1874860,JHNU,187486,0
MKXU2968279,MKXU,296827,9
PEUU7231492,PEUU,723149,2
RLRU8340430,RLRU,834043,0
ECIU2080323,ECIU,208032,3
JWTU1624776,JWTU,162477,6
VGXU7899779,VGXU,789977,9
AWAU2767267,AWAU,276726,7
DPAU6108950,DPAU,610895,0
VSSU1430317,VSSU,143031,7
LSMU0700421,LSMU,070042,1
XQPU8133344,XQPU,813334,4
IOFU4869410,IOFU,486941,0
TTPU9703632,TTPU,970363,2
PZFU2667635,PZFU,266763,5
HIYU3298290,HIYU,329829,0
SIIU4966629,SIIU,496662,9
KPMU2753871,KPMU,275387,1
VURU6584594,VURU,658459,4
SJWU0825601,SJWU,082560,1
RRZU4520335,RRZU,452033,5
LLPU8233018,LLPU,823301,8
CDCU3062071,CDCU,306207,1
GYBU4466172,GYBU,446617,2
KVEU7439760,KVEU,743976,0
ZORU0935122,ZORU,093512,2
ILNU6852780,ILNU,685278,0
XWXU8927036,XWXU,892703,6
XNWU0188663,XNWU,018866,3
GORU1988200,GORU,198820,0
JDGU6681677,JDGU,668167,7
XTFU8840297,XTFU,884029,7
ZNEU0666859,ZNEU,066685,9
ZCFU7792573,ZCFU,779257,3
OJXU1802961,OJXU,180296,1
UICU8167359,UICU,816735,9
GURU4439293,GURU,443929,3
CLKU8964726,CLKU,896472,6
VLFU9067647,VLFU,906764,7
DJHU8960197,DJHU,896019,7
UQYU2123491,UQYU,212349,1
EUVU3317208,EUVU,331720,8
MJBU6772217,MJBU,677221,7
FGGU1986680,FGGU,198668,0
ZZOU5081773,ZZOU,508177,3
MRDU8948823,MRDU,894882,3
YHNU7629720,YHNU,762972,0
GKPU4765841,GKPU,476584,1
AOHU7697519,AOHU,769751,9
OFMU0916465,OFMU,091646,5
WPTU3211889,WPTU,321188,9
GPUU1648537,GPUU,164853,7
AOBU1717154,AOBU,171715,4
YFWU9829736,YFWU,982973,6
YYSU5473272,YYSU,547327,2
XLHU7860814,XLHU,786081,4
GXBU3267425,GXBU,326742,5
HIQU5868697,HIQU,586869,7
OYWU8189479,OYWU,818947,9
BDXU2077737,BDXU,207773,7
TAXU6022347,TAXU,602234,7
ZJQU9647776,ZJQU,964777,6
NYEU2846633,NYEU,284663,3
OSSU2294603,OSSU,229460,3
MXUU7097286,MXUU,709728,6
GHYU8255066,GHYU,825506,6
EYTU6719169,EYTU,671916,9
STIU0313361,STIU,031336,1
XHJU0513431,XHJU,051343,1
EPNU5610234,EPNU,561023,4
BZUU4393142,BZUU,439314,2
HYBU3352350,HYBU,335235,0
OWDU8376823,OWDU,837682,3
VBIU5364756,VBIU,536475,6
VXTU3716135,VXTU,371613,5
AOBU3239120,AOBU,323912,0
FMGU5559740,FMGU,555974,0
YNJU4904398,YNJU,490439,8
QZDU7760087,QZDU,776008,7
LYXU1335314,LYXU,133531,4
FYGU6965440,FYGU,696544,0
SGPU3091282,SGPU,309128,2
THBU9745162,THBU,974516,2
LDFU5593441,LDFU,559344,1
SQUU3182312,SQUU,318231,2
PNHU0528378,PNHU,052837,8
RITU2510756,RITU,251075,6
QIWU5768970,QIWU,576897,0
MUZU3683832,MUZU,368383,2
BSDU1204245,BSDU,120424,5
FJFU2792315,FJFU,279231,5
IXJU0291096,IXJU,029109,6
QVZU6387908,QVZU,638790,8
RPCU9519918,RPCU,951991,8
JCSU2229638,JCSU,222963,8
PXYU9949593,PXYU,994959,3
XEDU3664291,XEDU,366429,1
LCHU4835700,LCHU,483570,0
TFGU3883256,TFGU,388325,6
KOIU0549344,KOIU,054934,4
AFBU7614432,AFBU,761443,2
FBQU6527941,FBQU,652794,1
VDCU5313010,VDCU,531301,0
KHBU7481610,KHBU,748161,0
KPRU4422593,KPRU,442259,3
QSBU8800916,QSBU,880091,6
CEYU0030980,CEYU,003098,0
AEYU7235593,AEYU,723559,3
FGLU2789902,FGLU,278990,2
OESU3126016,OESU,312601,6
NUOU0516079,NUOU,051607,9
XAYU7634520,XAYU,763452,0
JUCU9544260,JUCU,954426,0
NLIU6212997,NLIU,621299,7
NRHU1239903,NRHU,123990,3
JAJU2840115,JAJU,284011,5
SMOU9077320,SMOU,907732,0
GKOU0010144,GKOU,001014,4
XXNU2476596,XXNU,247659,6
LQVU6908652,LQVU,690865,2
ZIVU6928379,ZIVU,692837,9
IZLU1694634,IZLU,169463,4
EDPU1101649,EDPU,110164,9
PTKU4299482,PTKU,429948,2
UECU1346967,UECU,134696,7
AAOU1163877,AAOU,116387,7
RDJU8081515,RDJU,808151,5
VKZU3172425,VKZU,317242,5
QSKU6247240,QSKU,624724,0
WKSU5459490,WKSU,545949,0
QUWU4781667,QUWU,478166,7
VMBU5871398,VMBU,587139,8
GVDU4051389,GVDU,405138,9
EBRU8097755,EBRU,809775,5
AUSU7865371,AUSU,786537,1
GOJU2304700,GOJU,230470,0
NFWU0508204,NFWU,050820,4
RHXU0677817,RHXU,067781,7
WELU0289748,WELU,028974,8
ZFPU4137038,ZFPU,413703,8
JWYU7726416,JWYU,772641,6
BDSU9314886,BDSU,931488,6
SKWU3559657,SKWU,355965,7
OBYU0087810,OBYU,008781,0
CFWU2095726,CFWU,209572,6
QWTU0562050,QWTU,056205,0
MDDU8389224,MDDU,838922,4
FDPU6851652,FDPU,685165,2
VZKU0873586,VZKU,087358,6
SYMU5640324,SYMU,564032,4
JEZU1293830,JEZU,129383,0
FCQU5757047,FCQU,575704,7
VKXU5592292,VKXU,559229,2
ULCU1914188,ULCU,191418,8
BSPU2105331,BSPU,210533,1
WESU1376009,WESU,137600,9
GJKU1380966,GJKU,138096,6
BSPU3753560,BSPU,375356,0
DPPU2863240,DPPU,286324,0
FGMU7256140,FGMU,725614,0
KYYU4749407,KYYU,474940,7
EMJU2268470,EMJU,226847,0
BQOU2790789,BQOU,279078,9
EVBU2700617,EVBU,270061,7
SHKU8976111,SHKU,897611,1
CCBU9655947,CCBU,965594,7
XSWU7712318,XSWU,771231,8
KBYU5746480,KBYU,574648,0
NHVU6462230,NHVU,646223,0
KSBU5705117,KSBU,570511,7
UVOU4411179,UVOU,441117,9
QIBU3506180,QIBU,350618,0
VVVU8675859,VVVU,867585,9
YRHU9025128,YRHU,902512,8
APIU8147317,APIU,814731,7
VQNU2414561,VQNU,241456,1
ECDU5352406,ECDU,535240,6
ZZFU9048360,ZZFU,904836,0
VJBU9025765,VJBU,902576,5
MEGU2444060,MEGU,244406,0
CNUU4641293,CNUU,464129,3
CQGU7397427,CQGU,739742,7
KEDU6661775,KEDU,666177,5
QCYU3145299,QCYU,314529,9
PJGU0528462,PJGU,052846,2
JVKU0571267,JVKU,057126,7
RPEU8508583,RPEU,850858,3
ZSKU4307816,ZSKU,430781,6
OATU1287459,OATU,128745,9
FNVU8628073,FNVU,862807,3
VLZU5706550,VLZU,570655,0
WQXU4314454,WQXU,431445,4
HLNU2516955,HLNU,251695,5
KCBU2178829,KCBU,217882,9
CUQU8502294,CUQU,850229,4
FKDU9098363,FKDU,909836,3
KYDU7941554,KYDU,794155,4
NTAU7474210,NTAU,747421,0
NHJU7689464,NHJU,768946,4
CWGU4451928,CWGU,445192,8
AXRU9619827,AXRU,961982,7
PVQU3926790,PVQU,392679,0
QLLU9756076,QLLU,975607,6
NDAU9071281,NDAU,907128,1
YQWU7057975,YQWU,705797,5
AOVU0393148,AOVU,039314,8
PDQU0604469,PDQU,060446,9
LIZU7167064,LIZU,716706,4
YQKU2807309,YQKU,280730,9
BXOU5336162,BXOU,533616,2
CMAU0714337,CMAU,071433,7
IPEU6241950,IPEU,624195,0
QYNU5673715,QYNU,567371,5
KVZU6760050,KVZU,676005,0
RHTU7104660,RHTU,710466,0
KATU6569131,KATU,656913,1
WCAU8305438,WCAU,830543,8
OLWU8417399,OLWU,841739,9
QKAU1953695,QKAU,195369,5
UNFU5382745,UNFU,538274,5
BIHU3435485,BIHU,343548,5
UZUU6005650,UZUU,600565,0
ZQTU2305859,ZQTU,230585,9
EURU2162280,EURU,216228,0
GZJU3807207,GZJU,380720,7
PEEU6598389,PEEU,659838,9
TBUU8740471,TBUU,874047,1
IBQU0142354,IBQU,014235,4
UMXU2918563,UMXU,291856,3
DFWU3285932,DFWU,328593,2
QKLU1170547,QKLU,117054,7
YLMU2868179,YLMU,286817,9
OQNU6164355,OQNU,616435,5
TQGU4000321,TQGU,400032,1
PGSU4556504,PGSU,455650,4
CSTU1895181,CSTU,189518,1
ZFZU9762064,ZFZU,976206,4
WYPU5437565,WYPU,543756,5
AFMU8281284,AFMU,828128,4
KMFU2242537,KMFU,224253,7
LWPU2973370,LWPU,297337,0
EHKU1601064,EHKU,160106,4
AISU2589960,AISU,258996,0
WVOU0786082,WVOU,078608,2
JYCU6689607,JYCU,668960,7
CJOU3859952,CJOU,385995,2
KWSU2129938,KWSU,212993,8
LQJU8916574,LQJU,891657,4
DZPU6780340,DZPU,678034,0
MZEU8236393,MZEU,823639,3
NUIU2277131,NUIU,227713,1
GIQU6374954,GIQU,637495,4
DCKU5183466,DCKU,518346,6
EUTU2039930,EUTU,203993,0
BDEU6020836,BDEU,602083,6
WIWU5619709,WIWU,561970,9
KKXU4447718,KKXU,444771,8
RPSU3323827,RPSU,332382,7
TLRU5969632,TLRU,596963,2
NMNU5931011,NMNU,593101,1
AZHU3664118,AZHU,366411,8
HDUU8381732,HDUU,838173,2
CICU7148911,CICU,714891,1
BVPU1095848,BVPU,109584,8
UBPU8345649,UBPU,834564,9
OXJU5592442,OXJU,559244,2
QSJU5243014,QSJU,524301,4
LJGU7160147,LJGU,716014,7
JHXU3776292,JHXU,377629,2
WVRU2347177,WVRU,234717,7
LMLU3934389,LMLU,393438,9
SQYU0470294,SQYU,047029,4
XOSU4043105,XOSU,404310,5
BRGU8981821,BRGU,898182,1
XRRU4701424,XRRU,470142,4
PHVU6043934,PHVU,604393,4
XKPU2795417,XKPU,279541,7
OZGU2532592,OZGU,253259,2
SKBU0721117,SKBU,072111,7
YQUU1365558,YQUU,136555,8
RNWU1086490,RNWU,108649,0
QSIU2935951,QSIU,293595,1
BCHU7590494,BCHU,759049,4
WVJU2075543,WVJU,207554,3
JBQU1665155,JBQU,166515,5
YMPU6926548,YMPU,692654,8
RXVU6504861,RXVU,650486,1
OKPU6926096,OKPU,692609,6
FDZU6775640,FDZU,677564,0
MOFU6382718,MOFU,638271,8
HWOU8407155,HWOU,840715,5
HZPU4329140,HZPU,432914,0
IHGU8551920,IHGU,855192,0
QJZU9536933,QJZU,953693,3
FIRU1844533,FIRU,184453,3
WQLU6614833,WQLU,661483,3
QZSU7635340,QZSU,763534,0
CKIU4560812,CKIU,456081,2
JOJU7359225,JOJU,735922,5
JQCU7688975,JQCU,768897,5
WVIU8955630,WVIU,895563,0
OCSU2126580,OCSU,212658,0
SPTU3415131,SPTU,341513,1
GYYU0680989,GYYU,068098,9
EFGU3712990,EFGU,371299,0
TLLU7159053,TLLU,715905,3
KFWU0456977,KFWU,045697,7
FSIU2306480,FSIU,230648,0
MSJU4651379,MSJU,465137,9
DGXU3443490,DGXU,344349,0
LEBU6052140,LEBU,605214,0
HCVU4855171,HCVU,485517,1
UEIU5803127,UEIU,580312,7
SDKU6603132,SDKU,660313,2
USTU4939450,USTU,493945,0
JZYU2625748,JZYU,262574,8
FZMU2165169,FZMU,216516,9
DBVU9771102,DBVU,977110,2
CBFU4198542,CBFU,419854,2
TJUU9557475,TJUU,955747,5
FZTU6823540,FZTU,682354,0
IXUU1922369,IXUU,192236,9
OCIU8636298,OCIU,863629,8
HZQU0091145,HZQU,009114,5
CUYU3166081,CUYU,316608,1
RQTU6613506,RQTU,661350,6
TTNU1293513,TTNU,129351,3
SIWU0000717,SIWU,000071,7
BZNU1820440,BZNU,182044,0
JFFU2238491,JFFU,223849,1
IQHU0671371,IQHU,067137,1
JLTU8873850,JLTU,887385,0
OLTU0483682,OLTU,048368,2
HBEU1082360,HBEU,108236,0
QMCU1418782,QMCU,141878,2
PHXU4483063,PHXU,448306,3
RBDU5864018,RBDU,586401,8
NGAU0306164,NGAU,030616,4
SUGU1798298,SUGU,179829,8
MQGU6747644,MQGU,674764,4
UHYU0743896,UHYU,074389,6
GRGU5262412,GRGU,526241,2
ABHU7089257,ABHU,708925,7
FDEU4499620,FDEU,449962,0
IXQU7394536,IXQU,739453,6
NIIU8768340,NIIU,876834,0
PHXU3578225,PHXU,357822,5
YTXU1015293,YTXU,101529,3
PJLU9647926,PJLU,964792,6
CGRU4060591,CGRU,406059,1
HLDU8075672,HLDU,807567,2
QZQU4962038,QZQU,496203,8
ZTXU1408223,ZTXU,140822,3
JSWU4452866,JSWU,445286,6
WLSU3279511,WLSU,327951,1
YLZU1522109,YLZU,152210,9
BKEU9561483,BKEU,956148,3
ZLWU0211566,ZLWU,021156,6
PKYU1457250,PKYU,145725,0
NNAU2779999,NNAU,277999,9
WGJU4988047,WGJU,498804,7
KKSU2388321,KKSU,238832,1
LZVU3898245,LZVU,389824,5
FFBU4949037,FFBU,494903,7
PJCU0816910,PJCU,081691,0
NVTU3291065,NVTU,329106,5
TUMU3321715,TUMU,332171,5
KSJU6952358,KSJU,695235,8
BGOU8180377,BGOU,818037,7
TRRU7876648,TRRU,787664,8
LEGU5249473,LEGU,524947,3
MKYU5584985,MKYU,558498,5
ENBU7624299,ENBU,762429,9
RQWU8445216,RQWU,844521,6
TLZU7685849,TLZU,768584,9
TICU5589175,TICU,558917,5
DCXU6635987,DCXU,663598,7
HMUU7184850,HMUU,718485,0
KJGU4759119,KJGU,475911,9
TIOU6778843,TIOU,677884,3
RJNU3327400,RJNU,332740,0
IUFU1551621,IUFU,155162,1
KIVU7258698,KIVU,725869,8
KKYU4823296,KKYU,482329,6
ONTU5293159,ONTU,529315,9
DJJU0207950,DJJU,020795,0
ESRU0298490,ESRU,029849,0
ITMU2798531,ITMU,279853,1
XFTU2031604,XFTU,203160,4
MKAU2343203,MKAU,234320,3
QJTU0523483,QJTU,052348,3
SPFU6425817,SPFU,642581,7
AFGU4726437,AFGU,472643,7
UNIU8879253,UNIU,887925,3
JBRU6040483,JBRU,604048,3
QEQU6617276,QEQU,661727,6
MBEU3156549,MBEU,315654,9
NROU6608670,NROU,660867,0
GCOU3826374,GCOU,382637,4
OHGU4572387,OHGU,457238,7
ONUU1771551,ONUU,177155,1
OLQU5393636,OLQU,539363,6
ZVEU2971349,ZVEU,297134,9
YFBU1478420,YFBU,147842,0
RDDU9841863,RDDU,984186,3
JYNU5033351,JYNU,503335,1
BPFU9586613,BPFU,958661,3
HZLU7326270,HZLU,732627,0
EQVU9631060,EQVU,963106,0
OGQU7282883,OGQU,728288,3
PXEU6099243,PXEU,609924,3
IMMU5511787,IMMU,551178,7
QZKU4993861,QZKU,499386,1
XXPU9161411,XXPU,916141,1
EBDU2258734,EBDU,225873,4
KHZU3575697,KHZU,357569,7
TTVU4812507,TTVU,481250,7
XCLU0643550,XCLU,064355,0
TIUU6111913,TIUU,611191,3
HDAU1751075,HDAU,175107,5
QZCU3214741,QZCU,321474,1
IEIU5229188,IEIU,522918,8
RVGU6082800,RVGU,608280,0
LFQU0826023,LFQU,082602,3
TILU0999342,TILU,099934,2
UKJU8971469,UKJU,897146,9
AQNU8691860,AQNU,869186,0
NCRU2589255,NCRU,258925,5
NPCU7142884,NPCU,714288,4
PYUU6467890,PYUU,646789,0
TQDU3551437,TQDU,355143,7
CZTU5932966,CZTU,593296,6
RXEU2232107,RXEU,223210,7
DLIU9030872,DLIU,903087,2
LYGU3177501,LYGU,317750,1
RFEU7896416,RFEU,789641,6
VXLU8132053,VXLU,813205,3
UKOU1419043,UKOU,141904,3
NSMU9472664,NSMU,947266,4
ZFSU7709708,ZFSU,770970,8
WQNU3711014,WQNU,371101,4
KIRU5086586,KIRU,508658,6
TCOU0700976,TCOU,070097,6
KSWU9969826,KSWU,996982,6
DGSU3364151,DGSU,336415,1
JOVU3498558,JOVU,349855,8
GNSU1141937,GNSU,114193,7
FMTU2104651,FMTU,210465,1
ILAU3275268,ILAU,327526,8
TEZU8784590,TEZU,878459,0
ZDMU8395761,ZDMU,839576,1
SEIU7587391,SEIU,758739,1
VVFU3472982,VVFU,347298,2
YZGU9691019,YZGU,969101,9
FFGU8654921,FFGU,865492,1
VNPU2795222,VNPU,279522,2
JFOU5549873,JFOU,554987,3
HFKU5227141,HFKU,522714,1
NYUU4053081,NYUU,405308,1
EVZU7119451,EVZU,711945,1
VLLU2670280,VLLU,267028,0
IZRU6146445,IZRU,614644,5
GMNU2120332,GMNU,212033,2
CALU8549544,CALU,854954,4
SHOU7146397,SHOU,714639,7
XZDU0596298,XZDU,059629,8
XSPU6740065,XSPU,674006,5
GHAU9155633,GHAU,915563,3
ELGU4318941,ELGU,431894,1
OTBU0943802,OTBU,094380,2
URIU2999198,URIU,299919,8
YLBU8172760,YLBU,817276,0
XBXU2866245,XBXU,286624,5
HEIU1408559,HEIU,140855,9
FGDU5498913,FGDU,549891,3
CEVU5303685,CEVU,530368,5
WHFU3946553,WHFU,394655,3
WBMU8312360,WBMU,831236,0
MTJU4108846,MTJU,410884,6
HSEU9614055,HSEU,961405,5
JQDU9147274,JQDU,914727,4
FMXU5780792,FMXU,578079,2
OTDU0928507,OTDU,092850,7
MGAU4018118,MGAU,401811,8
VVYU9780459,VVYU,978045,9
VHPU1128562,VHPU,112856,2
DPTU2990933,DPTU,299093,3
QIBU1488473,QIBU,148847,3
IVFU2239550,IVFU,223955,0
VMOU9717822,VMOU,971782,2
QXAU8149120,QXAU,814912,0
WVUU8848393,WVUU,884839,3
FGNU0763320,FGNU,076332,0
MAZU2032100,MAZU,203210,0
VZXU7212807,VZXU,721280,7
BLWU1979724,BLWU,197972,4
IHBU1602436,IHBU,160243,6
YKRU1983486,YKRU,198348,6
OMBU3892645,OMBU,389264,5
OVPU0520992,OVPU,052099,2
PVPU8802967,PVPU,880296,7
FHUU8859405,FHUU,885940,5
ZABU2919264,ZABU,291926,4
WHUU1248356,WHUU,124835,6
HSHU0265879,HSHU,026587,9
XKZU6639650,XKZU,663965,0
SFTU9661301,SFTU,966130,1
KYJU9879850,KYJU,987985,0
YQQU3675692,YQQU,367569,2
QPMU1191544,QPMU,119154,4
YQJU6567619,YQJU,656761,9
OZOU3941854,OZOU,394185,4
EWAU0777281,EWAU,077728,1
ZDFU4120582,ZDFU,412058,2
JHDU0386048,JHDU,038604,8
GFEU9229495,GFEU,922949,5
TCOU5950577,TCOU,595057,7
FISU5948165,FISU,594816,5
DGIU0514540,DGIU,051454,0
FQFU3712155,FQFU,371215,5
MGQU9149841,MGQU,914984,1
XVAU5562112,XVAU,556211,2
UXZU8870091,UXZU,887009,1
VXLU3135532,VXLU,313553,2
VKLU0552176,VKLU,055217,6
ELIU9890812,ELIU,989081,2
IEOU7864634,IEOU,786463,4
ZEOU4347260,ZEOU,434726,0
GCCU0067050,GCCU,006705,0
VWEU3755954,VWEU,375595,4
VLUU2711421,VLUU,271142,1
DCCU0488416,DCCU,048841,6
VMOU8335363,VMOU,833536,3
SFIU4532484,SFIU,453248,4
EHTU0953154,EHTU,095315,4
TLGU8300668,TLGU,830066,8
DRRU5105420,DRRU,510542,0
TEFU8339872,TEFU,833987,2
AHKU7569319,AHKU,756931,9
ONKU9542870,ONKU,954287,0
JLYU3315518,JLYU,331551,8
GTEU8402833,GTEU,840283,3
LQXU8248370,LQXU,824837,0
AVDU2617845,AVDU,261784,5
IAOU3747522,IAOU,374752,2
LCUU9083669,LCUU,908366,9
VFXU2035592,VFXU,203559,2
FMVU5797838,FMVU,579783,8
QBAU0148524,QBAU,014852,4
EWYU4533738,EWYU,453373,8
GBAU8212980,GBAU,821298,0
SXQU1364730,SXQU,136473,0
PWNU4700051,PWNU,470005,1
VROU7215104,VROU,721510,4
QATU6971825,QATU,697182,5
GAWU6030686,GAWU,603068,6
UPLU7270276,UPLU,727027,6
QZFU2474405,QZFU,247440,5
VQCU0751050,VQCU,075105,0
CTRU8136181,CTRU,813618,1
ENLU3151198,ENLU,315119,8
MCRU8610298,MCRU,861029,8
BEQU3802126,BEQU,380212,6
BRUU5744498,BRUU,574449,8
HJOU4024470,HJOU,402447,0
LRLU7342031,LRLU,734203,1
DCEU2921733,DCEU,292173,3
YOTU8327402,YOTU,832740,2
ACBU4780199,ACBU,478019,9
SZWU4584320,SZWU,458432,0
EPKU0301270,EPKU,030127,0
MZYU3295346,MZYU,329534,6
DMMU5689584,DMMU,568958,4
KBHU5162148,KBHU,516214,8
WWEU3544340,WWEU,354434,0
OKEU9098392,OKEU,909839,2
REBU5348302,REBU,534830,2
YEEU2443829,YEEU,244382,9
IDOU3810279,IDOU,381027,9
XSDU1582062,XSDU,158206,2
OQKU4723280,OQKU,472328,0
GPZU3304255,GPZU,330425,5
BVBU1129460,BVBU,112946,0
CSLU6925079,CSLU,692507,9
GUGU0198208,GUGU,019820,8
NVZU1112377,NVZU,111237,7
ETTU5177648,ETTU,517764,8
GIOU5328411,GIOU,532841,1
QNMU7209138,QNMU,720913,8
TQLU9759230,TQLU,975923,0
INHU0105039,INHU,010503,9
COJU0059235,COJU,005923,5
PKFU0544158,PKFU,054415,8
JWOU3498513,JWOU,349851,3
DDMU0908470,DDMU,090847,0
IJYU3438943,IJYU,343894,3
KULU3790366,KULU,379036,6
QADU7325509,QADU,732550,9
LQAU5938022,LQAU,593802,2
QCQU5111124,QCQU,511112,4
JSJU0615873,JSJU,061587,3
SBQU8753724,SBQU,875372,4
CDYU9921422,CDYU,992142,2
VPBU2008389,VPBU,200838,9
OZLU3458547,OZLU,345854,7
WLHU3282044,WLHU,328204,4
WNOU1819570,WNOU,181957,0
KYUU5309282,KYUU,530928,2
TBMU0683289,TBMU,068328,9
JDTU1344592,JDTU,134459,2
DXBU5136550,DXBU,513655,0
DVGU9427733,DVGU,942773,3
ITJU7686041,ITJU,768604,1
YSPU9221320,YSPU,922132,0
PZLU1498990,PZLU,149899,0
ANJU1857702,ANJU,185770,2
RKHU7855274,RKHU,785527,4
SJOU1670142,SJOU,167014,2
LZLU4514724,LZLU,451472,4
WDQU7166886,WDQU,716688,6
WIIU4481237,WIIU,448123,7
UTKU2285843,UTKU,228584,3
VGYU3364664,VGYU,336466,4
JAPU9529081,JAPU,952908,1
BFHU2388892,BFHU,238889,2
WGJU8454707,WGJU,845470,7
IAKU9413843,IAKU,941384,3
PEXU4818794,PEXU,481879,4
QRIU5992043,QRIU,599204,3
BMYU0136426,BMYU,013642,6
WOWU6671345,WOWU,667134,5
NZLU1097608,NZLU,109760,8
LNBU6430927,LNBU,643092,7
EWSU1942568,EWSU,194256,8
IVEU4224155,IVEU,422415,5
AIIU7540691,AIIU,754069,1
XTYU4815374,XTYU,481537,4
DDBU5367673,DDBU,536767,3
HISU3158440,HISU,315844,0
YQDU9986242,YQDU,998624,2
DXCU8413380,DXCU,841338,0
VBNU5266350,VBNU,526635,0
VSXU6311610,VSXU,631161,0
JRNU9226101,JRNU,922610,1
JPQU0087888,JPQU,008788,8
FSHU2032806,FSHU,203280,6
VIUU4820553,VIUU,482055,3
SOOU6620675,SOOU,662067,5
GAUU7364223,GAUU,736422,3
VIYU9016470,VIYU,901647,0
IABU5333963,IABU,533396,3
GSIU8223390,GSIU,822339,0
LBQU5255676,LBQU,525567,6
FMDU1839974,FMDU,183997,4
JXOU5304310,JXOU,530431,0
NNYU4669469,NNYU,466946,9
VSJU0240717,VSJU,024071,7
PVUU3210731,PVUU,321073,1
JMTU7070310,JMTU,707031,0
RVCU2961181,RVCU,296118,1
AEBU8164702,AEBU,816470,2
HPCU7338124,HPCU,733812,4
QPGU6902188,QPGU,690218,8
FVEU4895295,FVEU,489529,5
GBBU2127512,GBBU,212751,2
EQWU2677248,EQWU,267724,8
FNDU3042467,FNDU,304246,7
EFKU9790422,EFKU,979042,2
EEIU5710327,EEIU,571032,7
UMKU5878557,UMKU,587855,7
YBVU6627216,YBVU,662721,6
ZUNU2493514,ZUNU,249351,4
CWSU7599433,CWSU,759943,3
FQMU6614830,FQMU,661483,0
IYCU9076784,IYCU,907678,4
MXGU2853262,MXGU,285326,2
EMWU7208251,EMWU,720825,1
HUMU8811631,HUMU,881163,1
WOHU6959303,WOHU,695930,3
EFEU4255150,EFEU,425515,0
GLGU9753080,GLGU,975308,0
OMKU4434526,OMKU,443452,6
RYMU2761569,RYMU,276156,9
QEJU1607300,QEJU,160730,0
ROQU3835927,ROQU,383592,7
LSJU6464490,LSJU,646449,0
WHFU5918484,WHFU,591848,4
RLQU9054232,RLQU,905423,2
MQEU5708820,MQEU,570882,0
KABU9194277,KABU,919427,7
NTMU9749750,NTMU,974975,0
RNBU0563677,RNBU,056367,7
XOUU8154505,XOUU,815450,5
RJQU2998718,RJQU,299871,8
ZGEU4576255,ZGEU,457625,5
CHUU9105876,CHUU,910587,6
NNHU3613240,NNHU,361324,0
BWEU0120950,BWEU,012095,0
MFJU2766028,MFJU,276602,8
SCPU4566493,SCPU,456649,3
SAHU8120937,SAHU,812093,7
NBRU5052550,NBRU,505255,0
ODBU3076010,ODBU,307601,0
KRIU4704594,KRIU,470459,4
ESUU1820871,ESUU,182087,1
TKDU8526624,TKDU,852662,4
HNIU5509170,HNIU,550917,0
KJFU2476266,KJFU,247626,6
LICU5933236,LICU,593323,6
RKQU7864122,RKQU,786412,2
MKUU8384679,MKUU,838467,9
TSHU7464853,TSHU,746485,3
DJYU1181785,DJYU,118178,5
JDBU7732451,JDBU,773245,1
HWOU9415849,HWOU,941584,9
DMYU0305560,DMYU,030556,0
JLDU8875511,JLDU,887551,1
QLWU9963159,QLWU,996315,9
VBSU5899932,VBSU,589993,2
PFGU0655238,PFGU,065523,8
SRWU1561639,SRWU,156163,9
FLOU3279079,FLOU,327907,9
JBAU9523399,JBAU,952339,9
WWRU6996941,WWRU,699694,1
CDGU2007109,CDGU,200710,9
BMAU0719512,BMAU,071951,2
YCIU1149404,YCIU,114940,4
UWTU2261716,UWTU,226171,6
TJCU6482265,TJCU,648226,5
YJPU7489717,YJPU,748971,7
WIPU8631838,WIPU,863183,8
CTKU1110993,CTKU,111099,3
DDXU2630227,DDXU,263022,7
LBXU6437329,LBXU,643732,9
QWZU7294777,QWZU,729477,7
FTWU8008930,FTWU,800893,0
QCGU7429860,QCGU,742986,0
PFOU5743550,PFOU,574355,0
DUOU8583176,DUOU,858317,6
JYAU7711258,JYAU,771125,8
IPNU1000509,IPNU,100050,9
HCTU7314056,HCTU,731405,6
OCGU7631313,OCGU,763131,3
QAKU6279997,QAKU,627999,7
JGCU0299740,JGCU,029974,0
QZIU7048131,QZIU,704813,1
ZWAU8647942,ZWAU,864794,2
FLTU5717341,FLTU,571734,1
AXUU6478583,AXUU,647858,3
BXGU1701536,BXGU,170153,6
XWHU9105943,XWHU,910594,3
SEYU5338604,SEYU,533860,4
VCUU5149731,VCUU,514973,1
TXCU6012337,TXCU,601233,7
HFUU5481053,HFUU,548105,3
NSFU4970500,NSFU,497050,0
HACU2675440,HACU,267544,0
WJXU0253398,WJXU,025339,8
XPTU3115443,XPTU,311544,3
SZJU7866956,SZJU,786695,6
UVBU0720076,UVBU,072007,6
JMMU0208676,JMMU,020867,6
ETOU5785439,ETOU,578543,9
ACFU9420950,ACFU,942095,0
LHAU5880323,LHAU,588032,3
NVWU6466541,NVWU,646654,1
URTU0303365,URTU,030336,5
VOAU2808130,VOAU,280813,0
KBOU5000151,KBOU,500015,1
YYDU8516718,YYDU,851671,8
OBUU1177211,OBUU,117721,1
KHAU7874293,KHAU,787429,3
ETOU6681090,ETOU,668109,0
TCBU5852728,TCBU,585272,8
HXBU1024875,HXBU,102487,5
FNRU1672060,FNRU,167206,0
LGYU7902182,LGYU,790218,2
ZZCU2022893,ZZCU,202289,3
UEXU4021254,UEXU,402125,4
KQDU7076070,KQDU,707607,0
ZNKU0625574,ZNKU,062557,4
KHZU3525700,KHZU,352570,0
INMU8990999,INMU,899099,9
MLRU8966693,MLRU,896669,3
NIKU2837944,NIKU,283794,4
AXBU9810554,AXBU,981055,4
SIAU4619123,SIAU,461912,3
XQDU8862523,XQDU,886252,3
XCUU4774253,XCUU,477425,3
EAYU6917444,EAYU,691744,4
ELOU2065050,ELOU,206505,0
MWCU0003406,MWCU,000340,6
BOGU9821170,BOGU,982117,0
FSHU6203640,FSHU,620364,0
TBXU6229390,TBXU,622939,0
TAEU5139332,TAEU,513933,2
NWIU0081510,NWIU,008151,0
QGMU3601634,QGMU,360163,4
ULQU5127333,ULQU,512733,3
XNQU2147360,XNQU,214736,0
LXCU5426736,LXCU,542673,6
LFSU5098442,LFSU,509844,2
SOLU8301547,SOLU,830154,7
CAMU7918148,CAMU,791814,8
YOTU0298226,YOTU,029822,6
VEOU2674677,VEOU,267467,7
CLFU5934709,CLFU,593470,9
TZNU7744324,TZNU,774432,4
FCIU4648769,FCIU,464876,9
MUUU9667061,MUUU,966706,1
JJBU1682734,JJBU,168273,4
ZFBU8584831,ZFBU,858483,1
CVFU4518461,CVFU,451846,1
WSDU4458239,WSDU,445823,9
YEFU1952297,YEFU,195229,7
FEOU2746976,FEOU,274697,6
LURU7950717,LURU,795071,7
SGKU4092810,SGKU,409281,0
TKUU5646719,TKUU,564671,9
CMNU1910350,CMNU,191035,0
VMYU4517436,VMYU,451743,6
RKYU2718576,RKYU,271857,6
TDEU2402397,TDEU,240239,7
NVQU9272396,NVQU,927239,6
UAFU8216416,UAFU,821641,6
ORPU2967698,ORPU,296769,8
MVCU7678246,MVCU,767824,6
IIWU1317157,IIWU,131715,7
OUAU0764530,OUAU,076453,0
FNIU0341776,FNIU,034177,6
IABU6705073,IABU,670507,3
KGHU0321122,KGHU,032112,2
GWXU7438481,GWXU,743848,1
YWKU9827228,YWKU,982722,8
UOZU7773587,UOZU,777358,7
IUNU7724120,IUNU,772412,0
FRYU2735597,FRYU,273559,7
EKKU9935799,EKKU,993579,9
XJQU3883854,XJQU,388385,4
LJTU3702723,LJTU,370272,3
PXNU6827350,PXNU,682735,0
ZJCU5276482,ZJCU,527648,2
GEBU9287668,GEBU,928766,8
JYJU0310820,JYJU,031082,0
OHMU0348733,OHMU,034873,3
XROU3627580,XROU,362758,0
SAIU5560216,SAIU,556021,6
GEAU9638425,GEAU,963842,5
OQNU8967973,OQNU,896797,3
UCDU2581528,UCDU,258152,8
AZGU5994970,AZGU,599497,0
HGQU5827014,HGQU,582701,4
MKOU4429963,MKOU,442996,3
UNQU0617748,UNQU,061774,8
DFBU4376144,DFBU,437614,4
KYYU1103780,KYYU,110378,0
KZTU5509761,KZTU,550976,1
WPFU0373990,WPFU,037399,0
EVDU2943390,EVDU,294339,0
FIVU7422317,FIVU,742231,7
PAHU7967570,PAHU,796757,0
MQWU5114992,MQWU,511499,2
WYRU7192134,WYRU,719213,4
VCDU7265735,VCDU,726573,5
LURU7067997,LURU,706799,7
CCHU0287717,CCHU,028771,7
KCOU3338835,KCOU,333883,5
VHQU5502930,VHQU,550293,0
YXOU0566735,YXOU,056673,5
CSHU1812446,CSHU,181244,6
LVQU8237125,LVQU,823712,5
PNWU9422012,PNWU,942201,2
DDHU8660440,DDHU,866044,0
MQLU7213809,MQLU,721380,9
VHYU9855203,VHYU,985520,3
AIFU7129972,AIFU,712997,2
LQAU1609369,LQAU,160936,9
WLXU3693225,WLXU,369322,5
QKOU0868895,QKOU,086889,5
JWYU8507897,JWYU,850789,7
PAZU7507198,PAZU,750719,8
FJIU5948927,FJIU,594892,7
THUU7387376,THUU,738737,6
IFYU7340691,IFYU,734069,1
MGRU3291446,MGRU,329144,6
ISSU2044676,ISSU,204467,6
HFPU2979661,HFPU,297966,1
OWFU5615095,OWFU,561509,5
AOTU0569220,AOTU,056922,0
GMQU3686243,GMQU,368624,3
HFSU8845655,HFSU,884565,5
NYUU7559474,NYUU,755947,4
NBBU6062628,NBBU,606262,8
TVIU8051032,TVIU,805103,2
PDNU7946267,PDNU,794626,7
KWHU1392592,KWHU,139259,2
LEDU5574723,LEDU,557472,3
DFMU9751067,DFMU,975106,7
UHMU0509026,UHMU,050902,6
ZJVU4461667,ZJVU,446166,7
FZXU8869847,FZXU,886984,7
EVGU8876448,EVGU,887644,8
ALSU9963730,ALSU,996373,0
LJWU2424659,LJWU,242465,9
SBRU0061404,SBRU,006140,4
HHEU8952190,HHEU,895219,0
KOTU5740233,KOTU,574023,3
OMVU1376439,OMVU,137643,9
HNUU7342109,HNUU,734210,9
AAPU8579900,AAPU,857990,0
KORU7032030,KORU,703203,0
ZAWU5392247,ZAWU,539224,7
BIMU4771995,BIMU,477199,5
SJHU7665205,SJHU,766520,5
LZMU5462125,LZMU,546212,5
MBFU9735500,MBFU,973550,0
IRSU2038959,IRSU,203895,9
MQCU9674207,MQCU,967420,7
EYZU1121380,EYZU,112138,0
FBWU2370572,FBWU,237057,2
JOUU0717188,JOUU,071718,8
QTHU0543899,QTHU,054389,9
OVIU6604319,OVIU,660431,9
AGFU7892614,AGFU,789261,4
IPNU5001761,IPNU,500176,1
YZLU2656168,YZLU,265616,8
ZAQU7182835,ZAQU,718283,5
JYJU2434497,JYJU,243449,7
ZJFU3052294,ZJFU,305229,4
VUJU8571567,VUJU,857156,7
JSLU3021048,JSLU,302104,8
JIXU9964149,JIXU,996414,9
XOQU7079378,XOQU,707937,8
DJEU3518999,DJEU,351899,9
VYRU8605653,VYRU,860565,3
VRHU6862792,VRHU,686279,2
PAWU5430835,PAWU,543083,5
GSVU2522654,GSVU,252265,4
SYEU1895026,SYEU,189502,6
CJOU0766820,CJOU,076682,0
OHIU4327480,OHIU,432748,0
GXOU3446294,GXOU,344629,4
WWOU9566666,WWOU,956666,6
MESU1664453,MESU,166445,3
MCNU7595131,MCNU,759513,1
GZQU4810800,GZQU,481080,0
GGSU3595127,GGSU,359512,7
OUTU6179040,OUTU,617904,0
YSKU8954954,YSKU,895495,4
KQTU0311409,KQTU,031140,9
VZJU1807137,VZJU,180713,7
DDJU5957597,DDJU,595759,7
BQGU2102604,BQGU,210260,4
BXNU4048173,BXNU,404817,3
GWFU0669085,GWFU,066908,5
FYPU6365945,FYPU,636594,5
VHKU6322413,VHKU,632241,3
ZLMU4595346,ZLMU,459534,6
UVAU5373305,UVAU,537330,5
WOMU7736991,WOMU,773699,1
ZNTU4855191,ZNTU,485519,1
OHUU2711507,OHUU,271150,7
YEDU0155347,YEDU,015534,7
ZMKU4117950,ZMKU,411795,0
PGUU9767852,PGUU,976785,2
YGQU6627553,YGQU,662755,3
OOWU1239182,OOWU,123918,2
ODSU2229888,ODSU,222988,8
DBIU3695485,DBIU,369548,5
CPGU2116145,CPGU,211614,5
SDDU0712608,SDDU,071260,8
HTOU6063752,HTOU,606375,2
KHLU2296564,KHLU,229656,4
AZAU9194434,AZAU,919443,4
OMVU6753176,OMVU,675317,6
CCXU6409886,CCXU,640988,6
PIAU6485247,PIAU,648524,7
LVKU7711511,LVKU,771151,1
XXBU8897131,XXBU,889713,1
BSIU3731840,BSIU,373184,0
EMFU2564076,EMFU,256407,6
KPCU8776940,KPCU,877694,0
PCWU3673127,PCWU,367312,7
XHQU5039089,XHQU,503908,9
QBJU4568780,QBJU,456878,0
QHTU6108470,QHTU,610847,0
XBVU9742378,XBVU,974237,8
PCKU7726380,PCKU,772638,0
PVMU9227157,PVMU,922715,7
LFEU3234714,LFEU,323471,4
ZPIU8391381,ZPIU,839138,1
OZQU5958236,OZQU,595823,6
UEGU6969882,UEGU,696988,2
GGVU1853530,GGVU,185353,0
ICEU1683023,ICEU,168302,3
AHNU2889736,AHNU,288973,6
AGWU6316300,AGWU,631630,0
RGCU2895155,RGCU,289515,5
RZDU2623333,RZDU,262333,3
WLLU5595663,WLLU,559566,3
DVYU6481625,DVYU,648162,5
FFYU8667710,FFYU,866771,0
YBYU6472326,YBYU,647232,6
CSSU4876540,CSSU,487654,0
PCUU8370734,PCUU,837073,4
AXVU3306021,AXVU,330602,1
VMNU6152863,VMNU,615286,3
OEMU8224570,OEMU,822457,0
TYZU4411388,TYZU,441138,8
OSNU3444696,OSNU,344469,6
YTKU6050754,YTKU,605075,4
SKGU9360944,SKGU,936094,4
LHNU5182688,LHNU,518268,8
OPVU8768530,OPVU,876853,0
WCOU2024025,WCOU,202402,5
AHPU4849154,AHPU,484915,4
RRPU6357989,RRPU,635798,9
HEGU5850480,HEGU,585048,0
NCXU8707849,NCXU,870784,9
PJUU4739370,PJUU,473937,0
ZZTU9746263,ZZTU,974626,3
ZWSU5497395,ZWSU,549739,5
DMZU4834009,DMZU,483400,9
EJUU0926135,EJUU,092613,5
FOPU6890711,FOPU,689071,1
RBZU5456076,RBZU,545607,6
TVCU2937016,TVCU,293701,6
SAZU0433305,SAZU,043330,5
XVHU8073393,XVHU,807339,3
JYSU5373616,JYSU,537361,6
XTXU4671838,XTXU,467183,8
KNJU8855044,KNJU,885504,4
YERU7806403,YERU,780640,3
XTVU4060153,XTVU,406015,3
YXCU4669689,YXCU,466968,9
YAQU2371584,YAQU,237158,4
BIYU2126304,BIYU,212630,4
ZNAU1176272,ZNAU,117627,2
YPAU7454795,YPAU,745479,5
EFBU5410671,EFBU,541067,1
PFWU9127704,PFWU,912770,4
GZDU9067148,GZDU,906714,8
JGFU8427982,JGFU,842798,2
IRRU2424583,IRRU,242458,3
FGUU5573864,FGUU,557386,4
UIZU5757964,UIZU,575796,4
IQFU1302832,IQFU,130283,2
FLZU7162741,FLZU,716274,1
NPAU3986227,NPAU,398622,7
OKXU5389312,OKXU,538931,2
NHPU1153166,NHPU,115316,6
VUVU8925764,VUVU,892576,4
RBTU1878381,RBTU,187838,1
EOMU6536769,EOMU,653676,9
JIYU1639803,JIYU,163980,3
UQAU3902184,UQAU,390218,4
SMUU8147446,SMUU,814744,6
GUDU9119929,GUDU,911992,9
IHOU9769550,IHOU,976955,0
CVAU0467702,CVAU,046770,2
KECU8504236,KECU,850423,6
YMLU1030955,YMLU,103095,5
MLAU6478936,MLAU,647893,6
KBAU1210130,KBAU,121013,0
ZOJU1046430,ZOJU,104643,0
WVWU4897868,WVWU,489786,8
AOYU5348517,AOYU,534851,7
QWAU0125156,QWAU,012515,6
LMOU7095864,LMOU,709586,4
RFJU3665422,RFJU,366542,2
ZSCU7228563,ZSCU,722856,3
DOHU7920502,DOHU,792050,2
EYPU3169700,EYPU,316970,0
XEWU5617504,XEWU,561750,4
OYEU8248861,OYEU,824886,1
TXNU4546614,TXNU,454661,4
XKFU1176470,XKFU,117647,0
SQTU8349939,SQTU,834993,9
CXVU0630683,CXVU,063068,3
UURU6125280,UURU,612528,0
ZVRU0158963,ZVRU,015896,3
GBGU7718162,GBGU,771816,2
AGVU5857800,AGVU,585780,0
EEBU4100221,EEBU,410022,1
GDEU7636219,GDEU,763621,9
SFMU2834400,SFMU,283440,0
OYTU2520353,OYTU,252035,3
RBYU4852443,RBYU,485244,3
LGDU5059497,LGDU,505949,7
ISKU5006825,ISKU,500682,5
COJU4626698,COJU,462669,8
BHBU8901366,BHBU,890136,6
ZOOU8430049,ZOOU,843004,9
KTIU9920347,KTIU,992034,7
PBFU8398768,PBFU,839876,8
ZFBU8621426,ZFBU,862142,6
POBU1278720,POBU,127872,0
GUUU8246903,GUUU,824690,3
YNBU4233032,YNBU,423303,2
EQBU0573317,EQBU,057331,7
AYWU9966985,AYWU,996698,5
PNOU4445434,PNOU,444543,4
FXQU5103665,FXQU,510366,5
HQLU9847134,HQLU,984713,4
FSLU5473444,FSLU,547344,4
PYOU5001776,PYOU,500177,6
OSKU5477518,OSKU,547751,8
IEXU5389629,IEXU,538962,9
EVHU8335154,EVHU,833515,4
HKVU5211922,HKVU,521192,2
BCRU8052976,BCRU,805297,6
LCRU0216878,LCRU,021687,8
XDPU5643164,XDPU,564316,4
WSWU7401249,WSWU,740124,9
KSYU2324946,KSYU,232494,6
LDFU3507193,LDFU,350719,3
XQCU1600765,XQCU,160076,5
SKXU9679972,SKXU,967997,2
AJVU0344899,AJVU,034489,9
INLU1820620,INLU,182062,0
GJXU1645329,GJXU,164532,9
XIVU3689577,XIVU,368957,7
HSLU5344794,HSLU,534479,4
KSOU6091673,KSOU,609167,3
WWYU6515599,WWYU,651559,9
FHRU4477070,FHRU,447707,0
TBMU6351039,TBMU,635103,9
TELU8273512,TELU,827351,2
LXOU6473637,LXOU,647363,7
HGYU0986063,HGYU,098606,3
AEZU9879726,AEZU,987972,6
PWUU6346868,PWUU,634686,8
RQOU1622981,RQOU,162298,1
YILU5257737,YILU,525773,7
VIZU7741320,VIZU,774132,0
CNKU3799900,CNKU,379990,0
GHPU2379206,GHPU,237920,6
TRQU1719252,TRQU,171925,2
HCKU2348550,HCKU,234855,0
PDLU8150404,PDLU,815040,4
JXRU1320438,JXRU,132043,8
SILU4264606,SILU,426460,6
PDUU9132120,PDUU,913212,0
JTHU1208727,JTHU,120872,7
ONWU7043805,ONWU,704380,5
EDCU3495140,EDCU,349514,0
STYU7972480,STYU,797248,0
VLHU1800610,VLHU,180061,0
UWKU0536567,UWKU,053656,7
AUBU4996351,AUBU,499635,1
RBBU2330515,RBBU,233051,5
RGBU8484590,RGBU,848459,0
URUU0647338,URUU,064733,8
CRBU5315357,CRBU,531535,7
ISJU2536290,ISJU,253629,0
CADU8683118,CADU,868311,8
ZKWU8807500,ZKWU,880750,0
IIEU9486382,IIEU,948638,2
OIZU5492324,OIZU,549232,4
QMRU3373089,QMRU,337308,9
XSUU9556240,XSUU,955624,0
JFPU3876103,JFPU,387610,3
QBRU1808426,QBRU,180842,6
OBZU7066243,OBZU,706624,3
NGHU5449085,NGHU,544908,5
LPAU9288176,LPAU,928817,6
JGDU6440118,JGDU,644011,8
BHVU3646632,BHVU,364663,2
YYKU6178480,YYKU,617848,0
ITYU0252873,ITYU,025287,3
OJVU6459610,OJVU,645961,0
YKRU5702817,YKRU,570281,7
IZUU3300856,IZUU,330085,6
OHJU9165261,OHJU,916526,1
QRUU0785360,QRUU,078536,0
TISU2187997,TISU,218799,7
NSQU3414074,NSQU,341407,4
PSFU1434779,PSFU,143477,9
VFWU6883474,VFWU,688347,4
PGQU7734747,PGQU,773474,7
QYKU9684992,QYKU,968499,2
YLCU7771197,YLCU,777119,7
DKEU4942447,DKEU,494244,7
JXNU0514012,JXNU,051401,2
KMQU2719259,KMQU,271925,9
IZKU5636691,IZKU,563669,1
QONU3092244,QONU,309224,4
JTBU5869195,JTBU,586919,5
ATDU2812893,ATDU,281289,3
RABU0138984,RABU,013898,4
YDZU3905564,YDZU,390556,4
QKMU0219625,QKMU,021962,5
TNCU4010844,TNCU,401084,4
QBKU5712220,QBKU,571222,0
RSQU4879953,RSQU,487995,3
VEMU7259753,VEMU,725975,3
FMRU8627190,FMRU,862719,0
BOKU4669563,BOKU,466956,3
NZGU2898723,NZGU,289872,3
YIAU5607550,YIAU,560755,0
WEHU5159292,WEHU,515929,2
UEYU4241139,UEYU,424113,9
IKLU6501660,IKLU,650166,0
ZOOU2726964,ZOOU,272696,4
RJPU5883447,RJPU,588344,7
PNBU2663523,PNBU,266352,3
WSZU9007750,WSZU,900775,0
EHCU2275030,EHCU,227503,0
YUMU4143110,YUMU,414311,0
ARXU1376940,ARXU,137694,0
HNHU3379900,HNHU,337990,0
HBDU4646623,HBDU,464662,3
RJOU0076691,RJOU,007669,1
PYRU8380859,PYRU,838085,9
VJGU0603747,VJGU,060374,7
FAGU6621419,FAGU,662141,9
KBOU5247542,KBOU,524754,2
KTWU1792910,KTWU,179291,0
ATZU5843051,ATZU,584305,1
BLVU5017319,BLVU,501731,9
AUNU4937274,AUNU,493727,4
JLGU3869570,JLGU,386957,0
PENU7507501,PENU,750750,1
FRDU3164971,FRDU,316497,1
BUHU8527470,BUHU,852747,0
NTDU8292112,NTDU,829211,2
QQAU2825285,QQAU,282528,5
ENFU7671504,ENFU,767150,4
KILU9643517,KILU,964351,7
POVU5175252,POVU,517525,2
QSKU4849870,QSKU,484987,0
GITU5048110,GITU,504811,0
TZOU3900931,TZOU,390093,1
HCQU2816997,HCQU,281699,7
UGHU6563036,UGHU,656303,6
CZYU0770524,CZYU,077052,4
GRJU1479606,GRJU,147960,6
HIMU3175786,HIMU,317578,6
FIVU4202303,FIVU,420230,3
SGAU4701979,SGAU,470197,9
FXSU5930547,FXSU,593054,7
RCPU4469785,RCPU,446978,5
EPOU8341615,EPOU,834161,5
BIQU4899933,BIQU,489993,3
RFMU9337030,RFMU,933703,0
KIBU3656142,KIBU,365614,2
OQDU6707961,OQDU,670796,1
IBNU6435934,IBNU,643593,4
GPAU0648770,GPAU,064877,0
KVKU7450313,KVKU,745031,3
LSLU1545347,LSLU,154534,7
SOTU9699687,SOTU,969968,7
KSJU2702920,KSJU,270292,0
YPYU6379910,YPYU,637991,0
KTWU8631327,KTWU,863132,7
WWYU7585179,WWYU,758517,9
WEVU5837269,WEVU,583726,9
VCDU0866246,VCDU,086624,6
NMZU8901933,NMZU,890193,3
HAMU2708204,HAMU,270820,4
DTHU8692242,DTHU,869224,2
SMGU3298743,SMGU,329874,3
QCZU5140366,QCZU,514036,6
SMOU9847397,SMOU,984739,7
KSDU8519556,KSDU,851955,6
VHAU9904188,VHAU,990418,8
HRFU7067500,HRFU,706750,0
WSIU2000965,WSIU,200096,5
IAVU4138155,IAVU,413815,5
GJMU1119130,GJMU,111913,0
ZTSU4076455,ZTSU,407645,5
IDPU2399505,IDPU,239950,5
RNZU0740421,RNZU,074042,1
PZWU4168022,PZWU,416802,2
AETU2091784,AETU,209178,4
SIIU3899779,SIIU,389977,9
NCYU1239225,NCYU,123922,5
VMBU9334226,VMBU,933422,6
OXYU9488037,OXYU,948803,7
UQDU2874436,UQDU,287443,6
CDTU1188425,CDTU,118842,5
ZSUU3363158,ZSUU,336315,8
ANSU0008013,ANSU,000801,3
WRUU7514849,WRUU,751484,9
SKUU4542982,SKUU,454298,2
CUMU0903737,CUMU,090373,7
WBOU7877630,WBOU,787763,0
DCBU6686462,DCBU,668646,2
EGOU1194601,EGOU,119460,1
ACYU6974105,ACYU,697410,5
ITGU0234835,ITGU,023483,5
TLMU2700791,TLMU,270079,1
NKAU8721298,NKAU,872129,8
TUTU7835343,TUTU,783534,3
UDOU8151772,UDOU,815177,2
TLVU7738327,TLVU,773832,7
JRDU8288393,JRDU,828839,3
XMVU2410199,XMVU,241019,9
REBU9518407,REBU,951840,7
NTOU3291518,NTOU,329151,8
SZBU1378066,SZBU,137806,6
SUUU5951964,SUUU,595196,4
UEIU9539096,UEIU,953909,6
KCNU4668123,KCNU,466812,3
FUPU9847920,FUPU,984792,0
DOUU2954901,DOUU,295490,1
PFOU2480614,PFOU,248061,4
GCGU9904810,GCGU,990481,0
HNUU2612201,HNUU,261220,1
IPNU8676291,IPNU,867629,1
XJKU1448868,XJKU,144886,8
IOFU1956681,IOFU,195668,1
JBVU2453229,JBVU,245322,9
XATU0922836,XATU,092283,6
LIOU9320219,LIOU,932021,9
KTGU2118409,KTGU,211840,9
TFNU8483349,TFNU,848334,9
BSKU3299266,BSKU,329926,6
BSRU8627536,BSRU,862753,6
GVGU1376078,GVGU,137607,8
IHPU0883570,IHPU,088357,0
JEZU3413956,JEZU,341395,6
CMIU3374608,CMIU,337460,8
AQSU4225780,AQSU,422578,0
IOEU2439020,IOEU,243902,0
MAVU1781666,MAVU,178166,6
ZXWU1405446,ZXWU,140544,6
SROU3901479,SROU,390147,9
KGAU7057898,KGAU,705789,8
PBBU6750140,PBBU,675014,0
GMPU2862513,GMPU,286251,3
WVZU6668645,WVZU,666864,5
ULCU1826277,ULCU,182627,7
DNVU9111972,DNVU,911197,2
AQAU3032335,AQAU,303233,5
FKXU2009209,FKXU,200920,9
ZCKU0779705,ZCKU,077970,5
NCHU0283862,NCHU,028386,2
GJUU3835555,GJUU,383555,5
MACU5498982,MACU,549898,2
COPU0935101,COPU,093510,1
RZXU4864094,RZXU,486409,4
TWVU4906624,TWVU,490662,4
BDAU8701152,BDAU,870115,2
COVU7304850,COVU,730485,0
PBUU1888859,PBUU,188885,9
IKIU7516444,IKIU,751644,4
XUGU3635994,XUGU,363599,4
GVFU4387133,GVFU,438713,3
JWUU5897598,JWUU,589759,8
XZYU4574705,XZYU,457470,5
KUAU8255787,KUAU,825578,7
HGEU7330652,HGEU,733065,2
JLFU7366245,JLFU,736624,5
WWFU1653650,WWFU,165365,0
AXTU7359857,AXTU,735985,7
LTEU6414337,LTEU,641433,7
YPYU8065883,YPYU,806588,3
ABBU3023795,ABBU,302379,5
KBBU3972620,KBBU,397262,0
ZZJU1003955,ZZJU,100395,5
TNPU1147238,TNPU,114723,8
BASU3174877,BASU,317487,7
CDIU8701958,CDIU,870195,8
HVRU7917261,HVRU,791726,1
LHIU8048520,LHIU,804852,0
BRNU2168304,BRNU,216830,4
USAU8563050,USAU,856305,0
BUHU5365966,BUHU,536596,6
YDYU3807651,YDYU,380765,1
WAYU9846255,WAYU,984625,5
NICU9953546,NICU,995354,6
YNXU7105095,YNXU,710509,5
BVVU4564013,BVVU,456401,3
UKPU4203410,UKPU,420341,0
GDNU6600286,GDNU,660028,6
MLWU7905611,MLWU,790561,1
YFKU7104462,YFKU,710446,2
QYSU9558913,QYSU,955891,3
FLMU1686083,FLMU,168608,3
MIHU6610448,MIHU,661044,8
PYFU0226773,PYFU,022677,3
LGGU7145770,LGGU,714577,0
OQVU6611939,OQVU,661193,9
JVOU3968030,JVOU,396803,0
UAQU1129294,UAQU,112929,4
EBOU6581121,EBOU,658112,1
SSJU5846745,SSJU,584674,5
RIXU5668595,RIXU,566859,5
BSXU8453912,BSXU,845391,2
MCAU1588510,MCAU,158851,0
GZDU8203281,GZDU,820328,1
AZLU4081746,AZLU,408174,6
WSOU1802658,WSOU,180265,8
MSKU0908101,MSKU,090810,1
CMAU0260907,CMAU,026090,7
CNGU4502903,CNGU,450290,3
TNIU0723582,TNIU,072358,2
UWQU4389433,UWQU,438943,3
VQNU4929118,VQNU,492911,8
PZGU6259640,PZGU,625964,0
JMMU7619257,JMMU,761925,7
QEKU2070040,QEKU,207004,0
MTSU2948181,MTSU,294818,1
DRJU1315045,DRJU,131504,5
EAXU8632787,EAXU,863278,7
KDPU2473190,KDPU,247319,0
ALJU8075147,ALJU,807514,7
MFKU2534258,MFKU,253425,8
PHMU4843438,PHMU,484343,8
WYZU8523311,WYZU,852331,1
TVWU8480858,TVWU,848085,8
FMCU5436778,FMCU,543677,8
APWU9545870,APWU,954587,0
BRHU4304425,BRHU,430442,5
GROU7756443,GROU,775644,3
XERU2404735,XERU,240473,5
VJBU5290307,VJBU,529030,7
LVMU1603362,LVMU,160336,2
GDPU3709429,GDPU,370942,9
OQJU8839948,OQJU,883994,8
JGHU7107430,JGHU,710743,0
CZVU7899560,CZVU,789956,0
XEFU1415888,XEFU,141588,8
SLVU5778340,SLVU,577834,0
GKCU7254443,GKCU,725444,3
FWVU2993652,FWVU,299365,2
CSKU5101010,CSKU,510101,0
CSCU8823315,CSCU,882331,5
VESU9090767,VESU,909076,7
NYFU2860770,NYFU,286077,0
YHGU5438351,YHGU,543835,1
OUCU8222460,OUCU,822246,0
XEXU5319930,XEXU,531993,0
EVWU6620236,EVWU,662023,6
PHSU5474146,PHSU,547414,6
IWEU5542830,IWEU,554283,0
RHCU9566220,RHCU,956622,0
VBIU6265969,VBIU,626596,9
ZQYU8468876,ZQYU,846887,6
DMZU5322115,DMZU,532211,5
YLIU8852649,YLIU,885264,9
OFQU6807975,OFQU,680797,5
SBRU4582632,SBRU,458263,2
SLWU8078175,SLWU,807817,5
YNTU8053510,YNTU,805351,0
YLYU4484837,YLYU,448483,7
UDFU6065895,UDFU,606589,5
WADU2550139,WADU,255013,9
PHUU2547713,PHUU,254771,3
TWAU2148277,TWAU,214827,7
LIYU0628052,LIYU,062805,2
IAKU0455534,IAKU,045553,4
YKEU8376035,YKEU,837603,5
JPRU3877473,JPRU,387747,3
AQAU4773991,AQAU,477399,1
VMNU0535741,VMNU,053574,1
GTQU3927765,GTQU,392776,5
IADU9425962,IADU,942596,2
DHYU9910154,DHYU,991015,4
UOCU7196843,UOCU,719684,3
NOVU2594910,NOVU,259491,0
FZHU0934895,FZHU,093489,5
PTCU1834673,PTCU,183467,3
ANQU3514677,ANQU,351467,7
OBGU2976157,OBGU,297615,7
NFFU3754877,NFFU,375487,7
MWWU2424467,MWWU,242446,7
XVSU9777723,XVSU,977772,3
FMSU0571524,FMSU,057152,4
BFFU6285581,BFFU,628558,1
MZUU2959057,MZUU,295905,7
YLMU7443011,YLMU,744301,1
JDUU2150018,JDUU,215001,8
NCPU5784828,NCPU,578482,8
CKYU8442412,CKYU,844241,2
WUYU7187354,WUYU,718735,4
YTLU9331109,YTLU,933110,9
AVSU3614598,AVSU,361459,8
WEWU0241795,WEWU,024179,5
ANCU5680651,ANCU,568065,1
TYEU7428647,TYEU,742864,7
XSDU1164530,XSDU,116453,0
NHIU5198827,NHIU,519882,7
RQIU3471488,RQIU,347148,8
EGHU9246087,EGHU,924608,7
JYOU9192186,JYOU,919218,6
LYQU7018489,LYQU,701848,9
IKFU6013589,IKFU,601358,9
MKOU5013477,MKOU,501347,7
BSLU4169855,BSLU,416985,5
YNAU7300902,YNAU,730090,2
BFQU4585881,BFQU,458588,1
OLPU7697948,OLPU,769794,8
LRAU1918673,LRAU,191867,3
ULKU9713240,ULKU,971324,0
DGSU2449892,DGSU,244989,2
ITSU2886655,ITSU,288665,5
JEUU7371040,JEUU,737104,0
FPZU0383394,FPZU,038339,4
ZJJU2394363,ZJJU,239436,3
BGAU8982564,BGAU,898256,4
MSOU0335902,MSOU,033590,2
SCEU3319664,SCEU,331966,4
IFNU8902275,IFNU,890227,5
GZIU7526945,GZIU,752694,5
QRZU1155515,QRZU,115551,5
BJPU6913068,BJPU,691306,8
PGRU8554698,PGRU,855469,8
ICOU8636954,ICOU,863695,4
CDCU5128645,CDCU,512864,5
MYAU8921843,MYAU,892184,3
WZCU8129947,WZCU,812994,7
RGJU0711681,RGJU,071168,1
VTZU9401379,VTZU,940137,9
CAGU2984223,CAGU,298422,3
HEHU5054850,HEHU,505485,0
MYOU3085163,MYOU,308516,3
VFQU1449773,VFQU,144977,3
OEHU7874795,OEHU,787479,5
ZEZU4191490,ZEZU,419149,0
CQKU2558483,CQKU,255848,3
YGEU4298451,YGEU,429845,1
IOFU9433141,IOFU,943314,1
DNVU9907532,DNVU,990753,2
GLPU6396432,GLPU,639643,2
DGPU8543293,DGPU,854329,3
WOCU7250211,WOCU,725021,1
IYUU6969186,IYUU,696918,6
EIDU1398760,EIDU,139876,0
MKMU3818372,MKMU,381837,2
ZDCU2889920,ZDCU,288992,0
PFFU9942390,PFFU,994239,0
ZVJU2150296,ZVJU,215029,6
AMJU0034164,AMJU,003416,4
RZGU8392269,RZGU,839226,9
BNYU6139810,BNYU,613981,0
SOHU8507627,SOHU,850762,7
AACU1648551,AACU,164855,1
TYTU5805713,TYTU,580571,3
ZPXU4430162,ZPXU,443016,2
KWVU8171040,KWVU,817104,0
LKGU7672459,LKGU,767245,9
SYCU3398295,SYCU,339829,5
RGCU7556806,RGCU,755680,6
BQIU6820248,BQIU,682024,8
DATU8400801,DATU,840080,1
TYRU5006284,TYRU,500628,4
AINU3835931,AINU,383593,1
AJYU5235356,AJYU,523535,6
ZVXU3643042,ZVXU,364304,2
EDCU3380095,EDCU,338009,5
DGWU2974707,DGWU,297470,7
KYLU8602711,KYLU,860271,1
JHRU5141973,JHRU,514197,3
WPGU8726612,WPGU,872661,2
FFBU9404370,FFBU,940437,0
GIWU3538216,GIWU,353821,6
HHVU9715783,HHVU,971578,3
MUHU0472284,MUHU,047228,4
JTYU1791145,JTYU,179114,5
HEEU1211400,HEEU,121140,0
LHUU8931044,LHUU,893104,4
OATU6983017,OATU,698301,7
DUPU2475408,DUPU,247540,8
NTPU2876461,NTPU,287646,1
CQTU4135234,CQTU,413523,4
ZBDU7207200,ZBDU,720720,0
QRKU5710701,QRKU,571070,1
IRGU0798148,IRGU,079814,8
YNPU6270976,YNPU,627097,6
ZKWU2864669,ZKWU,286466,9
PFXU9722531,PFXU,972253,1
PMSU7788701,PMSU,778870,1
MPKU7916021,MPKU,791602,1
CXYU4190428,CXYU,419042,8
FSOU8708918,FSOU,870891,8
HIRU8881968,HIRU,888196,8
HUKU3284943,HUKU,328494,3
QRLU3902066,QRLU,390206,6
AMMU6502415,AMMU,650241,5
VTTU1948488,VTTU,194848,8
GXUU0873680,GXUU,087368,0
RDNU3167527,RDNU,316752,7
WDYU4249146,WDYU,424914,6
KVGU9332660,KVGU,933266,0
IWCU3142421,IWCU,314242,1
PGHU2564528,PGHU,256452,8
ZSFU5336493,ZSFU,533649,3
LQVU0371099,LQVU,037109,9
FPSU8260709,FPSU,826070,9
PIRU7958410,PIRU,795841,0
RIYU0798305,RIYU,079830,5
HOQU6392118,HOQU,639211,8
FTFU3961370,FTFU,396137,0
MWHU7015731,MWHU,701573,1
DXYU8877706,DXYU,887770,6
JLTU4910030,JLTU,491003,0
XLOU2778370,XLOU,277837,0
OUYU4956734,OUYU,495673,4
AUVU6871944,AUVU,687194,4
HMMU2921339,HMMU,292133,9
BVGU5783863,BVGU,578386,3
EEIU7890418,EEIU,789041,8
ESTU6362799,ESTU,636279,9
LLYU2101685,LLYU,210168,5
NQKU1807643,NQKU,180764,3
SBVU4105031,SBVU,410503,1
GBWU7403495,GBWU,740349,5
IOVU6477774,IOVU,647777,4
OZRU1189667,OZRU,118966,7
MAYU0317420,MAYU,031742,0
KRAU9639312,KRAU,963931,2
KXFU9340537,KXFU,934053,7
BYHU3257719,BYHU,325771,9
QZPU1983769,QZPU,198376,9
LCXU9294964,LCXU,929496,4
BRNU8028737,BRNU,802873,7
VUGU8690800,VUGU,869080,0
EIKU1436275,EIKU,143627,5
QJOU0401255,QJOU,040125,5
LVNU1678621,LVNU,167862,1
PRLU1645610,PRLU,164561,0
MRLU5830450,MRLU,583045,0
RWFU1321515,RWFU,132151,5
ZECU6326850,ZECU,632685,0
VRVU5002705,VRVU,500270,5
OZMU3778821,OZMU,377882,1
BHCU1853887,BHCU,185388,7
RROU6483999,RROU,648399,9
FFTU5634120,FFTU,563412,0
XZHU9809336,XZHU,980933,6
SIIU6146362,SIIU,614636,2
DNOU3576891,DNOU,357689,1
OCXU7796312,OCXU,779631,2
ZKPU1079364,ZKPU,107936,4
HHPU6339692,HHPU,633969,2
XNNU8060775,XNNU,806077,5
PPTU8100617,PPTU,810061,7
WKRU0677160,WKRU,067716,0
EXKU9639449,EXKU,963944,9
LDQU7958162,LDQU,795816,2
FDKU5512246,FDKU,551224,6
FJRU3951363,FJRU,395136,3
ZMOU1635233,ZMOU,163523,3
HUUU2946182,HUUU,294618,2
WXHU8904653,WXHU,890465,3
VDTU2244522,VDTU,224452,2
MANU7732373,MANU,773237,3
KIDU3742227,KIDU,374222,7
MMHU9395348,MMHU,939534,8
GXRU2744994,GXRU,274499,4
YRVU2368102,YRVU,236810,2
QIXU0565973,QIXU,056597,3
GSVU8218802,GSVU,821880,2
MHLU5619452,MHLU,561945,2
CSYU8858432,CSYU,885843,2
HXFU0736381,HXFU,073638,1
AFMU4855110,AFMU,485511,0
TLXU0331260,TLXU,033126,0
FIMU6603989,FIMU,660398,9
GDFU6182347,GDFU,618234,7
SAPU4480202,SAPU,448020,2
EFMU0968561,EFMU,096856,1
WNVU4918209,WNVU,491820,9
QENU7801292,QENU,780129,2
LIWU6977115,LIWU,697711,5
HDVU7069558,HDVU,706955,8
WRGU3705570,WRGU,370557,0
MJWU0001181,MJWU,000118,1
QJCU5270680,QJCU,527068,0
DDAU5716401,DDAU,571640,1
OOIU6000000,OOIU,600000,0
UVEU5953169,UVEU,595316,9
SVUU6515254,SVUU,651525,4
DKJU6914231,DKJU,691423,1
EQEU2080080,EQEU,208008,0
TWDU6751051,TWDU,675105,1
PWQU0773261,PWQU,077326,1
ZWZU5028910,ZWZU,502891,0
FBUU6004035,FBUU,600403,5
ZDLU0893738,ZDLU,089373,8
KFLU5333565,KFLU,533356,5
WFWU7147308,WFWU,714730,8
EURU1311408,EURU,131140,8
UGAU2981044,UGAU,298104,4
FNKU6132960,FNKU,613296,0
BTYU5183932,BTYU,518393,2
AEMU3671879,AEMU,367187,9
GHQU9925236,GHQU,992523,6
MFJU1365870,MFJU,136587,0
VHIU2942363,VHIU,294236,3
JOVU1871507,JOVU,187150,7
IDRU2711499,IDRU,271149,9
PZQU2250630,PZQU,225063,0
GDKU5597666,GDKU,559766,6
YQRU5554482,YQRU,555448,2
MNSU1584320,MNSU,158432,0
KIMU9980532,KIMU,998053,2
RNGU6722455,RNGU,672245,5
KKGU1650912,KKGU,165091,2
KRFU0470481,KRFU,047048,1
PAKU8426838,PAKU,842683,8
TMCU5318022,TMCU,531802,2
MQMU5325871,MQMU,532587,1
AMAU9193160,AMAU,919316,0
YQFU8060399,YQFU,806039,9
MUVU1231490,MUVU,123149,0
MEAU7892817,MEAU,789281,7
CDCU4962268,CDCU,496226,8
KVIU8516070,KVIU,851607,0
BURU0069703,BURU,006970,3
LAVU0749890,LAVU,074989,0
VRHU2271810,VRHU,227181,0
AVFU6627685,AVFU,662768,5
XWFU2687125,XWFU,268712,5
ILGU6592826,ILGU,659282,6
ELCU5124139,ELCU,512413,9
KWXU5088428,KWXU,508842,8
FNPU6626883,FNPU,662688,3
ECHU4219707,ECHU,421970,7
VUWU9424380,VUWU,942438,0
MXOU1587010,MXOU,158701,0
CQCU6776801,CQCU,677680,1
EBBU2869546,EBBU,286954,6
RQDU2808642,RQDU,280864,2
CCPU5450223,CCPU,545022,3
FTSU9135165,FTSU,913516,5
OJUU8358807,OJUU,835880,7
KZGU9231662,KZGU,923166,2
TXUU3365469,TXUU,336546,9
BPCU1877479,BPCU,187747,9
NRTU1155754,NRTU,115575,4
SIIU1939595,SIIU,193959,5
QNHU6188492,QNHU,618849,2
JTDU7495810,JTDU,749581,0
UXHU8067430,UXHU,806743,0
FWVU5942941,FWVU,594294,1
ISQU4875481,ISQU,487548,1
VVKU6504438,VVKU,650443,8
WMCU7808043,WMCU,780804,3
ZAYU3515442,ZAYU,351544,2
YNOU3788253,YNOU,378825,3
CGHU0135516,CGHU,013551,6
CFBU7203500,CFBU,720350,0
HAYU7845059,HAYU,784505,9
VRRU3714770,VRRU,371477,0
MIEU1139756,MIEU,113975,6
SHXU6363563,SHXU,636356,3
LPBU1110499,LPBU,111049,9
JIDU3744851,JIDU,374485,1
ZDGU7310595,ZDGU,731059,5
FYTU7098149,FYTU,709814,9
ETIU6590631,ETIU,659063,1
WFSU7338712,WFSU,733871,2
YRZU7196905,YRZU,719690,5
LWJU7549076,LWJU,754907,6
ZLNU6147344,ZLNU,614734,4
BCFU9272047,BCFU,927204,7
RGAU3567530,RGAU,356753,0
BQGU0128390,BQGU,012839,0
KTGU6226464,KTGU,622646,4
XOYU2136082,XOYU,213608,2
GIGU4046935,GIGU,404693,5
HIUU4565598,HIUU,456559,8
JTFU5829345,JTFU,582934,5
WJQU5724043,WJQU,572404,3
CJZU5186561,CJZU,518656,1
BJHU1581970,BJHU,158197,0
MATU8303293,MATU,830329,3
ZEUU0934045,ZEUU,093404,5
WUBU2407060,WUBU,240706,0
HWUU5485080,HWUU,548508,0
BSFU7143988,BSFU,714398,8
CRYU2884094,CRYU,288409,4
MOPU5854872,MOPU,585487,2
WJIU7027683,WJIU,702768,3
FWMU6066765,FWMU,606676,5
XFDU7241176,XFDU,724117,6
HTKU6700282,HTKU,670028,2
NDPU5731748,NDPU,573174,8
CKWU7444408,CKWU,744440,8
JSVU1960303,JSVU,196030,3
SMIU5089457,SMIU,508945,7
DEIU4448633,DEIU,444863,3
UNBU9457344,UNBU,945734,4
HHOU8714551,HHOU,871455,1
YJVU3201108,YJVU,320110,8
WQNU9451172,WQNU,945117,2
XGWU0361970,XGWU,036197,0
DTTU9775626,DTTU,977562,6
SEXU2034728,SEXU,203472,8
XYQU4659270,XYQU,465927,0
CSFU7955703,CSFU,795570,3
YPRU3161421,YPRU,316142,1
YKCU7754133,YKCU,775413,3
JCRU2501547,JCRU,250154,7
ZHZU6869197,ZHZU,686919,7
AWUU0341781,AWUU,034178,1
XTSU0133278,XTSU,013327,8
IBEU8796708,IBEU,879670,8
IOOU3641165,IOOU,364116,5
SIEU2298866,SIEU,229886,6
SLTU3958893,SLTU,395889,3
XWJU7893843,XWJU,789384,3
SXDU7517389,SXDU,751738,9
WBZU0992770,WBZU,099277,0
FYSU3332131,FYSU,333213,1
NGSU8202955,NGSU,820295,5
TITU1241530,TITU,124153,0
DHRU5675084,DHRU,567508,4
ADVU0463140,ADVU,046314,0
RLYU9521134,RLYU,952113,4
FJHU9976883,FJHU,997688,3
PSWU8391359,PSWU,839135,9
YFBU7075361,YFBU,707536,1
GVBU9974798,GVBU,997479,8
CZOU6480250,CZOU,648025,0
YHKU1139017,YHKU,113901,7
LOBU1442589,LOBU,144258,9
RBGU3557749,RBGU,355774,9
PSJU7731336,PSJU,773133,6
CKIU5025528,CKIU,502552,8
SDJU8907892,SDJU,890789,2
XZFU6251900,XZFU,625190,0
FYWU5041283,FYWU,504128,3
GDQU8668100,GDQU,866810,0
CHIU8225041,CHIU,822504,1
USRU0938083,USRU,093808,3
MONU9825068,MONU,982506,8
JBFU4903850,JBFU,490385,0
DDGU3809537,DDGU,380953,7
RLVU9599574,RLVU,959957,4
MALU4489196,MALU,448919,6
ZIKU5914331,ZIKU,591433,1
BVXU3366900,BVXU,336690,0
UWKU3456275,UWKU,345627,5
ZTSU0095945,ZTSU,009594,5
RFZU7436369,RFZU,743636,9
YIFU2222412,YIFU,222241,2
GOGU0250286,GOGU,025028,6
PUFU2313097,PUFU,231309,7
RZUU6754424,RZUU,675442,4
RBLU1104473,RBLU,110447,3
MQRU2793901,MQRU,279390,1
OQAU7792541,OQAU,779254,1
MACU2114701,MACU,211470,1
NYIU3215658,NYIU,321565,8
BYSU9692980,BYSU,969298,0
MBMU0811552,MBMU,081155,2
GKHU9034826,GKHU,903482,6
TBIU4534602,TBIU,453460,2
EJKU4399454,EJKU,439945,4
TNQU4486223,TNQU,448622,3
XEXU9738534,XEXU,973853,4
CHVU7410836,CHVU,741083,6
KGBU8941679,KGBU,894167,9
QQWU9862419,QQWU,986241,9
UCPU1303366,UCPU,130336,6
ECXU9519277,ECXU,951927,7
SPEU7895806,SPEU,789580,6
DTSU2238663,DTSU,223866,3
FQWU8181240,FQWU,818124,0
VRUU8250020,VRUU,825002,0
YNZU8473530,YNZU,847353,0
RALU3232232,RALU,323223,2
TSWU1207762,TSWU,120776,2
LYWU7493524,LYWU,749352,4
LLWU2278591,LLWU,227859,1
YTHU6832500,YTHU,683250,0
JLWU2581809,JLWU,258180,9
XGIU7344699,XGIU,734469,9
QETU8866160,QETU,886616,0
VJKU7900633,VJKU,790063,3
PKNU1120624,PKNU,112062,4
QEEU5563959,QEEU,556395,9
JWIU5868519,JWIU,586851,9
YZDU3682718,YZDU,368271,8
OGLU7269435,OGLU,726943,5
KOGU8521834,KOGU,852183,4
ZUVU9376560,ZUVU,937656,0
WPRU8577174,WPRU,857717,4
HJXU1651256,HJXU,165125,6
IJZU6580338,IJZU,658033,8
OOMU3146957,OOMU,314695,7
RNEU9608562,RNEU,960856,2
TQQU3332424,TQQU,333242,4
MFTU0340901,MFTU,034090,1
HODU6910598,HODU,691059,8
STBU3801174,STBU,380117,4
DUIU9218315,DUIU,921831,5
RMSU2361365,RMSU,236136,5
VLBU5751451,VLBU,575145,1
BSJU6543222,BSJU,654322,2
QAKU9916342,QAKU,991634,2
BUSU0900908,BUSU,090090,8
ACEU2956490,ACEU,295649,0
RCWU5873872,RCWU,587387,2
LJGU2450518,LJGU,245051,8
ZFDU5994953,ZFDU,599495,3
PYNU4834856,PYNU,483485,6
OHAU3329295,OHAU,332929,5
IJZU4184472,IJZU,418447,2
IAEU0608190,IAEU,060819,0
HFNU6343238,HFNU,634323,8
MGZU8998012,MGZU,899801,2
PGFU8706005,PGFU,870600,5
SNAU2814918,SNAU,281491,8
HOHU6445130,HOHU,644513,0
MXMU6191663,MXMU,619166,3
QTKU5803222,QTKU,580322,2
NCSU0965505,NCSU,096550,5
ANTU3557670,ANTU,355767,0
LREU1053834,LREU,105383,4
PJXU2210741,PJXU,221074,1
DXMU0451240,DXMU,045124,0
OLRU4572775,OLRU,457277,5
LZYU4371141,LZYU,437114,1
KZEU5908911,KZEU,590891,1
ANQU1641414,ANQU,164141,4
ZEGU3629251,ZEGU,362925,1
UJCU4411005,UJCU,441100,5
QHDU8244392,QHDU,824439,2
GIEU7156029,GIEU,715602,9
TXUU5576429,TXUU,557642,9
EWVU9950820,EWVU,995082,0
BYUU2651550,BYUU,265155,0
LEMU4848620,LEMU,484862,0
XZRU9520240,XZRU,952024,0
FWIU6406614,FWIU,640661,4
QADU0297386,QADU,029738,6
SLZU4212034,SLZU,421203,4
QOGU6712545,QOGU,671254,5
HJHU8427643,HJHU,842764,3
LGXU9903076,LGXU,990307,6
ICUU0411974,ICUU,041197,4
JNIU2168051,JNIU,216805,1
YPKU2804993,YPKU,280499,3
HRMU7598660,HRMU,759866,0
PKSU6573318,PKSU,657331,8
QZGU7054414,QZGU,705441,4
MTLU2913929,MTLU,291392,9
GIYU9784446,GIYU,978444,6
FERU3083890,FERU,308389,0
YINU1152864,YINU,115286,4
WSFU7893242,WSFU,789324,2
SFWU6554330,SFWU,655433,0
TUCU8977922,TUCU,897792,2
JSLU3041419,JSLU,304141,9
BPEU2638856,BPEU,263885,6
PPYU5138605,PPYU,513860,5
WQRU6282129,WQRU,628212,9
CCHU1945350,CCHU,194535,0
XPRU1757560,XPRU,175756,0
MKAU8476800,MKAU,847680,0
BTUU7662242,BTUU,766224,2
LVXU7592187,LVXU,759218,7
LLUU7695642,LLUU,769564,2
IGHU6912239,IGHU,691223,9
VJDU3576412,VJDU,357641,2
ZIQU5011249,ZIQU,501124,9
VWQU7163924,VWQU,716392,4
EYCU7814838,EYCU,781483,8
FZOU9827541,FZOU,982754,1
WZVU1215799,WZVU,121579,9
VFAU9708915,VFAU,970891,5
UCBU8189899,UCBU,818989,9
BHKU2740950,BHKU,274095,0
SWGU8530640,SWGU,853064,0
EAMU9449062,EAMU,944906,2
IPMU1683320,IPMU,168332,0
YESU8335765,YESU,833576,5
FRYU5255647,FRYU,525564,7
APNU3582756,APNU,358275,6
HMDU7743779,HMDU,774377,9
JYZU3604438,JYZU,360443,8
WUHU1649055,WUHU,164905,5
HAEU4486000,HAEU,448600,0
OANU8435936,OANU,843593,6
SJNU9682300,SJNU,968230,0
TUYU0722809,TUYU,072280,9
HKHU1579203,HKHU,157920,3
MYGU9034664,MYGU,903466,4
DYRU6693019,DYRU,669301,9
HARU5746715,HARU,574671,5
KNRU7471664,KNRU,747166,4
QHJU2862081,QHJU,286208,1
VWJU4202308,VWJU,420230,8
LJEU6064120,LJEU,606412,0
ZXRU3517865,ZXRU,351786,5
TDKU8956187,TDKU,895618,7
SKTU2316494,SKTU,231649,4
SCHU2688674,SCHU,268867,4
RMAU9372287,RMAU,937228,7
VXQU9020190,VXQU,902019,0
EJIU8506173,EJIU,850617,3
OVNU5162810,OVNU,516281,0
PRWU7473358,PRWU,747335,8
BOWU8622987,BOWU,862298,7
VYCU0616756,VYCU,061675,6
WDLU6234078,WDLU,623407,8
USXU0126038,USXU,012603,8
CJMU4533006,CJMU,453300,6
ECGU9269055,ECGU,926905,5
XIIU3485429,XIIU,348542,9
YJAU1418139,YJAU,141813,9
VOEU2830888,VOEU,283088,8
XNZU3442108,XNZU,344210,8
LWGU6027287,LWGU,602728,7
MWVU8114423,MWVU,811442,3
KYHU4424341,KYHU,442434,1
WZTU1886986,WZTU,188698,6
PJAU6468051,PJAU,646805,1
GPIU9230232,GPIU,923023,2
BJNU1702002,BJNU,170200,2
NLUU2497760,NLUU,249776,0
HYAU9086796,HYAU,908679,6
IYYU7681572,IYYU,768157,2
JMTU5511700,JMTU,551170,0
GPPU2479789,GPPU,247978,9
QJMU2523825,QJMU,252382,5
OZSU9483049,OZSU,948304,9
OCEU0434681,OCEU,043468,1
EHVU3196728,EHVU,319672,8
ZZQU5373920,ZZQU,537392,0
HADU0651058,HADU,065105,8
LWFU0897183,LWFU,089718,3
OKIU2587204,OKIU,258720,4
EYBU3193580,EYBU,319358,0
TGLU4294681,TGLU,429468,1
AKVU5417958,AKVU,541795,8
EXIU8169174,EXIU,816917,4
PAHU7913743,PAHU,791374,3
DQLU5412952,DQLU,541295,2
QFWU9393897,QFWU,939389,7
DBIU0624657,DBIU,062465,7
TXMU4017387,TXMU,401738,7
JXLU9423765,JXLU,942376,5
XKLU3753664,XKLU,375366,4
PLRU0276204,PLRU,027620,4
GOEU7238449,GOEU,723844,9
HJQU3129581,HJQU,312958,1
HDXU1000361,HDXU,100036,1
RENU2386456,RENU,238645,6
SOOU3570987,SOOU,357098,7
WWAU3632823,WWAU,363282,3
HKDU6821402,HKDU,682140,2
JQUU1392476,JQUU,139247,6
FHTU3508425,FHTU,350842,5
GKNU3899915,GKNU,389991,5
KERU9435457,KERU,943545,7
GKGU0865846,GKGU,086584,6
OTUU6808248,OTUU,680824,8
KZUU5271039,KZUU,527103,9
LNYU6594393,LNYU,659439,3
DEKU6606484,DEKU,660648,4
COSU5901960,COSU,590196,0
IMIU4298391,IMIU,429839,1
UFMU9061242,UFMU,906124,2
JDZU3118563,JDZU,311856,3
RCIU5405575,RCIU,540557,5
NFTU6974632,NFTU,697463,2
HXQU9509274,HXQU,950927,4
ZODU5554130,ZODU,555413,0
VLNU9641737,VLNU,964173,7
MNBU8697153,MNBU,869715,3
PNEU1546734,PNEU,154673,4
UYCU1702311,UYCU,170231,1
AUXU9926945,AUXU,992694,5
XYNU8369869,XYNU,836986,9
BMUU3734188,BMUU,373418,8
BLCU3990996,BLCU,399099,6
BYGU5569800,BYGU,556980,0
ZRYU3859680,ZRYU,385968,0
FKBU8708607,FKBU,870860,7
OQBU2458884,OQBU,245888,4
LUZU3923892,LUZU,392389,2
AUNU1234128,AUNU,123412,8
JRCU0052155,JRCU,005215,5
SBXU4418666,SBXU,441866,6
IFLU8923584,IFLU,892358,4
NSZU9991038,NSZU,999103,8
RBWU6000623,RBWU,600062,3
WRKU5803415,WRKU,580341,5
GDDU1073095,GDDU,107309,5
NZYU3903220,NZYU,390322,0
MSSU4003135,MSSU,400313,5
IDQU3923966,IDQU,392396,6
TFJU6898570,TFJU,689857,0
CCGU1409483,CCGU,140948,3
ARZU1006650,ARZU,100665,0
NENU8627433,NENU,862743,3
RZUU2586955,RZUU,258695,5
OWTU6043126,OWTU,604312,6
PDRU0214567,PDRU,021456,7
THZU7439569,THZU,743956,9
EHRU2244680,EHRU,224468,0
AILU4612690,AILU,461269,0
NWDU9724202,NWDU,972420,2
ISFU1688631,ISFU,168863,1
MTUU1806390,MTUU,180639,0
DMFU1379750,DMFU,137975,0
LUQU0940729,LUQU,094072,9
IFUU1982720,IFUU,198272,0
HCLU0421290,HCLU,042129,0
XXQU0947656,XXQU,094765,6
EZWU3447799,EZWU,344779,9
VEOU4808420,VEOU,480842,0
KFRU7653050,KFRU,765305,0
YGPU1567334,YGPU,156733,4
WRCU8443756,WRCU,844375,6
SKZU5932713,SKZU,593271,3
QHFU8684043,QHFU,868404,3
AWSU0462132,AWSU,046213,2
KPDU9982050,KPDU,998205,0
IGUU5441583,IGUU,544158,3
RRZU0139758,RRZU,013975,8
JCOU3818350,JCOU,381835,0
GSVU5880380,GSVU,588038,0
HCOU1803004,HCOU,180300,4
LOKU8641883,LOKU,864188,3
QDYU9847524,QDYU,984752,4
NFCU0367364,NFCU,036736,4
NGZU2822829,NGZU,282282,9
SIIU4982928,SIIU,498292,8
YHCU4025071,YHCU,402507,1
WDTU7537340,WDTU,753734,0
QRUU2078643,QRUU,207864,3
IKIU0411396,IKIU,041139,6
MPWU4793449,MPWU,479344,9
OCMU1236174,OCMU,123617,4
PGLU5849878,PGLU,584987,8
WXIU0806736,WXIU,080673,6
WMKU6746429,WMKU,674642,9
DGLU7338089,DGLU,733808,9
ELQU5203762,ELQU,520376,2
WABU0510989,WABU,051098,9
DXLU0509517,DXLU,050951,7
CMTU7745568,CMTU,774556,8
TWAU6888780,TWAU,688878,0
EOZU2088651,EOZU,208865,1
TEPU5332961,TEPU,533296,1
OSLU0780299,OSLU,078029,9
RREU0801346,RREU,080134,6
JUZU3655930,JUZU,365593,0
HXIU5984458,HXIU,598445,8
UCDU2929640,UCDU,292964,0
TVGU4712944,TVGU,471294,4
BVZU3340245,BVZU,334024,5
SDKU0249905,SDKU,024990,5
CEKU3452002,CEKU,345200,2
XYHU0214119,XYHU,021411,9
QCUU9707651,QCUU,970765,1
YGGU6693093,YGGU,669309,3
ZSTU6279052,ZSTU,627905,2
PNCU5474810,PNCU,547481,0
AEYU4737258,AEYU,473725,8
GQCU2448095,GQCU,244809,5
FJWU0105785,FJWU,010578,5
DMGU8764243,DMGU,876424,3
LDBU5142398,LDBU,514239,8
XJNU6413262,XJNU,641326,2
RJZU8286893,RJZU,828689,3
EDTU2544158,EDTU,254415,8
RDQU3299400,RDQU,329940,0
ZZKU6981684,ZZKU,698168,4
MIGU8902738,MIGU,890273,8
BBKU1681600,BBKU,168160,0
ZUOU3143793,ZUOU,314379,3
RBSU9355634,RBSU,935563,4
SMVU2518001,SMVU,251800,1
SMKU7759302,SMKU,775930,2
TUZU2984102,TUZU,298410,2
NVXU8716303,NVXU,871630,3
TCZU5256240,TCZU,525624,0
NYUU9342512,NYUU,934251,2
OGZU9786447,OGZU,978644,7
ZSRU4245293,ZSRU,424529,3
ULCU9811606,ULCU,981160,6
RGXU9744703,RGXU,974470,3
VEJU8541155,VEJU,854115,5
XCNU6055382,XCNU,605538,2
CHGU5324151,CHGU,532415,1
RBJU4461093,RBJU,446109,3
TLYU3080368,TLYU,308036,8
QEDU0389115,QEDU,038911,5
CCVU2217358,CCVU,221735,8
HOXU1637860,HOXU,163786,0
YPWU9319239,YPWU,931923,9
ZCPU8899150,ZCPU,889915,0
QYCU5427092,QYCU,542709,2
XSJU2601810,XSJU,260181,0
JYVU0461787,JYVU,046178,7
EQNU2334290,EQNU,233429,0
PSKU1140258,PSKU,114025,8
HLFU1886490,HLFU,188649,0
WJYU4688200,WJYU,468820,0
KDNU7104670,KDNU,710467,0
KGAU9944130,KGAU,994413,0
AGBU9154282,AGBU,915428,2
UPJU0132510,UPJU,013251,0
JQLU3358143,JQLU,335814,3
PKMU0456734,PKMU,045673,4
WWJU9757125,WWJU,975712,5
EQQU2741491,EQQU,274149,1
MPMU8374820,MPMU,837482,0
LISU5294287,LISU,529428,7
PDJU3556724,PDJU,355672,4
DUDU7336711,DUDU,733671,1
MGPU0670270,MGPU,067027,0
EUZU4695070,EUZU,469507,0
SBGU9072957,SBGU,907295,7
JFUU5910674,JFUU,591067,4
ZBNU2872492,ZBNU,287249,2
SUHU7831381,SUHU,783138,1
SGAU3331078,SGAU,333107,8
WHFU0332973,WHFU,033297,3
DBAU2645759,DBAU,264575,9
WIQU7729762,WIQU,772976,2
OBFU4170716,OBFU,417071,6
TQRU1943665,TQRU,194366,5
JKMU7855093,JKMU,785509,3
YSZU6367646,YSZU,636764,6
NCZU7047840,NCZU,704784,0
TQHU9514332,TQHU,951433,2
XUGU0233878,XUGU,023387,8
EGHU8493842,EGHU,849384,2
FQWU6537292,FQWU,653729,2
OXTU9703713,OXTU,970371,3
TJLU0924026,TJLU,092402,6
AWFU5216510,AWFU,521651,0
IUDU5493465,IUDU,549346,5
LILU2668829,LILU,266882,9
GSEU4482417,GSEU,448241,7
YJTU9605214,YJTU,960521,4
QPMU4577910,QPMU,457791,0
NRAU0620454,NRAU,062045,4
XDQU1023030,XDQU,102303,0
HWXU7597740,HWXU,759774,0
MWUU0704792,MWUU,070479,2
UNHU4012466,UNHU,401246,6
UYAU1036750,UYAU,103675,0
KKWU4864106,KKWU,486410,6
FLGU4863546,FLGU,486354,6
WXYU6234150,WXYU,623415,0
MXHU3814686,MXHU,381468,6
UAAU8146209,UAAU,814620,9
SHMU1929269,SHMU,192926,9
FAYU6920789,FAYU,692078,9
WXBU2166397,WXBU,216639,7
AJLU5248183,AJLU,524818,3
VINU4811350,VINU,481135,0
CAIU9978364,CAIU,997836,4
CPMU8440795,CPMU,844079,5
BQAU9994301,BQAU,999430,1
IMQU7391685,IMQU,739168,5
QPLU6942876,QPLU,694287,6
VKXU7884570,VKXU,788457,0
XCYU1958888,XCYU,195888,8
HTGU6484255,HTGU,648425,5
YNWU9818682,YNWU,981868,2
KTKU8578746,KTKU,857874,6
AYBU1720749,AYBU,172074,9
VMQU0545798,VMQU,054579,8
DJJU6596118,DJJU,659611,8
BYWU6643759,BYWU,664375,9
JNOU7061740,JNOU,706174,0
UMKU4518134,UMKU,451813,4
FKMU8011827,FKMU,801182,7
FTFU9974409,FTFU,997440,9
RLBU3715640,RLBU,371564,0
SFNU1027916,SFNU,102791,6
DRIU9956381,DRIU,995638,1
MICU3493735,MICU,349373,5
JMHU0219431,JMHU,021943,1
TTIU4906746,TTIU,490674,6
JXZU2048409,JXZU,204840,9
USXU4738767,USXU,473876,7
EQRU6699222,EQRU,669922,2
EOUU2674970,EOUU,267497,0
VHAU3106405,VHAU,310640,5
NBDU6666380,NBDU,666638,0
AGJU6589948,AGJU,658994,8
GLMU9902385,GLMU,990238,5
SKAU5119379,SKAU,511937,9
FVIU8296258,FVIU,829625,8
VCQU9734468,VCQU,973446,8
SXEU2217459,SXEU,221745,9
GEKU5529766,GEKU,552976,6
BLGU1116538,BLGU,111653,8
KELU3207400,KELU,320740,0
IQWU5576379,IQWU,557637,9
IKWU7972247,IKWU,797224,7
BIEU1958315,BIEU,195831,5
ZKUU6046762,ZKUU,604676,2
GOXU2877232,GOXU,287723,2
APYU4284370,APYU,428437,0
DKOU7267189,DKOU,726718,9
DGEU7344539,DGEU,734453,9
QNLU7115328,QNLU,711532,8
DWSU1313970,DWSU,131397,0
WFJU1320392,WFJU,132039,2
QJXU9071680,QJXU,907168,0
DXKU3007705,DXKU,300770,5
PAIU1983602,PAIU,198360,2
KUGU5118615,KUGU,511861,5
CIXU8732327,CIXU,873232,7
TUIU0366430,TUIU,036643,0
QWOU9517304,QWOU,951730,4
SBFU9195048,SBFU,919504,8
XZWU1550050,XZWU,155005,0
MDOU9022432,MDOU,902243,2
DDQU1794021,DDQU,179402,1
LVFU1137898,LVFU,113789,8
UERU2176890,UERU,217689,0
SGEU8024046,SGEU,802404,6
YRYU2420855,YRYU,242085,5
JNIU7871175,JNIU,787117,5
UOPU9986663,UOPU,998666,3
UHVU0494236,UHVU,049423,6
QDUU9034700,QDUU,903470,0
ADDU0579185,ADDU,057918,5
SQPU6447633,SQPU,644763,3
TMSU2233221,TMSU,223322,1
TZFU8866474,TZFU,886647,4
DSQU2393505,DSQU,239350,5
XEIU8358522,XEIU,835852,2
ECRU4365764,ECRU,436576,4
FYAU1166424,FYAU,116642,4
NQIU1826517,NQIU,182651,7
CQTU7933460,CQTU,793346,0
KBRU8457815,KBRU,845781,5
XYHU8003025,XYHU,800302,5
ROSU8544161,ROSU,854416,1
EFZU9301354,EFZU,930135,4
SAUU2495515,SAUU,249551,5
CBWU4762184,CBWU,476218,4
TQSU1780664,TQSU,178066,4
OMMU1698085,OMMU,169808,5
IFSU5497201,IFSU,549720,1
CKEU6117840,CKEU,611784,0
AARU8961458,AARU,896145,8
IGEU6299888,IGEU,629988,8
BZRU5009631,BZRU,500963,1
JKUU8202826,JKUU,820282,6
SKJU6194882,SKJU,619488,2
JCMU7169170,JCMU,716917,0
HSOU9905955,HSOU,990595,5
XHBU3529387,XHBU,352938,7
XLOU0610509,XLOU,061050,9
BWWU5639154,BWWU,563915,4
AYDU7372503,AYDU,737250,3
APHU3842328,APHU,384232,8
AYUU6670670,AYUU,667067,0
NHYU1041497,NHYU,104149,7
ZDUU8381617,ZDUU,838161,7
SLBU9070257,SLBU,907025,7
LIDU5960127,LIDU,596012,7
BZIU9889539,BZIU,988953,9
BNPU9455409,BNPU,945540,9
PPMU9187154,PPMU,918715,4
TKDU8930981,TKDU,893098,1
UFMU8132439,UFMU,813243,9
FQWU2991347,FQWU,299134,7
HHMU8694720,HHMU,869472,0
QCAU9278599,QCAU,927859,9
XXEU8619039,XXEU,861903,9
XMKU9493752,XMKU,949375,2
LCLU0226154,LCLU,022615,4
PBQU1663708,PBQU,166370,8
JVWU7889728,JVWU,788972,8
HKZU3708792,HKZU,370879,2
NEOU2015985,NEOU,201598,5
NLVU3845580,NLVU,384558,0
CVZU1632017,CVZU,163201,7
FFEU8983616,FFEU,898361,6
BTDU9285287,BTDU,928528,7
LQDU4326161,LQDU,432616,1
BOOU2873848,BOOU,287384,8
XPMU5159810,XPMU,515981,0
CCNU0154807,CCNU,015480,7
ZICU1385204,ZICU,138520,4
CRJU1954174,CRJU,195417,4
ZZMU9669177,ZZMU,966917,7
KMMU3337786,KMMU,333778,6
YPVU6988031,YPVU,698803,1
VYSU1821103,VYSU,182110,3
UGFU3594186,UGFU,359418,6
XKBU8538540,XKBU,853854,0
URJU4630936,URJU,463093,6
CVAU5367270,CVAU,536727,0
QPKU8346816,QPKU,834681,6
KUJU4557471,KUJU,455747,1
PETU5873102,PETU,587310,2
ZPGU0458727,ZPGU,045872,7
XMLU4089350,XMLU,408935,0
HANU1413537,HANU,141353,7
DMAU7514537,DMAU,751453,7
BDOU5280757,BDOU,528075,7
KXEU3451313,KXEU,345131,3
LWQU6462957,LWQU,646295,7
IIUU2454235,IIUU,245423,5
UXWU4229108,UXWU,422910,8
PXVU1522460,PXVU,152246,0
NQJU9941336,NQJU,994133,6
IOOU6899301,IOOU,689930,1
FMBU8152278,FMBU,815227,8
GDRU5134927,GDRU,513492,7
SBGU6921520,SBGU,692152,0
XWSU1761445,XWSU,176144,5
FRGU8386885,FRGU,838688,5
NXXU2221846,NXXU,222184,6
UHFU6079535,UHFU,607953,5
YNOU8731672,YNOU,873167,2
OJXU7654500,OJXU,765450,0
ELDU3304222,ELDU,330422,2
UQRU1577968,UQRU,157796,8
ZGWU9087373,ZGWU,908737,3
OPRU9324531,OPRU,932453,1
DKKU8812119,DKKU,881211,9
JUBU3468549,JUBU,346854,9
YZHU3605531,YZHU,360553,1
IYJU2482215,IYJU,248221,5
FKDU3029410,FKDU,302941,0
HFLU7552174,HFLU,755217,4
FOFU9249471,FOFU,924947,1
BZKU7703600,BZKU,770360,0
YCNU8861032,YCNU,886103,2
BRHU2976035,BRHU,297603,5
CLHU8837320,CLHU,883732,0
THKU3843143,THKU,384314,3
GHMU2184380,GHMU,218438,0
LDIU0835965,LDIU,083596,5
MKGU8963130,MKGU,896313,0
DROU2700813,DROU,270081,3
YLRU0371577,YLRU,037157,7
QNHU8913622,QNHU,891362,2
OQQU6074714,OQQU,607471,4
GNNU9053686,GNNU,905368,6
FSMU8190190,FSMU,819019,0
XCYU4751620,XCYU,475162,0
SGNU0024690,SGNU,002469,0
XNBU8509832,XNBU,850983,2
ZUGU7758324,ZUGU,775832,4
DNUU1484484,DNUU,148448,4
XXCU0740556,XXCU,074055,6
ILJU7482505,ILJU,748250,5
GYEU5659855,GYEU,565985,5
TUVU9373918,TUVU,937391,8
FXBU1484077,FXBU,148407,7
HTDU6452220,HTDU,645222,0
JRPU0391083,JRPU,039108,3
MKIU2810635,MKIU,281063,5
HONU9845860,HONU,984586,0
AMCU2268253,AMCU,226825,3
QFIU7429919,QFIU,742991,9
HIFU8333397,HIFU,833339,7
AIOU9686905,AIOU,968690,5
TXGU4900056,TXGU,490005,6
QGPU3122720,QGPU,312272,0
IPGU5247714,IPGU,524771,4
NLVU1681424,NLVU,168142,4
PPDU7511400,PPDU,751140,0
WXDU6037667,WXDU,603766,7
XUVU3562523,XUVU,356252,3
CTBU8625914,CTBU,862591,4
ZBSU9978904,ZBSU,997890,4
NRXU6290631,NRXU,629063,1
LDBU2646060,LDBU,264606,0
IIMU2354160,IIMU,235416,0
GOQU3110708,GOQU,311070,8
XAIU2887936,XAIU,288793,6
WJYU0048340,WJYU,004834,0
RNZU5431718,RNZU,543171,8
XFKU1872457,XFKU,187245,7
WJGU1163622,WJGU,116362,2
YBIU5547868,YBIU,554786,8
OADU9170826,OADU,917082,6
UGNU4394924,UGNU,439492,4
LDIU3568420,LDIU,356842,0
VSHU7715186,VSHU,771518,6
EJQU9356424,EJQU,935642,4
QBKU5478658,QBKU,547865,8
DQUU4705809,DQUU,470580,9
UWUU3452958,UWUU,345295,8
RZQU2422915,RZQU,242291,5
UUCU0968714,UUCU,096871,4
KVXU8308653,KVXU,830865,3
HHCU1984769,HHCU,198476,9
PPUU6067447,PPUU,606744,7
OZRU1600063,OZRU,160006,3
UJRU0995038,UJRU,099503,8
OIUU5718148,OIUU,571814,8
ADCU3989908,ADCU,398990,8
HURU0640762,HURU,064076,2
SOBU8311680,SOBU,831168,0
XEXU9768354,XEXU,976835,4
FXSU0835819,FXSU,083581,9
MWCU0801920,MWCU,080192,0
HTQU9529179,HTQU,952917,9
SVLU9386749,SVLU,938674,9
IZNU4206849,IZNU,420684,9
ACMU3774370,ACMU,377437,0
WXIU0863145,WXIU,086314,5
YVXU5195590,YVXU,519559,0
DJZU4663172,DJZU,466317,2
DDWU5862515,DDWU,586251,5
MHJU2738098,MHJU,273809,8
SBEU3849467,SBEU,384946,7
HTVU7115422,HTVU,711542,2
ITPU0746334,ITPU,074633,4
GYBU8421854,GYBU,842185,4
HHNU5303770,HHNU,530377,0
QJZU2885580,QJZU,288558,0
IRAU5484205,IRAU,548420,5
XGFU5051860,XGFU,505186,0
PDBU0161188,PDBU,016118,8
AMXU1780485,AMXU,178048,5
CBCU0225696,CBCU,022569,6
QQHU8763723,QQHU,876372,3
YFKU2346669,YFKU,234666,9
FTIU2821570,FTIU,282157,0
YBRU8007495,YBRU,800749,5
JCXU6027560,JCXU,602756,0
ANKU2588290,ANKU,258829,0
MAZU2189656,MAZU,218965,6
XGZU2177026,XGZU,217702,6
MQDU1784270,MQDU,178427,0
XKDU5926935,XKDU,592693,5
IMIU2590172,IMIU,259017,2
MZDU2782876,MZDU,278287,6
ZOCU7486560,ZOCU,748656,0
SEJU3498406,SEJU,349840,6
YWBU3497532,YWBU,349753,2
OHIU5812279,OHIU,581227,9
HWUU3692827,HWUU,369282,7
UIPU2502276,UIPU,250227,6
WVZU3347132,WVZU,334713,2
MSPU0440711,MSPU,044071,1
FBIU2353094,FBIU,235309,4
QGRU5356956,QGRU,535695,6
FGNU7591331,FGNU,759133,1
CEFU8568722,CEFU,856872,2
RHKU6018113,RHKU,601811,3
QFPU0144446,QFPU,014444,6
ZQVU2537304,ZQVU,253730,4
ICPU0998375,ICPU,099837,5
YPVU2284610,YPVU,228461,0
LDCU1704994,LDCU,170499,4
YWMU0230274,YWMU,023027,4
TIVU4376994,TIVU,437699,4
NHTU0751276,NHTU,075127,6
XPPU9385457,XPPU,938545,7
XXQU3963835,XXQU,396383,5
XNUU9812569,XNUU,981256,9
XSUU5182579,XSUU,518257,9
VVLU0759151,VVLU,075915,1
ZLVU7605070,ZLVU,760507,0
KZHU6067693,KZHU,606769,3
HROU7658324,HROU,765832,4
HCUU4220738,HCUU,422073,8
MRVU4261913,MRVU,426191,3
JOBU2950684,JOBU,295068,4
ZDZU3442624,ZDZU,344262,4
UMHU8272752,UMHU,827275,2
XGAU0502070,XGAU,050207,0
ALYU5386872,ALYU,538687,2
IEWU0136732,IEWU,013673,2
JZYU0022447,JZYU,002244,7
IHLU1760880,IHLU,176088,0
XLMU9876391,XLMU,987639,1
XXPU6339182,XXPU,633918,2
KNEU0067217,KNEU,006721,7
QWTU6310672,QWTU,631067,2
JUHU9959238,JUHU,995923,8
JRXU2945905,JRXU,294590,5
YONU2775687,YONU,277568,7
ODLU8101060,ODLU,810106,0
MYHU1451264,MYHU,145126,4
QBPU7461851,QBPU,746185,1
QMYU7009520,QMYU,700952,0
KNOU0511173,KNOU,051117,3
DLYU4339226,DLYU,433922,6
DWOU8146485,DWOU,814648,5
AKAU9172558,AKAU,917255,8
SQSU4979685,SQSU,497968,5
FOMU1927714,FOMU,192771,4
UKRU1717835,UKRU,171783,5
AEBU1375977,AEBU,137597,7
ELVU5323902,ELVU,532390,2
AKUU4383666,AKUU,438366,6
KJXU5575706,KJXU,557570,6
LNEU5795500,LNEU,579550,0
FTGU2321181,FTGU,232118,1
THEU6276972,THEU,627697,2
VPLU1742295,VPLU,174229,5
AGUU5791916,AGUU,579191,6
QUSU8616615,QUSU,861661,5
IDGU3508374,IDGU,350837,4
WDRU6472817,WDRU,647281,7
RNZU6666574,RNZU,666657,4
PGZU9254975,PGZU,925497,5
IRUU7460202,IRUU,746020,2
BPSU7633872,BPSU,763387,2
PHLU3082095,PHLU,308209,5
XNEU9381351,XNEU,938135,1
MSFU5494990,MSFU,549499,0
RHLU7749357,RHLU,774935,7
LTXU4263726,LTXU,426372,6
ICWU6590224,ICWU,659022,4
DJBU5181416,DJBU,518141,6
PKUU6710233,PKUU,671023,3
HTWU7518550,HTWU,751855,0
CYMU4078238,CYMU,407823,8
EISU1584866,EISU,158486,6
BRQU6704535,BRQU,670453,5
ZOTU7836535,ZOTU,783653,5
EDOU3912894,EDOU,391289,4
OVKU1224890,OVKU,122489,0
RRYU2595820,RRYU,259582,0
ILOU8758729,ILOU,875872,9
CYZU0409811,CYZU,040981,1
DBQU1088762,DBQU,108876,2
DDVU9794164,DDVU,979416,4
FQGU6092853,FQGU,609285,3
NVIU9040119,NVIU,904011,9
GSDU1629199,GSDU,162919,9
GFDU0087837,GFDU,008783,7
JPZU9448890,JPZU,944889,0
UNGU7171426,UNGU,717142,6
WKAU5793837,WKAU,579383,7
ZVYU6161460,ZVYU,616146,0
ENBU2051785,ENBU,205178,5
LPBU2691952,LPBU,269195,2
MFTU5231349,MFTU,523134,9
BMMU9505528,BMMU,950552,8
TVKU9854988,TVKU,985498,8
DNAU7762026,DNAU,776202,6
YVCU1642546,YVCU,164254,6
IMAU0784242,IMAU,078424,2
TPNU9938123,TPNU,993812,3
UOCU9049184,UOCU,904918,4
BKOU9699699,BKOU,969969,9
DVNU1747386,DVNU,174738,6
PZVU2042350,PZVU,204235,0
WPFU7034766,WPFU,703476,6
OUKU0066246,OUKU,006624,6
VXJU1943227,VXJU,194322,7
CGWU9911649,CGWU,991164,9
IZBU3826257,IZBU,382625,7
NVVU1420647,NVVU,142064,7
IOBU1169450,IOBU,116945,0
LRSU0368852,LRSU,036885,2
EOCU5935450,EOCU,593545,0
ZZFU9278363,ZZFU,927836,3
SHQU0024049,SHQU,002404,9
HJLU6666020,HJLU,666602,0
VJZU7112037,VJZU,711203,7
BHSU5175183,BHSU,517518,3
HUGU5840456,HUGU,584045,6
AXMU7696240,AXMU,769624,0
QLAU0324710,QLAU,032471,0
UZDU6437108,UZDU,643710,8
PBCU5021532,PBCU,502153,2
UFTU4039560,UFTU,403956,0
NXUU7705319,NXUU,770531,9
BPDU6901020,BPDU,690102,0
PIXU3764854,PIXU,376485,4
BQKU3126499,BQKU,312649,9
DZRU6493630,DZRU,649363,0
ADUU9358513,ADUU,935851,3
XGAU1605956,XGAU,160595,6
FZRU4264723,FZRU,426472,3
NUEU3840857,NUEU,384085,7
VOIU8855609,VOIU,885560,9
CBEU5837726,CBEU,583772,6
KFAU1464087,KFAU,146408,7
PQCU0234909,PQCU,023490,9
KJXU3358580,KJXU,335858,0
DNMU6091161,DNMU,609116,1
DWWU6605063,DWWU,660506,3
OHAU4478713,OHAU,447871,3
DVTU6315108,DVTU,631510,8
FYSU9747310,FYSU,974731,0
MPQU7501458,MPQU,750145,8
KETU4688568,KETU,468856,8
ABNU7610442,ABNU,761044,2
JOXU5589551,JOXU,558955,1
FDSU7585590,FDSU,758559,0
LLXU6943965,LLXU,694396,5
PVTU1035111,PVTU,103511,1
WOZU2231061,WOZU,223106,1
OXEU5739617,OXEU,573961,7
PCGU3527087,PCGU,352708,7
BQXU7567882,BQXU,756788,2
KSJU3231759,KSJU,323175,9
DKGU5127415,DKGU,512741,5
PQZU6750122,PQZU,675012,2
PKQU0682443,PKQU,068244,3
BATU7172840,BATU,717284,0
SUSU1463630,SUSU,146363,0
KGHU8343046,KGHU,834304,6
FIJU9303194,FIJU,930319,4
HJRU2334456,HJRU,233445,6
HPHU5484616,HPHU,548461,6
BHQU3504739,BHQU,350473,9
TLNU5623500,TLNU,562350,0
DVNU6265685,DVNU,626568,5
RIWU2768004,RIWU,276800,4
XZSU7204720,XZSU,720472,0
JONU2129953,JONU,212995,3
CJBU2258112,CJBU,225811,2
JTLU1791632,JTLU,179163,2
PETU6673222,PETU,667322,2
BTAU1763507,BTAU,176350,7
PYQU1135265,PYQU,113526,5
SHGU1272369,SHGU,127236,9
VYPU4936110,VYPU,493611,0
DFHU3659394,DFHU,365939,4
CPZU5267917,CPZU,526791,7
GOEU6079872,GOEU,607987,2
DTBU6283135,DTBU,628313,5
XMMU2120568,XMMU,212056,8
XPBU7498336,XPBU,749833,6
ONYU3100118,ONYU,310011,8
MPMU4065818,MPMU,406581,8
MDCU7903248,MDCU,790324,8
SMVU7892441,SMVU,789244,1
WNNU6082732,WNNU,608273,2
XTJU2164306,XTJU,216430,6
AAQU3697360,AAQU,369736,0
CIUU9465600,CIUU,946560,0
AVAU2515290,AVAU,251529,0
YJIU8227055,YJIU,822705,5
TXPU0104144,TXPU,010414,4
NNKU0176276,NNKU,017627,6
VGNU2443873,VGNU,244387,3
OHIU3653521,OHIU,365352,1
TVLU6023885,TVLU,602388,5
TCNU7132452,TCNU,713245,2
UDYU7939862,UDYU,793986,2
ZGJU7294891,ZGJU,729489,1
ZMMU6320566,ZMMU,632056,6
ZRMU2256344,ZRMU,225634,4
FUPU3050539,FUPU,305053,9
PUYU6055839,PUYU,605583,9
NVHU3669707,NVHU,366970,7
SUUU0047147,SUUU,004714,7
ABOU7096574,ABOU,709657,4
EQWU8205819,EQWU,820581,9
FPZU4776553,FPZU,477655,3
FSSU7636931,FSSU,763693,1
QTWU7741650,QTWU,774165,0
VCYU5204987,VCYU,520498,7
KHEU4518229,KHEU,451822,9
NTIU5697624,NTIU,569762,4
XIEU4272043,XIEU,427204,3
XRUU6178951,XRUU,617895,1
DHRU5541552,DHRU,554155,2
RHIU7083712,RHIU,708371,2
FVJU9043582,FVJU,904358,2
WFDU4415057,WFDU,441505,7
XVVU0892762,XVVU,089276,2
VJKU9701142,VJKU,970114,2
DFXU2965414,DFXU,296541,4
QXYU9976774,QXYU,997677,4
LKPU8796110,LKPU,879611,0
XLAU4198541,XLAU,419854,1
FFRU0334709,FFRU,033470,9
IOYU2481946,IOYU,248194,6
XVNU6988576,XVNU,698857,6
QRLU4349470,QRLU,434947,0
GCYU4638350,GCYU,463835,0
DLWU1322984,DLWU,132298,4
BRRU5592408,BRRU,559240,8
VXTU1722904,VXTU,172290,4
YOAU9566771,YOAU,956677,1
EMCU0085047,EMCU,008504,7
XEDU2067434,XEDU,206743,4
RAHU2131506,RAHU,213150,6
JHKU3874020,JHKU,387402,0
ZJLU9340673,ZJLU,934067,3
AXAU0684627,AXAU,068462,7
QFSU7370908,QFSU,737090,8
PVLU3257802,PVLU,325780,2
NIAU5480629,NIAU,548062,9
TPJU1298058,TPJU,129805,8
YDUU0191965,YDUU,019196,5
QUUU6302823,QUUU,630282,3
BUWU1215912,BUWU,121591,2
ULLU9461459,ULLU,946145,9
LTTU3026906,LTTU,302690,6
FPQU3250383,FPQU,325038,3
CNNU5644120,CNNU,564412,0
QDMU4564714,QDMU,456471,4
CMBU7671595,CMBU,767159,5
PFOU0317151,PFOU,031715,1
ISWU6550259,ISWU,655025,9
QNDU4047079,QNDU,404707,9
ZEHU8112856,ZEHU,811285,6
TJZU2280478,TJZU,228047,8
BTEU6917922,BTEU,691792,2
OZQU8263490,OZQU,826349,0
MHEU7249511,MHEU,724951,1
YWSU8099413,YWSU,809941,3
PLCU0563119,PLCU,056311,9
JBXU0480670,JBXU,048067,0
QEKU5024645,QEKU,502464,5
TNWU7883913,TNWU,788391,3
NAGU0359249,NAGU,035924,9
JIAU3298760,JIAU,329876,0
RDQU8649121,RDQU,864912,1
IFFU5703132,IFFU,570313,2
JXPU2326367,JXPU,232636,7
GDAU7008507,GDAU,700850,7
ZGZU7798291,ZGZU,779829,1
CGUU4665599,CGUU,466559,9
ZXTU2877817,ZXTU,287781,7
KYGU5897319,KYGU,589731,9
DCNU5895640,DCNU,589564,0
ATZU9211660,ATZU,921166,0
RHKU4797396,RHKU,479739,6
LDYU3576565,LDYU,357656,5
SJVU6480484,SJVU,648048,4
VIBU7766638,VIBU,776663,8
WPBU9237900,WPBU,923790,0
MNPU1394967,MNPU,139496,7
BTOU5267268,BTOU,526726,8
OMRU6042014,OMRU,604201,4
ZADU6033522,ZADU,603352,2
IVZU0553562,IVZU,055356,2
ZMTU5148524,ZMTU,514852,4
EFCU3674658,EFCU,367465,8
OWFU1387248,OWFU,138724,8
PMJU1419171,PMJU,141917,1
EQOU7180863,EQOU,718086,3
OEEU9777751,OEEU,977775,1
SZIU9991700,SZIU,999170,0
MLXU4636092,MLXU,463609,2
HLUU2513313,HLUU,251331,3
KLRU5007650,KLRU,500765,0
SRIU8962471,SRIU,896247,1
OURU4261656,OURU,426165,6
SAWU9762595,SAWU,976259,5
JHAU5360273,JHAU,536027,3
ORZU6181557,ORZU,618155,7
RIXU1896663,RIXU,189666,3
JVOU8249810,JVOU,824981,0
KHZU4369010,KHZU,436901,0
TIDU5425154,TIDU,542515,4
OCMU7798857,OCMU,779885,7
WLEU2203040,WLEU,220304,0
LQNU8768048,LQNU,876804,8
AQWU2939425,AQWU,293942,5
MHNU9434813,MHNU,943481,3
ODKU7368435,ODKU,736843,5
POQU2744332,POQU,274433,2
XYLU1833815,XYLU,183381,5
OEGU5077248,OEGU,507724,8
FVLU4102385,FVLU,410238,5
AIZU0372126,AIZU,037212,6
VVTU9590565,VVTU,959056,5
KRRU4791492,KRRU,479149,2
AZLU4269707,AZLU,426970,7
YOBU8768380,YOBU,876838,0
NDJU1096443,NDJU,109644,3
CGLU3181215,CGLU,318121,5
JJEU9974097,JJEU,997409,7
WRKU1818628,WRKU,181862,8
KAMU9242255,KAMU,924225,5
YXZU6793386,YXZU,679338,6
EWGU4995517,EWGU,499551,7
GVZU4326544,GVZU,432654,4
TURU7620965,TURU,762096,5
MBUU0309559,MBUU,030955,9
LKMU8615490,LKMU,861549,0
BSOU0910071,BSOU,091007,1
PHCU3079752,PHCU,307975,2
TEWU8925297,TEWU,892529,7
VHVU6024606,VHVU,602460,6
XBCU6567470,XBCU,656747,0
GJAU1249133,GJAU,124913,3
TTGU7453029,TTGU,745302,9
OMXU1119850,OMXU,111985,0
HRKU6898976,HRKU,689897,6
ZLVU8052997,ZLVU,805299,7
AOVU0392542,AOVU,039254,2
HGAU5948664,HGAU,594866,4
DGAU1419720,DGAU,141972,0
UJUU4224960,UJUU,422496,0
TBAU6508364,TBAU,650836,4
JRJU5163748,JRJU,516374,8
GFQU0946379,GFQU,094637,9
VGSU7636960,VGSU,763696,0
SBJU6568965,SBJU,656896,5
NNVU0853498,NNVU,085349,8
EONU5935198,EONU,593519,8
HVVU0139979,HVVU,013997,9
KPHU9789745,KPHU,978974,5
RSLU4442707,RSLU,444270,7
QXCU9804696,QXCU,980469,6
RIWU6426972,RIWU,642697,2
YBRU3899819,YBRU,389981,9
RRAU8819852,RRAU,881985,2
OEJU0179314,OEJU,017931,4
EFEU1633512,EFEU,163351,2
PAYU6407713,PAYU,640771,3
IBGU4612116,IBGU,461211,6
YMSU0645586,YMSU,064558,6
HQMU4302921,HQMU,430292,1
WDPU2982522,WDPU,298252,2
GOYU9008933,GOYU,900893,3
RMEU2290185,RMEU,229018,5
MXYU9197317,MXYU,919731,7
GTAU5636845,GTAU,563684,5
AOJU0044649,AOJU,004464,9
OMMU1983610,OMMU,198361,0
YBIU3368170,YBIU,336817,0
PQBU2421335,PQBU,242133,5
ODBU8085843,ODBU,808584,3
WAZU1482464,WAZU,148246,4
NUBU7287395,NUBU,728739,5
OXWU9364316,OXWU,936431,6
PHAU1996875,PHAU,199687,5
QLBU3695142,QLBU,369514,2
MYPU6637676,MYPU,663767,6
DQJU1649375,DQJU,164937,5
TIZU3873990,TIZU,387399,0
MDNU1133550,MDNU,113355,0
FDTU6413413,FDTU,641341,3
VTTU8387162,VTTU,838716,2
DYBU0747775,DYBU,074777,5
JFRU1647316,JFRU,164731,6
QPUU0440209,QPUU,044020,9
GAIU1692655,GAIU,169265,5
MIZU0693622,MIZU,069362,2
QTQU4385530,QTQU,438553,0
PTOU2193041,PTOU,219304,1
YNFU3912882,YNFU,391288,2
HATU6104825,HATU,610482,5
OQZU9303889,OQZU,930388,9
UGHU9018056,UGHU,901805,6
FVNU7980545,FVNU,798054,5
XLUU4242177,XLUU,424217,7
PKTU3234715,PKTU,323471,5
RPCU3706059,RPCU,370605,9
ETYU4567556,ETYU,456755,6
MOUU5539035,MOUU,553903,5
NJKU2171470,NJKU,217147,0
LPYU7674840,LPYU,767484,0
CHTU8732435,CHTU,873243,5
CFWU5324981,CFWU,532498,1
LRQU2202694,LRQU,220269,4
ZYYU6061770,ZYYU,606177,0
ZFUU3107850,ZFUU,310785,0
UXXU0786217,UXXU,078621,7
LOBU2987310,LOBU,298731,0
IHGU9949435,IHGU,994943,5
AUIU5080796,AUIU,508079,6
WUFU1257864,WUFU,125786,4
RMFU1333590,RMFU,133359,0
HANU3083692,HANU,308369,2
PBUU1721265,PBUU,172126,5
ZHWU1016185,ZHWU,101618,5
IFHU5552136,IFHU,555213,6
JVKU4975919,JVKU,497591,9
IMSU6321248,IMSU,632124,8
ANFU2370680,ANFU,237068,0
RONU7394388,RONU,739438,8
SQDU0172188,SQDU,017218,8
WVMU1045071,WVMU,104507,1
CSRU1227591,CSRU,122759,1
UXUU2924331,UXUU,292433,1
CQYU5526410,CQYU,552641,0
BLUU4052241,BLUU,405224,1
KHRU0155403,KHRU,015540,3
SDTU9052087,SDTU,905208,7
PSQU9252286,PSQU,925228,6
KYRU0913679,KYRU,091367,9
EWLU2362168,EWLU,236216,8
JDLU0632907,JDLU,063290,7
OCUU7900422,OCUU,790042,2
RJQU1127569,RJQU,112756,9
QLPU4969474,QLPU,496947,4
FQRU8437285,FQRU,843728,5
THOU7683376,THOU,768337,6
LOQU9576324,LOQU,957632,4
TYDU1462358,TYDU,146235,8
YJPU3780832,YJPU,378083,2
JDSU3060307,JDSU,306030,7
ULHU6312896,ULHU,631289,6
HPKU2734965,HPKU,273496,5
KCMU5118220,KCMU,511822,0
SFJU4554321,SFJU,455432,1
AFUU5737195,AFUU,573719,5
DOBU2804637,DOBU,280463,7
JFRU7530055,JFRU,753005,5
JQIU6065186,JQIU,606518,6
RKWU1779332,RKWU,177933,2
QGYU2665945,QGYU,266594,5
AHQU6389658,AHQU,638965,8
CFYU2566248,CFYU,256624,8
JTFU5335933,JTFU,533593,3
TEGU6955743,TEGU,695574,3
ZDFU6677200,ZDFU,667720,0
MYYU5622030,MYYU,562203,0
WSYU3181626,WSYU,318162,6
WRKU1045106,WRKU,104510,6
AWLU9956948,AWLU,995694,8
UPKU8889777,UPKU,888977,7
KDCU7051200,KDCU,705120,0
NXKU2621365,NXKU,262136,5
QZEU5274449,QZEU,527444,9
RXIU0652110,RXIU,065211,0
KYVU1707120,KYVU,170712,0
TCDU9078941,TCDU,907894,1
QHAU2771241,QHAU,277124,1
WKYU4898132,WKYU,489813,2
MRIU4174394,MRIU,417439,4
VEGU0743420,VEGU,074342,0
UWHU2561275,UWHU,256127,5
LUVU7297473,LUVU,729747,3
XRFU6619278,XRFU,661927,8
LGSU5733750,LGSU,573375,0
FMEU3458625,FMEU,345862,5
VKDU5605358,VKDU,560535,8
VFBU3816801,VFBU,381680,1
CVYU6615410,CVYU,661541,0
VYTU0465737,VYTU,046573,7
VJOU0384636,VJOU,038463,6
VABU9332017,VABU,933201,7
HACU9706517,HACU,970651,7
VPYU0346789,VPYU,034678,9
OJIU4810378,OJIU,481037,8
BETU6091341,BETU,609134,1
IEHU7903156,IEHU,790315,6
HTVU7527013,HTVU,752701,3
ZQYU1330967,ZQYU,133096,7
IOVU5770854,IOVU,577085,4
GXZU3974567,GXZU,397456,7
LOOU3414674,LOOU,341467,4
XZZU0196637,XZZU,019663,7
GOAU3892978,GOAU,389297,8
NQLU4121269,NQLU,412126,9
MNUU6516916,MNUU,651691,6
WUWU0042412,WUWU,004241,2
FAMU4763446,FAMU,476344,6
JJQU6673749,JJQU,667374,9
DKPU9250569,DKPU,925056,9
BXEU7154402,BXEU,715440,2
BPWU0834580,BPWU,083458,0
LPUU9655203,LPUU,965520,3
CMOU7022196,CMOU,702219,6
WTAU9392907,WTAU,939290,7
SBPU7679969,SBPU,767996,9
DJCU1286027,DJCU,128602,7
SDWU3454566,SDWU,345456,6
USCU5327999,USCU,532799,9
ELWU9910012,ELWU,991001,2
IIFU9828350,IIFU,982835,0
VCCU8777774,VCCU,877777,4
JYTU7629819,JYTU,762981,9
UVXU0438748,UVXU,043874,8
SMXU5108100,SMXU,510810,0
BINU4905790,BINU,490579,0
SBEU9042596,SBEU,904259,6
RPGU1068155,RPGU,106815,5
INEU7437862,INEU,743786,2
TLEU7067451,TLEU,706745,1
TQSU5340180,TQSU,534018,0
QRSU1563020,QRSU,156302,0
BVYU8563438,BVYU,856343,8
TJAU6951417,TJAU,695141,7
DDUU0817960,DDUU,081796,0
KCTU5933666,KCTU,593366,6
SBGU0884820,SBGU,088482,0
EVLU2687372,EVLU,268737,2
UVCU0108336,UVCU,010833,6
SDBU9587325,SDBU,958732,5
ZUWU9253620,ZUWU,925362,0
UYWU7134991,UYWU,713499,1
XKSU8625384,XKSU,862538,4
UTKU6759745,UTKU,675974,5
KTZU4194889,KTZU,419488,9
LUIU7467575,LUIU,746757,5
RIIU1019955,RIIU,101995,5
EZYU9708114,EZYU,970811,4
DJLU7276927,DJLU,727692,7
FDUU5167392,FDUU,516739,2
DWJU4663678,DWJU,466367,8
RQRU4973260,RQRU,497326,0
RQBU9617105,RQBU,961710,5
NDIU8603757,NDIU,860375,7
QROU3168061,QROU,316806,1
ONRU5002997,ONRU,500299,7
TJAU9664215,TJAU,966421,5
BIQU4259453,BIQU,425945,3
IPWU9315704,IPWU,931570,4
UULU3751462,UULU,375146,2
CCSU1271386,CCSU,127138,6
FURU0978300,FURU,097830,0
BKBU0284860,BKBU,028486,0
LPFU7558968,LPFU,755896,8
TRNU0528116,TRNU,052811,6
ZFHU6699290,ZFHU,669929,0
NDMU2891715,NDMU,289171,5
YTRU1474152,YTRU,147415,2
CRCU9701069,CRCU,970106,9
TKKU3784489,TKKU,378448,9
RZYU6365457,RZYU,636545,7
HPGU6513525,HPGU,651352,5
YPEU4264362,YPEU,426436,2
EXPU0212611,EXPU,021261,1
QFQU4579543,QFQU,457954,3
DBNU1308085,DBNU,130808,5
WIUU8652989,WIUU,865298,9
KNDU4446299,KNDU,444629,9
SBYU7860192,SBYU,786019,2
QTNU6971837,QTNU,697183,7
DNGU7438500,DNGU,743850,0
KSFU7736404,KSFU,773640,4
ACGU6091622,ACGU,609162,2
GAHU2358382,GAHU,235838,2
DMNU7437899,DMNU,743789,9
MWQU8177923,MWQU,817792,3
JFFU4664583,JFFU,466458,3
HZRU3845005,HZRU,384500,5
HXVU0662983,HXVU,066298,3
OQIU5795210,OQIU,579521,0
KIBU1420667,KIBU,142066,7
OCCU0589114,OCCU,058911,4
BGXU3222964,BGXU,322296,4
JGBU6476860,JGBU,647686,0
WJMU2337766,WJMU,233776,6
GPOU1272432,GPOU,127243,2
IVSU2665182,IVSU,266518,2
XEIU1934668,XEIU,193466,8
AARU5223928,AARU,522392,8
GMIU7253418,GMIU,725341,8
SWKU6814750,SWKU,681475,0
SMAU7161096,SMAU,716109,6
GGOU7571793,GGOU,757179,3
CSYU6392875,CSYU,639287,5
JUNU6456111,JUNU,645611,1
AJEU9432142,AJEU,943214,2
PCVU5618547,PCVU,561854,7
TIAU9349187,TIAU,934918,7
SAUU6460034,SAUU,646003,4
EABU7857945,EABU,785794,5
IAZU6018929,IAZU,601892,9
MUGU6785066,MUGU,678506,6
EXRU7380300,EXRU,738030,0
RDBU2756778,RDBU,275677,8
MMUU4662890,MMUU,466289,0
SUXU0170449,SUXU,017044,9
RCLU2541042,RCLU,254104,2
UCSU6666067,UCSU,666606,7
YABU7444176,YABU,744417,6
GIZU5451395,GIZU,545139,5
GIKU4700953,GIKU,470095,3
JGKU2249900,JGKU,224990,0
IJNU9199626,IJNU,919962,6
JQFU6946649,JQFU,694664,9
YFXU9760470,YFXU,976047,0
GYGU3696498,GYGU,369649,8
BKUU3143805,BKUU,314380,5
MCHU8429145,MCHU,842914,5
WEAU0594873,WEAU,059487,3
HNJU0077571,HNJU,007757,1
FNNU5820583,FNNU,582058,3
BYSU7943222,BYSU,794322,2
MXCU3831638,MXCU,383163,8
SLEU2257205,SLEU,225720,5
WDXU9495621,WDXU,949562,1
DEPU9061728,DEPU,906172,8
STBU3379388,STBU,337938,8
RVLU0376501,RVLU,037650,1
QMVU9993043,QMVU,999304,3
WDIU2050946,WDIU,205094,6
WTYU1960362,WTYU,196036,2
XWIU8039964,XWIU,803996,4
URZU1216698,URZU,121669,8
DSEU1901029,DSEU,190102,9
ZMFU0241901,ZMFU,024190,1
JZKU9950654,JZKU,995065,4
FBZU6504644,FBZU,650464,4
FZZU9738690,FZZU,973869,0
IXQU5167214,IXQU,516721,4
BRAU8610321,BRAU,861032,1
PFYU4481501,PFYU,448150,1
NHFU8122589,NHFU,812258,9
GHUU3763718,GHUU,376371,8
ONDU9650490,ONDU,965049,0
SQNU6101052,SQNU,610105,2
EGHU4803868,EGHU,480386,8
FJZU7153554,FJZU,715355,4
QQMU0761813,QQMU,076181,3
SVEU8563096,SVEU,856309,6
HUPU7785204,HUPU,778520,4
RSVU2235249,RSVU,223524,9
YKQU6995439,YKQU,699543,9
ISXU7787465,ISXU,778746,5
GVAU5413111,GVAU,541311,1
PCKU0835049,PCKU,083504,9
LLLU1944180,LLLU,194418,0
LPHU3133514,LPHU,313351,4
LNYU1135982,LNYU,113598,2
IXKU3103806,IXKU,310380,6
MSGU6824997,MSGU,682499,7
AOWU4393704,AOWU,439370,4
YHZU2027076,YHZU,202707,6
GFXU9522025,GFXU,952202,5
OQFU6447286,OQFU,644728,6
VLGU9748562,VLGU,974856,2
DMRU7153515,DMRU,715351,5
YDQU3215496,YDQU,321549,6
XSEU0735598,XSEU,073559,8
UUHU2008726,UUHU,200872,6
NEGU3577109,NEGU,357710,9
FNOU7015571,FNOU,701557,1
JSRU1369360,JSRU,136936,0
UZSU9150038,UZSU,915003,8
ZOAU1685590,ZOAU,168559,0
XJWU6397506,XJWU,639750,6
TFOU3443497,TFOU,344349,7
JRYU1228436,JRYU,122843,6
URTU1743482,URTU,174348,2
JGRU8310057,JGRU,831005,7
MRBU9519169,MRBU,951916,9
PABU7738187,PABU,773818,7
LYXU2568748,LYXU,256874,8
TFAU5177314,TFAU,517731,4
KQJU7551757,KQJU,755175,7
FUGU7074888,FUGU,707488,8
ZEZU3272324,ZEZU,327232,4
AVDU1119534,AVDU,111953,4
FSXU2444943,FSXU,244494,3
HZRU5118915,HZRU,511891,5
UXZU5297303,UXZU,529730,3
PDOU4398630,PDOU,439863,0
QIUU5358784,QIUU,535878,4
PKLU6385948,PKLU,638594,8
QSQU8054604,QSQU,805460,4
JGRU1216347,JGRU,121634,7
JVRU4598120,JVRU,459812,0
DTOU3069178,DTOU,306917,8
TCRU2930027,TCRU,293002,7
JPNU6170263,JPNU,617026,3
PSKU5181316,PSKU,518131,6
PDOU8018560,PDOU,801856,0
ZKZU3430903,ZKZU,343090,3
QXRU8445310,QXRU,844531,0
UDSU7624535,UDSU,762453,5
XWMU3953511,XWMU,395351,1
DMNU6610382,DMNU,661038,2
SREU5994249,SREU,599424,9
NOOU1943834,NOOU,194383,4
WRJU1604983,WRJU,160498,3
AEIU4915879,AEIU,491587,9
RJEU7161368,RJEU,716136,8
QNCU6283300,QNCU,628330,0
KYKU6052028,KYKU,605202,8
NZVU6162305,NZVU,616230,5
PPVU8748853,PPVU,874885,3
EIVU0193244,EIVU,019324,4
XQSU8238032,XQSU,823803,2
HHDU5392798,HHDU,539279,8
AWXU5437134,AWXU,543713,4
DHOU7062239,DHOU,706223,9
VGLU8553356,VGLU,855335,6
ROFU9803501,ROFU,980350,1
HUGU8648766,HUGU,864876,6
OFRU9736312,OFRU,973631,2
UBMU6214320,UBMU,621432,0
QVUU5716036,QVUU,571603,6
EGLU3580644,EGLU,358064,4
QRBU6285306,QRBU,628530,6
HPUU9019634,HPUU,901963,4
FXYU5098875,FXYU,509887,5
AUGU7887590,AUGU,788759,0
CNDU6011934,CNDU,601193,4
DXXU1526922,DXXU,152692,2
IYZU7696621,IYZU,769662,1
OVOU5129987,OVOU,512998,7
KXFU5140361,KXFU,514036,1
LHIU2767851,LHIU,276785,1
GVWU3327170,GVWU,332717,0
UVPU1935962,UVPU,193596,2
QNWU8722377,QNWU,872237,7
RQEU0582816,RQEU,058281,6
JBOU3872956,JBOU,387295,6
YFPU2659135,YFPU,265913,5
ESNU5373307,ESNU,537330,7
MKMU8955249,MKMU,895524,9
BHUU1178242,BHUU,117824,2
TMKU1978161,TMKU,197816,1
PDQU8135012,PDQU,813501,2
XIUU8963955,XIUU,896395,5
CWWU5303345,CWWU,530334,5
PSJU1822233,PSJU,182223,3
QPRU1058144,QPRU,105814,4
CNYU7518927,CNYU,751892,7
JYWU1789250,JYWU,178925,0
DUOU5722004,DUOU,572200,4
NPFU1448008,NPFU,144800,8
IHKU3777689,IHKU,377768,9
CMLU3983830,CMLU,398383,0
FZGU0576000,FZGU,057600,0
KPDU9564894,KPDU,956489,4
FCRU0172407,FCRU,017240,7
IKZU1053038,IKZU,105303,8
JSFU3155632,JSFU,315563,2
DEZU0739136,DEZU,073913,6
QONU3336211,QONU,333621,1
CZPU9376618,CZPU,937661,8
UNWU1039167,UNWU,103916,7
KNGU2431916,KNGU,243191,6
HKDU0434392,HKDU,043439,2
ANOU8461736,ANOU,846173,6
CGNU9526142,CGNU,952614,2
YDJU9757345,YDJU,975734,5
EKAU6245608,EKAU,624560,8
FUYU9480981,FUYU,948098,1
ILBU5905888,ILBU,590588,8
XLPU7226145,XLPU,722614,5
SBWU1118532,SBWU,111853,2
ASIU4140834,ASIU,414083,4
IZHU0182147,IZHU,018214,7
VUIU0759322,VUIU,075932,2
QRDU7478992,QRDU,747899,2
DWVU6321171,DWVU,632117,1
REPU8080990,REPU,808099,0
GJOU5548721,GJOU,554872,1
MHJU8850274,MHJU,885027,4
AYIU1232499,AYIU,123249,9
LGYU8617908,LGYU,861790,8
LRWU6141740,LRWU,614174,0
AMDU3045010,AMDU,304501,0
XSZU2203598,XSZU,220359,8
CJQU3258706,CJQU,325870,6
TKPU7385792,TKPU,738579,2
DCRU7471964,DCRU,747196,4
NDNU0417608,NDNU,041760,8
GWSU0438786,GWSU,043878,6
DISU0109177,DISU,010917,7
TISU5380947,TISU,538094,7
ZOSU7197343,ZOSU,719734,3
KWPU7071099,KWPU,707109,9
GHKU2472662,GHKU,247266,2
LKHU7128731,LKHU,712873,1
YPRU2821829,YPRU,282182,9
KTCU8773023,KTCU,877302,3
XMQU1308703,XMQU,130870,3
LGQU7316851,LGQU,731685,1
RDEU4982395,RDEU,498239,5
JTEU6902771,JTEU,690277,1
RNBU6711405,RNBU,671140,5
NUAU3980700,NUAU,398070,0
FFHU4847551,FFHU,484755,1
NYNU6949699,NYNU,694969,9
YMIU1707424,YMIU,170742,4
NLIU7932501,NLIU,793250,1
CAMU3813010,CAMU,381301,0
QWJU4532855,QWJU,453285,5
PBCU4253997,PBCU,425399,7
YDXU3177651,YDXU,317765,1
XVXU8221500,XVXU,822150,0
JCGU4079709,JCGU,407970,9
TQPU9758938,TQPU,975893,8
WOPU7753006,WOPU,775300,6
ZVCU7989030,ZVCU,798903,0
EPKU1840086,EPKU,184008,6
QXUU5290237,QXUU,529023,7
UKUU5087463,UKUU,508746,3
OXOU5635850,OXOU,563585,0
HRYU1644215,HRYU,164421,5
UMJU6480332,UMJU,648033,2
EFMU3581149,EFMU,358114,9
HJBU1215039,HJBU,121503,9
UDQU3622157,UDQU,362215,7
TJAU3119682,TJAU,311968,2
LAOU0254043,LAOU,025404,3
LXIU9006116,LXIU,900611,6
ZXIU5057628,ZXIU,505762,8
TAFU6921041,TAFU,692104,1
LDJU3043055,LDJU,304305,5
JMYU2837253,JMYU,283725,3
WLEU6518997,WLEU,651899,7
PJCU2526783,PJCU,252678,3
QLUU6818752,QLUU,681875,2
PFHU2808812,PFHU,280881,2
GJJU5124790,GJJU,512479,0
SEFU2628054,SEFU,262805,4
PODU9537399,PODU,953739,9
EXIU6076914,EXIU,607691,4
HWVU0870007,HWVU,087000,7
HVKU7657709,HVKU,765770,9
YJMU7584950,YJMU,758495,0
FITU5954290,FITU,595429,0
SHJU0636298,SHJU,063629,8
QRIU7628241,QRIU,762824,1
JTVU5945504,JTVU,594550,4
OZFU5246217,OZFU,524621,7
GOUU1314970,GOUU,131497,0
PAPU8196629,PAPU,819662,9
SMLU5714712,SMLU,571471,2
AYDU1122512,AYDU,112251,2
VANU9679620,VANU,967962,0
XQKU8426232,XQKU,842623,2
ZOVU1078742,ZOVU,107874,2
GSEU8311813,GSEU,831181,3
WMLU0646414,WMLU,064641,4
WSOU0473060,WSOU,047306,0
TYLU9812959,TYLU,981295,9
EBDU6607264,EBDU,660726,4
FRFU5013077,FRFU,501307,7
ZWCU5044416,ZWCU,504441,6
FYMU8722070,FYMU,872207,0
UBOU0406641,UBOU,040664,1
GTTU6788957,GTTU,678895,7
HCGU9345034,HCGU,934503,4
FDGU5516463,FDGU,551646,3
HGMU3389763,HGMU,338976,3
UTYU9275510,UTYU,927551,0
BHBU7462504,BHBU,746250,4
RAEU8766566,RAEU,876656,6
AVWU2111262,AVWU,211126,2
WJPU0917405,WJPU,091740,5
IZVU7888215,IZVU,788821,5
QGFU0772716,QGFU,077271,6
XMXU1531737,XMXU,153173,7
GSGU4512437,GSGU,451243,7
WMBU4431456,WMBU,443145,6
ZFDU6604129,ZFDU,660412,9
LOPU7635471,LOPU,763547,1
ZPUU1038678,ZPUU,103867,8
QEYU5292775,QEYU,529277,5
YDLU0949137,YDLU,094913,7
AWEU5207578,AWEU,520757,8
YNZU3850543,YNZU,385054,3
FEGU4796079,FEGU,479607,9
TVWU5839585,TVWU,583958,5
CRQU1760096,CRQU,176009,6
CUQU9699721,CUQU,969972,1
JTLU0400918,JTLU,040091,8
EBXU0000294,EBXU,000029,4
PVFU6481174,PVFU,648117,4
SCGU5713360,SCGU,571336,0
KWTU7530443,KWTU,753044,3
LHGU8131690,LHGU,813169,0
KAIU6816290,KAIU,681629,0
VMQU9259476,VMQU,925947,6
PNPU2141631,PNPU,214163,1
FFBU2308625,FFBU,230862,5
WSDU3145517,WSDU,314551,7
VVWU7201524,VVWU,720152,4
RXGU1250016,RXGU,125001,6
FWJU3313912,FWJU,331391,2
PTBU7229737,PTBU,722973,7
HSMU6150668,HSMU,615066,8
OZKU1581581,OZKU,158158,1
ZEOU9734703,ZEOU,973470,3
VGIU2621530,VGIU,262153,0
ZIFU2489415,ZIFU,248941,5
HJLU1350888,HJLU,135088,8
AMQU2346936,AMQU,234693,6
QZSU7269765,QZSU,726976,5
UYRU4969594,UYRU,496959,4
QPIU0091671,QPIU,009167,1
XMAU1357214,XMAU,135721,4
DDEU2809200,DDEU,280920,0
LKHU1799537,LKHU,179953,7
ESPU1255659,ESPU,125565,9
PWMU1898314,PWMU,189831,4
NDSU3578395,NDSU,357839,5
ROIU7092956,ROIU,709295,6
TWXU1172930,TWXU,117293,0
QTHU8540622,QTHU,854062,2
TDHU4339015,TDHU,433901,5
WQOU2323358,WQOU,232335,8
DYBU4127258,DYBU,412725,8
QIFU1719860,QIFU,171986,0
LOZU1218064,LOZU,121806,4
YKIU1796555,YKIU,179655,5
GPBU9844087,GPBU,984408,7
TMIU8346987,TMIU,834698,7
NIXU4095258,NIXU,409525,8
CNQU0694855,CNQU,069485,5
UXLU0609195,UXLU,060919,5
RXMU5218717,RXMU,521871,7
HFYU3251506,HFYU,325150,6
PHXU7014096,PHXU,701409,6
EHMU3757416,EHMU,375741,6
QBAU5158551,QBAU,515855,1
WPZU8127117,WPZU,812711,7
ECVU8172519,ECVU,817251,9
DGZU4382971,DGZU,438297,1
XROU6326086,XROU,632608,6
SBWU2339590,SBWU,233959,0
MGPU4611906,MGPU,461190,6
CKHU8778218,CKHU,877821,8
LQTU6396555,LQTU,639655,5
VZZU6881662,VZZU,688166,2
NZRU5230198,NZRU,523019,8
AQGU8066821,AQGU,806682,1
BKTU8425372,BKTU,842537,2
DZIU1461736,DZIU,146173,6
RYBU5338536,RYBU,533853,6
GQHU9632862,GQHU,963286,2
MSSU1241145,MSSU,124114,5
QVXU1298837,QVXU,129883,7
LRPU1767202,LRPU,176720,2
EXMU8077749,EXMU,807774,9
ZYTU5550753,ZYTU,555075,3
UAGU2099907,UAGU,209990,7
TGKU0362306,TGKU,036230,6
VQRU3169490,VQRU,316949,0
JLYU5141842,JLYU,514184,2
UWCU8615180,UWCU,861518,0
NFRU1152076,NFRU,115207,6
DSCU0967472,DSCU,096747,2
HTHU2706548,HTHU,270654,8
RSPU2364024,RSPU,236402,4
HTMU5007361,HTMU,500736,1
YFJU5039976,YFJU,503997,6
XSIU8229538,XSIU,822953,8
OOAU8311971,OOAU,831197,1
ZAHU2736985,ZAHU,273698,5
JUTU0685560,JUTU,068556,0
FWLU5356555,FWLU,535655,5
LWRU7624568,LWRU,762456,8
QEJU2963625,QEJU,296362,5
ZMMU9451615,ZMMU,945161,5
FUQU2404082,FUQU,240408,2
BMEU9081643,BMEU,908164,3
AEJU8313528,AEJU,831352,8
EDQU8080238,EDQU,808023,8
GBHU1815111,GBHU,181511,1
AVOU8238837,AVOU,823883,7
SLPU3273380,SLPU,327338,0
CYAU8470185,CYAU,847018,5
DNGU0903534,DNGU,090353,4
GBMU3657193,GBMU,365719,3
SCWU1548540,SCWU,154854,0
KBGU3626884,KBGU,362688,4
PIHU8100127,PIHU,810012,7
XLCU7142892,XLCU,714289,2
UWGU3402443,UWGU,340244,3
WJLU8091300,WJLU,809130,0
TNOU5421111,TNOU,542111,1
HSQU6775963,HSQU,677596,3
VRHU0451048,VRHU,045104,8
AKQU5306952,AKQU,530695,2
LXLU5659708,LXLU,565970,8
PGOU9366550,PGOU,936655,0
JDNU0704748,JDNU,070474,8
CVUU3463594,CVUU,346359,4
XMTU5743232,XMTU,574323,2
UQWU1767229,UQWU,176722,9
IKEU9785026,IKEU,978502,6
GTIU4724369,GTIU,472436,9
JGMU6090084,JGMU,609008,4
CJTU3845263,CJTU,384526,3
AVOU6877464,AVOU,687746,4
RBYU3627068,RBYU,362706,8
QSVU5931321,QSVU,593132,1
YWWU1325306,YWWU,132530,6
HQEU3134271,HQEU,313427,1
NTIU1647395,NTIU,164739,5
NMCU6896061,NMCU,689606,1
KEDU5887536,KEDU,588753,6
AFYU8408530,AFYU,840853,0
CFIU2508251,CFIU,250825,1
CLPU5781678,CLPU,578167,8
HZUU1271228,HZUU,127122,8
MWHU9837985,MWHU,983798,5
QQXU0914351,QQXU,091435,1
PLWU1940984,PLWU,194098,4
FVJU4842478,FVJU,484247,8
IUEU9916229,IUEU,991622,9
WDBU4329810,WDBU,432981,0
OEPU8235317,OEPU,823531,7
CJYU5722758,CJYU,572275,8
XWOU1293273,XWOU,129327,3
JXXU6001399,JXXU,600139,9
AAUU1380318,AAUU,138031,8
TQZU3242836,TQZU,324283,6
RTTU1313883,RTTU,131388,3
SHJU0178702,SHJU,017870,2
AJLU0219710,AJLU,021971,0
MICU2241908,MICU,224190,8
CSFU4340135,CSFU,434013,5
GAVU0226019,GAVU,022601,9
DVBU3583561,DVBU,358356,1
ECSU9889979,ECSU,988997,9
IDOU4525213,IDOU,452521,3
NPNU3691540,NPNU,369154,0
SMLU0684528,SMLU,068452,8
GQCU7115482,GQCU,711548,2
WUWU0775868,WUWU,077586,8
RSWU6658772,RSWU,665877,2
GQYU9493088,GQYU,949308,8
NFIU6657320,NFIU,665732,0
OXPU7047083,OXPU,704708,3
ZCGU1817111,ZCGU,181711,1
VZVU5977220,VZVU,597722,0
ORQU6763530,ORQU,676353,0
HSYU3627728,HSYU,362772,8
LCRU4677121,LCRU,467712,1
LOWU2550690,LOWU,255069,0
CNYU1068041,CNYU,106804,1
VYBU9289753,VYBU,928975,3
XBCU0327955,XBCU,032795,5
SMMU2842502,SMMU,284250,2
BTWU6273191,BTWU,627319,1
TSKU5989191,TSKU,598919,1
UAXU0195053,UAXU,019505,3
UVGU9358243,UVGU,935824,3
KOOU1663953,KOOU,166395,3
ZVYU5762419,ZVYU,576241,9
NUQU1094000,NUQU,109400,0
HYTU1286114,HYTU,128611,4
IJFU8163457,IJFU,816345,7
DUPU4491054,DUPU,449105,4
PNRU6565189,PNRU,656518,9
XUKU5245670,XUKU,524567,0
LWAU4436320,LWAU,443632,0
LPZU4303897,LPZU,430389,7
AWCU2223285,AWCU,222328,5
TNLU2953104,TNLU,295310,4
WUMU9148977,WUMU,914897,7
DOFU6508875,DOFU,650887,5
RCTU0318002,RCTU,031800,2
ZONU4174182,ZONU,417418,2
YTPU3722836,YTPU,372283,6
HTJU7569928,HTJU,756992,8
NGMU1887418,NGMU,188741,8
BVNU0930030,BVNU,093003,0
JTXU7903803,JTXU,790380,3
EHAU5666232,EHAU,566623,2
BWFU5405326,BWFU,540532,6
DCXU4406030,DCXU,440603,0
ZLDU8973767,ZLDU,897376,7
FOEU5626887,FOEU,562688,7
TIAU0724878,TIAU,072487,8
PNIU6578615,PNIU,657861,5
TDQU9178352,TDQU,917835,2
LDRU5587750,LDRU,558775,0
WNKU8797290,WNKU,879729,0
ZWRU1405930,ZWRU,140593,0
APWU6704622,APWU,670462,2
RITU2674683,RITU,267468,3
JGCU8554034,JGCU,855403,4
GWNU6751399,GWNU,675139,9
DDPU2849830,DDPU,284983,0
DIIU2319737,DIIU,231973,7
WNAU2835598,WNAU,283559,8
PTKU8916601,PTKU,891660,1
VTZU5789796,VTZU,578979,6
HZLU5714635,HZLU,571463,5
QLDU0367656,QLDU,036765,6
TUYU2035967,TUYU,203596,7
KYFU5244286,KYFU,524428,6
SHAU6257124,SHAU,625712,4
QORU1720705,QORU,172070,5
QKRU6829080,QKRU,682908,0
CXWU7263095,CXWU,726309,5
ZSWU6460168,ZSWU,646016,8
MYOU0387391,MYOU,038739,1
HZLU0474716,HZLU,047471,6
VFNU7926698,VFNU,792669,8
HRSU3595161,HRSU,359516,1
ARHU5265152,ARHU,526515,2
UZTU8188731,UZTU,818873,1
GUNU5474191,GUNU,547419,1
LSDU9594915,LSDU,959491,5
RLVU0287003,RLVU,028700,3
MRHU7166280,MRHU,716628,0
QWHU6488055,QWHU,648805,5
NSTU9681680,NSTU,968168,0
RZIU9820327,RZIU,982032,7
DAFU2291951,DAFU,229195,1
GPUU0462867,GPUU,046286,7
VXAU6384362,VXAU,638436,2
DPYU4850640,DPYU,485064,0
VBDU2794117,VBDU,279411,7
CKUU3792106,CKUU,379210,6
HKGU8264816,HKGU,826481,6
YPEU9332599,YPEU,933259,9
EEZU8271171,EEZU,827117,1
HZFU4086816,HZFU,408681,6
ZHZU7690415,ZHZU,769041,5
CXHU8439335,CXHU,843933,5
FQDU2371890,FQDU,237189,0
TDKU5073189,TDKU,507318,9
GVHU5562731,GVHU,556273,1
GSAU9346863,GSAU,934686,3
ZQCU8514341,ZQCU,851434,1
NKEU2887438,NKEU,288743,8
XRBU7834373,XRBU,783437,3
LRQU7234035,LRQU,723403,5
SLVU3447641,SLVU,344764,1
AHTU3533628,AHTU,353362,8
CNUU5025100,CNUU,502510,0
YFZU5587321,YFZU,558732,1
ALWU1200072,ALWU,120007,2
WFUU5481275,WFUU,548127,5
QYSU7709517,QYSU,770951,7
FZOU1849626,FZOU,184962,6
OBLU7412418,OBLU,741241,8
QKGU5011963,QKGU,501196,3
QJBU6101110,QJBU,610111,0
DHPU6558790,DHPU,655879,0
DWDU1638392,DWDU,163839,2
TLVU4923960,TLVU,492396,0
KYVU5721390,KYVU,572139,0
DJMU6863034,DJMU,686303,4
GKRU1964111,GKRU,196411,1
UXUU5507136,UXUU,550713,6
WGBU4499900,WGBU,449990,0
TCXU7438191,TCXU,743819,1
QODU4298097,QODU,429809,7
BRNU3441666,BRNU,344166,6
HJEU2594452,HJEU,259445,2
IPOU3601159,IPOU,360115,9
WYQU2825452,WYQU,282545,2
AKFU6053304,AKFU,605330,4
KLVU0686243,KLVU,068624,3
XISU0397999,XISU,039799,9
DYMU6138743,DYMU,613874,3
KCVU9186615,KCVU,918661,5
VAVU2550254,VAVU,255025,4
QLXU0685554,QLXU,068555,4
VHBU6574496,VHBU,657449,6
MNZU6402474,MNZU,640247,4
QVTU7918855,QVTU,791885,5
WCKU5845978,WCKU,584597,8
GYSU4791500,GYSU,479150,0
GJBU6499894,GJBU,649989,4
ZCNU8181463,ZCNU,818146,3
VNMU1698572,VNMU,169857,2
UOVU9913359,UOVU,991335,9
KCAU7061041,KCAU,706104,1
YINU5050829,YINU,505082,9
QOIU0428966,QOIU,042896,6
JIWU8595799,JIWU,859579,9
CJDU9740870,CJDU,974087,0
ECPU2541105,ECPU,254110,5
SNFU4399741,SNFU,439974,1
AMSU4159130,AMSU,415913,0
XCCU6811110,XCCU,681111,0
YWIU9012491,YWIU,901249,1
FCVU3116365,FCVU,311636,5
RXDU3684094,RXDU,368409,4
JUZU8057102,JUZU,805710,2
SFYU1332030,SFYU,133203,0
PKLU1529739,PKLU,152973,9
CCBU5069784,CCBU,506978,4
EYGU1583762,EYGU,158376,2
AHUU3529370,AHUU,352937,0
ZWRU7002001,ZWRU,700200,1
LGCU5073906,LGCU,507390,6
DMXU7361582,DMXU,736158,2
JYEU3981398,JYEU,398139,8
NDRU4307780,NDRU,430778,0
OGKU4100280,OGKU,410028,0
SSWU4551805,SSWU,455180,5
RMMU1760836,RMMU,176083,6
KFIU8410866,KFIU,841086,6
GTNU2374432,GTNU,237443,2
DOGU3512999,DOGU,351299,9
FGCU1832680,FGCU,183268,0
PLDU3303823,PLDU,330382,3
BLQU1750389,BLQU,175038,9
HXQU5042181,HXQU,504218,1
YYUU5846795,YYUU,584679,5
DVKU2049045,DVKU,204904,5
TUFU9591323,TUFU,959132,3
VHXU4399560,VHXU,439956,0
QNGU3228833,QNGU,322883,3
BKOU2396221,BKOU,239622,1
LHZU6794480,LHZU,679448,0
TLDU7555112,TLDU,755511,2
XIIU0898183,XIIU,089818,3
XPDU9895915,XPDU,989591,5
LUSU1017360,LUSU,101736,0
EOUU2605639,EOUU,260563,9
JKXU5733802,JKXU,573380,2
FZZU7013730,FZZU,701373,0
YGAU7259281,YGAU,725928,1
OERU4203406,OERU,420340,6
SWCU0443165,SWCU,044316,5
OMYU9613857,OMYU,961385,7
DXMU1063383,DXMU,106338,3
NPGU0030573,NPGU,003057,3
TFXU1445440,TFXU,144544,0
VSYU6706018,VSYU,670601,8
ZKYU1754155,ZKYU,175415,5
KRFU0659599,KRFU,065959,9
QRFU9134313,QRFU,913431,3
YQJU5440337,YQJU,544033,7
ELOU2426723,ELOU,242672,3
SPUU8011671,SPUU,801167,1
YVAU7442159,YVAU,744215,9
RFTU2830950,RFTU,283095,0
KKOU1502950,KKOU,150295,0
ZTRU0387100,ZTRU,038710,0
ZWYU2792725,ZWYU,279272,5
KTKU2946835,KTKU,294683,5
KJQU4640541,KJQU,464054,1
YXEU1311750,YXEU,131175,0
IAQU7355511,IAQU,735551,1
DVAU1726368,DVAU,172636,8
KUQU6143680,KUQU,614368,0
JNLU2879666,JNLU,287966,6
YUDU1255697,YUDU,125569,7
WYOU0969237,WYOU,096923,7
HRBU9215900,HRBU,921590,0
AHJU3667967,AHJU,366796,7
GVBU3861222,GVBU,386122,2
BCWU9207713,BCWU,920771,3
XPWU9981368,XPWU,998136,8
EDCU1985066,EDCU,198506,6
ZJKU2368692,ZJKU,236869,2
ZREU5010080,ZREU,501008,0
VHJU9383384,VHJU,938338,4
XDCU5362037,XDCU,536203,7
DHXU6555999,DHXU,655599,9
ZGKU2008319,ZGKU,200831,9
DVGU3004288,DVGU,300428,8
LAPU7734500,LAPU,773450,0
OEBU9612719,OEBU,961271,9
BDOU3261721,BDOU,326172,1
HTIU1071322,HTIU,107132,2
CMBU8937972,CMBU,893797,2
FGHU8420723,FGHU,842072,3
INBU1698111,INBU,169811,1
DMDU4352925,DMDU,435292,5
FTQU4842933,FTQU,484293,3
SIRU1936735,SIRU,193673,5
CTNU9184683,CTNU,918468,3
LLWU5014611,LLWU,501461,1
ENOU8097505,ENOU,809750,5
KMBU8149031,KMBU,814903,1
QCPU0084207,QCPU,008420,7
EKJU0574259,EKJU,057425,9
SCZU5541524,SCZU,554152,4
HYWU6171811,HYWU,617181,1
HJAU4257350,HJAU,425735,0
WHXU3221092,WHXU,322109,2
PLSU2230280,PLSU,223028,0
XBOU2017540,XBOU,201754,0
TEPU7125120,TEPU,712512,0
UUCU1370687,UUCU,137068,7
HJXU1397413,HJXU,139741,3
LFIU0096391,LFIU,009639,1
JDWU0144866,JDWU,014486,6
BLEU5349607,BLEU,534960,7
LEVU5009469,LEVU,500946,9
UBCU1265685,UBCU,126568,5
AVAU3091508,AVAU,309150,8
ZTAU8421454,ZTAU,842145,4
HUMU2162319,HUMU,216231,9
HIKU2757014,HIKU,275701,4
ERGU6252280,ERGU,625228,0
QVHU7693704,QVHU,769370,4
VYBU6141320,VYBU,614132,0
PPKU9752336,PPKU,975233,6
ADIU0548407,ADIU,054840,7
RFFU2076336,RFFU,207633,6
IKIU0918462,IKIU,091846,2
KMJU6147229,KMJU,614722,9
QCAU8969410,QCAU,896941,0
IHHU5553645,IHHU,555364,5
OEBU8220293,OEBU,822029,3
JIBU6792476,JIBU,679247,6
ZCUU7254365,ZCUU,725436,5
LZBU6114075,LZBU,611407,5
HQUU3600690,HQUU,360069,0
RIGU6880866,RIGU,688086,6
QLSU2104636,QLSU,210463,6
WTVU3647783,WTVU,364778,3
EVVU9748361,EVVU,974836,1
IIUU0425602,IIUU,042560,2
UCPU3196924,UCPU,319692,4
YSPU0823522,YSPU,082352,2
PUQU0663398,PUQU,066339,8
UFXU5932175,UFXU,593217,5
PTAU4576036,PTAU,457603,6
IUQU7606746,IUQU,760674,6
WCFU1577185,WCFU,157718,5
JUUU0938019,JUUU,093801,9
UPPU5124981,UPPU,512498,1
FVSU5773866,FVSU,577386,6
RGTU1189376,RGTU,118937,6
PZYU8289734,PZYU,828973,4
SUSU7254508,SUSU,725450,8
AQRU7046697,AQRU,704669,7
QOIU9497401,QOIU,949740,1
JUYU5853400,JUYU,585340,0
SQZU8531553,SQZU,853155,3
OEQU1321232,OEQU,132123,2
WMOU5605661,WMOU,560566,1
IARU1359560,IARU,135956,0
JHLU2278718,JHLU,227871,8
AKXU9458530,AKXU,945853,0
KLKU8941800,KLKU,894180,0
TACU7393890,TACU,739389,0
KBYU0407036,KBYU,040703,6
XXSU5654597,XXSU,565459,7
FZRU4200518,FZRU,420051,8
NPRU4090445,NPRU,409044,5
LXEU1181735,LXEU,118173,5
YYJU6872352,YYJU,687235,2
BADU5064660,BADU,506466,0
ZJJU4432673,ZJJU,443267,3
XMQU3340047,XMQU,334004,7
TWVU8650485,TWVU,865048,5
HKCU3167629,HKCU,316762,9
NRVU7522138,NRVU,752213,8
BCDU8642026,BCDU,864202,6
MYUU2139375,MYUU,213937,5
FRFU5419261,FRFU,541926,1
PGRU1986426,PGRU,198642,6
TEYU4407213,TEYU,440721,3
UMMU3061682,UMMU,306168,2
IAHU0993863,IAHU,099386,3
JMSU8465477,JMSU,846547,7
LATU0388502,LATU,038850,2
UTIU8296447,UTIU,829644,7
ZEHU9586567,ZEHU,958656,7
TUYU8446970,TUYU,844697,0
YFLU6415071,YFLU,641507,1
RZXU1566054,RZXU,156605,4
FAXU7408006,FAXU,740800,6
CRRU7957996,CRRU,795799,6
AVZU6730728,AVZU,673072,8
EUXU0973278,EUXU,097327,8
XWQU6768430,XWQU,676843,0
XVQU5402629,XVQU,540262,9
XUSU2189806,XUSU,218980,6
TXMU5865952,TXMU,586595,2
DJGU1123596,DJGU,112359,6
DLKU6915549,DLKU,691554,9
TBLU8720750,TBLU,872075,0
OTFU9556898,OTFU,955689,8
KPZU8483141,KPZU,848314,1
NVTU6655833,NVTU,665583,3
MXTU3228316,MXTU,322831,6
PXWU0019074,PXWU,001907,4
HGUU4380203,HGUU,438020,3
ODVU6756351,ODVU,675635,1
VWKU2098245,VWKU,209824,5
KIOU1068140,KIOU,106814,0
HWZU4426757,HWZU,442675,7
YINU0140489,YINU,014048,9
YBLU4179405,YBLU,417940,5
YTHU6822029,YTHU,682202,9
VJRU0480543,VJRU,048054,3
TAYU6005071,TAYU,600507,1
IMUU4517115,IMUU,451711,5
RJXU9743071,RJXU,974307,1
CTNU6674440,CTNU,667444,0
KNJU7455906,KNJU,745590,6
LPTU3335765,LPTU,333576,5
LOTU8738761,LOTU,873876,1
RKGU3646502,RKGU,364650,2
HSIU9948740,HSIU,994874,0
RZWU5265266,RZWU,526526,6
JBFU6654566,JBFU,665456,6
PMVU4082531,PMVU,408253,1
HTSU5696004,HTSU,569600,4
MOWU8973853,MOWU,897385,3
EURU3909174,EURU,390917,4
DAEU7260733,DAEU,726073,3
PZEU0817223,PZEU,081722,3
RCRU0746404,RCRU,074640,4
OESU3999102,OESU,399910,2
DJDU3081077,DJDU,308107,7
KMNU2766774,KMNU,276677,4
HQWU7597533,HQWU,759753,3
ZRQU7369292,ZRQU,736929,2
JXLU6416762,JXLU,641676,2
BKEU2699824,BKEU,269982,4
EOJU3056798,EOJU,305679,8
BWGU7185570,BWGU,718557,0
GBYU8316221,GBYU,831622,1
NTLU9292505,NTLU,929250,5
FKGU1668748,FKGU,166874,8
RXCU5651162,RXCU,565116,2
EWWU2648237,EWWU,264823,7
SIZU4101727,SIZU,410172,7
EQWU4650288,EQWU,465028,8
MZFU5053411,MZFU,505341,1
RGNU2235387,RGNU,223538,7
EMFU4734269,EMFU,473426,9
HPVU3261627,HPVU,326162,7
JSAU5251567,JSAU,525156,7
GNBU1352868,GNBU,135286,8
FAAU7670454,FAAU,767045,4
QDJU2884838,QDJU,288483,8
QEVU4034040,QEVU,403404,0
TSWU9161499,TSWU,916149,9
XGBU5939394,XGBU,593939,4
VALU6092859,VALU,609285,9
YCOU2162509,YCOU,216250,9
NVJU1927219,NVJU,192721,9
HCJU7910219,HCJU,791021,9
SZFU4756307,SZFU,475630,7
SAGU5492541,SAGU,549254,1
RABU8516720,RABU,851672,0
QJRU7364787,QJRU,736478,7
HLCU8900352,HLCU,890035,2
QFAU1215856,QFAU,121585,6
LQNU5951688,LQNU,595168,8
QTMU0551319,QTMU,055131,9
VKIU6604478,VKIU,660447,8
EFFU4859261,EFFU,485926,1
ZPIU7032710,ZPIU,703271,0
LLZU5073805,LLZU,507380,5
AUCU7587514,AUCU,758751,4
TINU1391647,TINU,139164,7
PRHU9138613,PRHU,913861,3
MJBU7087630,MJBU,708763,0
TAPU3756621,TAPU,375662,1
QPYU8837124,QPYU,883712,4
SSYU3253932,SSYU,325393,2
EDPU0386700,EDPU,038670,0
BFHU4976278,BFHU,497627,8
VAHU1851912,VAHU,185191,2
VSTU7577417,VSTU,757741,7
IIPU3187520,IIPU,318752,0
GGQU8207947,GGQU,820794,7
QASU8127419,QASU,812741,9
VTAU1199486,VTAU,119948,6
HGJU7911608,HGJU,791160,8
AFRU3267390,AFRU,326739,0
EYNU0209248,EYNU,020924,8
FZIU8561261,FZIU,856126,1
DYYU9713000,DYYU,971300,0
HPJU8659340,HPJU,865934,0
XNBU8948584,XNBU,894858,4
FDPU6543500,FDPU,654350,0
MZLU1042498,MZLU,104249,8
GZXU9955827,GZXU,995582,7
PKAU3175220,PKAU,317522,0
HOLU6551037,HOLU,655103,7
MTIU1667894,MTIU,166789,4
SHGU8337292,SHGU,833729,2
OQIU6296771,OQIU,629677,1
SKEU3684851,SKEU,368485,1
EKNU1116460,EKNU,111646,0
SASU7664523,SASU,766452,3
XZGU2286590,XZGU,228659,0
HLCU7813778,HLCU,781377,8
DJOU0352693,DJOU,035269,3
PBFU3365102,PBFU,336510,2
TXNU6619767,TXNU,661976,7
FMJU0825387,FMJU,082538,7
QMYU3323678,QMYU,332367,8
TFKU0060243,TFKU,006024,3
DTWU8870515,DTWU,887051,5
CYFU5924007,CYFU,592400,7
JQMU2347739,JQMU,234773,9
UPVU9477107,UPVU,947710,7
FEEU9608177,FEEU,960817,7
SGPU4515750,SGPU,451575,0
QHSU0141800,QHSU,014180,0
IRLU8811947,IRLU,881194,7
GNLU0606525,GNLU,060652,5
ABWU8265516,ABWU,826551,6
YSUU0344019,YSUU,034401,9
LETU0897664,LETU,089766,4
FLRU3208646,FLRU,320864,6
GXVU0388742,GXVU,038874,2
JKRU9692060,JKRU,969206,0
SEUU3967338,SEUU,396733,8
LLZU1683142,LLZU,168314,2
LPWU1121780,LPWU,112178,0
GCLU3397089,GCLU,339708,9
WKGU4631523,WKGU,463152,3
RKBU5425457,RKBU,542545,7
LYLU5034902,LYLU,503490,2
PPCU2191614,PPCU,219161,4
HLFU0035731,HLFU,003573,1
MRPU4863242,MRPU,486324,2
GAVU3748439,GAVU,374843,9
SQYU6836631,SQYU,683663,1
NTKU8280586,NTKU,828058,6
VTJU2880058,VTJU,288005,8
RDPU4861838,RDPU,486183,8
TOHU6002133,TOHU,600213,3
EANU6744788,EANU,674478,8
BWFU7899296,BWFU,789929,6
WODU7619113,WODU,761911,3
HARU7479500,HARU,747950,0
ZLEU8332638,ZLEU,833263,8
QNPU0372988,QNPU,037298,8
VPTU1977766,VPTU,197776,6
KUZU7191946,KUZU,719194,6
DYUU2529878,DYUU,252987,8
VHRU2814899,VHRU,281489,9
KHPU1375956,KHPU,137595,6
FIGU9508207,FIGU,950820,7
UJUU1055698,UJUU,105569,8
YSVU5208645,YSVU,520864,5
VPUU0511308,VPUU,051130,8
IOEU8738522,IOEU,873852,2
XWFU8156091,XWFU,815609,1
FJDU4942844,FJDU,494284,4
OIMU7526700,OIMU,752670,0
CXXU1199140,CXXU,119914,0
SXYU0786707,SXYU,078670,7
JRVU4244208,JRVU,424420,8
TFQU3179442,TFQU,317944,2
XHNU4058144,XHNU,405814,4
HTBU0381610,HTBU,038161,0
GSRU8437377,GSRU,843737,7
ZUOU2816400,ZUOU,281640,0
CUSU0696122,CUSU,069612,2
YCRU4466693,YCRU,446669,3
ONPU5824245,ONPU,582424,5
LXJU7386598,LXJU,738659,8
NHUU2141065,NHUU,214106,5
QIQU0256281,QIQU,025628,1
DYRU5378861,DYRU,537886,1
SCFU4053839,SCFU,405383,9
NVZU7739003,NVZU,773900,3
YFVU9120372,YFVU,912037,2
MPKU1961677,MPKU,196167,7
KKQU4093385,KKQU,409338,5
HFSU0125556,HFSU,012555,6
DMBU6003165,DMBU,600316,5
YKJU8833401,YKJU,883340,1
KFDU7209381,KFDU,720938,1
TPOU4256016,TPOU,425601,6
VGHU6325127,VGHU,632512,7
GTUU4173957,GTUU,417395,7
DGUU0331444,DGUU,033144,4
WARU9598416,WARU,959841,6
MOKU2845432,MOKU,284543,2
YJHU4281619,YJHU,428161,9
RKAU3627596,RKAU,362759,6
ZFRU7959540,ZFRU,795954,0
SZWU4219518,SZWU,421951,8
IHFU6482889,IHFU,648288,9
RLTU1220390,RLTU,122039,0
MQMU5410926,MQMU,541092,6
OKQU8353187,OKQU,835318,7
DUXU7195510,DUXU,719551,0
IPOU7378948,IPOU,737894,8
SISU1303622,SISU,130362,2
OSJU9669460,OSJU,966946,0
SIGU7970625,SIGU,797062,5
NEUU6325070,NEUU,632507,0
CJOU6002372,CJOU,600237,2
UUKU3402530,UUKU,340253,0
GHLU6170740,GHLU,617074,0
PLIU5951973,PLIU,595197,3
VSDU1395753,VSDU,139575,3
QDTU9862229,QDTU,986222,9
ZRWU0918420,ZRWU,091842,0
VGSU0062407,VGSU,006240,7
AKPU7471443,AKPU,747144,3
ZMBU4838444,ZMBU,483844,4
SOIU2178678,SOIU,217867,8
FDHU8940720,FDHU,894072,0
BLPU9785048,BLPU,978504,8
QOMU6896577,QOMU,689657,7
BTCU1059572,BTCU,105957,2
LIZU0288911,LIZU,028891,1
YCPU3701276,YCPU,370127,6
NDZU1443316,NDZU,144331,6
QTDU7899070,QTDU,789907,0
OYZU3953013,OYZU,395301,3
NZHU4552707,NZHU,455270,7
NYYU5420702,NYYU,542070,2
TYNU3778129,TYNU,377812,9
YRJU5792303,YRJU,579230,3
ASQU6417181,ASQU,641718,1
SSAU5750800,SSAU,575080,0
CLFU4201040,CLFU,420104,0
LGIU8038768,LGIU,803876,8
ERSU8419856,ERSU,841985,6
ZEXU9347207,ZEXU,934720,7
VJLU0805170,VJLU,080517,0
EXAU7841297,EXAU,784129,7
HLSU1253786,HLSU,125378,6
HHLU9391724,HHLU,939172,4
IMQU2626088,IMQU,262608,8
PXOU3661784,PXOU,366178,4
ZXCU8014021,ZXCU,801402,1
DXWU6999797,DXWU,699979,7
QRWU7498721,QRWU,749872,1
CDNU2686349,CDNU,268634,9
OZRU1511407,OZRU,151140,7
NOAU3843013,NOAU,384301,3
YYGU2439338,YYGU,243933,8
WSHU0049704,WSHU,004970,4
VQYU9960850,VQYU,996085,0
XDNU8409430,XDNU,840943,0
VWVU0682581,VWVU,068258,1
YMAU8098008,YMAU,809800,8
KNRU6965174,KNRU,696517,4
YBTU5225084,YBTU,522508,4
NQTU0349922,NQTU,034992,2
TCZU4614946,TCZU,461494,6
CASU4388848,CASU,438884,8
OCVU0873106,OCVU,087310,6
HFTU8438777,HFTU,843877,7
PAEU1265051,PAEU,126505,1
EINU1769218,EINU,176921,8
DNTU0379840,DNTU,037984,0
GACU8563961,GACU,856396,1
RVZU3052706,RVZU,305270,6
AKTU6630381,AKTU,663038,1
HJSU4143895,HJSU,414389,5
FDUU5903030,FDUU,590303,0
UOGU5539974,UOGU,553997,4
PCFU7136451,PCFU,713645,1
EURU1115365,EURU,111536,5
ESVU3063780,ESVU,306378,0
MSPU2898257,MSPU,289825,7
PUSU6812794,PUSU,681279,4
PTLU6743490,PTLU,674349,0
SNSU1284863,SNSU,128486,3
GJFU6372760,GJFU,637276,0
ICCU6770118,ICCU,677011,8
CSOU9252521,CSOU,925252,1
QNAU3238013,QNAU,323801,3
KLFU4459860,KLFU,445986,0
QNAU9364765,QNAU,936476,5
TUQU5534674,TUQU,553467,4
AMIU9584445,AMIU,958444,5
EEVU9013011,EEVU,901301,1
OWJU9526750,OWJU,952675,0
SNDU1067875,SNDU,106787,5
BUOU5161811,BUOU,516181,1
WLGU0776100,WLGU,077610,0
WBSU6454897,WBSU,645489,7
GDGU6062730,GDGU,606273,0
LHJU2128710,LHJU,212871,0
ARNU9918564,ARNU,991856,4
KNIU1082632,KNIU,108263,2
NEJU9083784,NEJU,908378,4
OMYU4246487,OMYU,424648,7
ZTDU7241642,ZTDU,724164,2
UTLU3558087,UTLU,355808,7
BNOU8867943,BNOU,886794,3
FHXU9215150,FHXU,921515,0
DNYU6243024,DNYU,624302,4
XEPU0240065,XEPU,024006,5
XZMU9162160,XZMU,916216,0
JZNU4709633,JZNU,470963,3
ZDHU0798814,ZDHU,079881,4
ADFU2649735,ADFU,264973,5
CMBU1444300,CMBU,144430,0
JACU0683222,JACU,068322,2
GNTU1290620,GNTU,129062,0
QDRU5113945,QDRU,511394,5
YKUU7308819,YKUU,730881,9
XIBU4863127,XIBU,486312,7
WVCU2713494,WVCU,271349,4
BGFU7238647,BGFU,723864,7
MOXU9490350,MOXU,949035,0
ENNU8879049,ENNU,887904,9
DQQU4572954,DQQU,457295,4
YDWU1003071,YDWU,100307,1
MBUU7440010,MBUU,744001,0
ZGCU0705470,ZGCU,070547,0
EBIU4060710,EBIU,406071,0
KESU4112917,KESU,411291,7
KKCU7241537,KKCU,724153,7
GOZU7546297,GOZU,754629,7
XAIU8186954,XAIU,818695,4
YJBU2943838,YJBU,294383,8
ZNOU7916190,ZNOU,791619,0
OLSU9635186,OLSU,963518,6
FJCU9653938,FJCU,965393,8
BOOU6032818,BOOU,603281,8
IEWU7896465,IEWU,789646,5
JSJU8764195,JSJU,876419,5
PBHU7150007,PBHU,715000,7
EUTU2110072,EUTU,211007,2
RBGU6770296,RBGU,677029,6
GBSU9980287,GBSU,998028,7
ABRU7076368,ABRU,707636,8
UUNU2805643,UUNU,280564,3
TMFU9326557,TMFU,932655,7
JBPU0610318,JBPU,061031,8
QMJU5859797,QMJU,585979,7
EFFU0214201,EFFU,021420,1
RVZU1133748,RVZU,113374,8
NRTU3308889,NRTU,330888,9
EFHU3470930,EFHU,347093,0
AUSU1898130,AUSU,189813,0
IZTU1003496,IZTU,100349,6
LPNU8856548,LPNU,885654,8
YWSU1085887,YWSU,108588,7
IKSU2363445,IKSU,236344,5
JYWU9452075,JYWU,945207,5
AJXU5159838,AJXU,515983,8
RAGU0716020,RAGU,071602,0
FVPU1596674,FVPU,159667,4
WZCU5079204,WZCU,507920,4
CCWU9905037,CCWU,990503,7
DXSU3125336,DXSU,312533,6
XVAU2148027,XVAU,214802,7
NKVU9716328,NKVU,971632,8
PQAU0492625,PQAU,049262,5
CDFU0035828,CDFU,003582,8
JEBU4000314,JEBU,400031,4
OTMU5290520,OTMU,529052,0
ODXU3288399,ODXU,328839,9
PINU5289352,PINU,528935,2
OPKU0679450,OPKU,067945,0
TDSU1665670,TDSU,166567,0
VDRU6625453,VDRU,662545,3
WRMU8739162,WRMU,873916,2
RYXU2624488,RYXU,262448,8
BSHU2312188,BSHU,231218,8
QKLU3482647,QKLU,348264,7
OUFU7645555,OUFU,764555,5
LZUU6828990,LZUU,682899,0
HXMU7592897,HXMU,759289,7
MKCU5131873,MKCU,513187,3
HDZU0114290,HDZU,011429,0
NQNU0037347,NQNU,003734,7
UZTU6204371,UZTU,620437,1
HMRU3914667,HMRU,391466,7
JXIU2512552,JXIU,251255,2
XYRU9309072,XYRU,930907,2
LXVU2840630,LXVU,284063,0
WRCU5013962,WRCU,501396,2
NQTU6533109,NQTU,653310,9
EOGU4337274,EOGU,433727,4
JRKU0856240,JRKU,085624,0
HDIU4775598,HDIU,477559,8
OQCU2718244,OQCU,271824,4
KMBU1042479,KMBU,104247,9
BTPU4907699,BTPU,490769,9
LCAU3374501,LCAU,337450,1
HJBU7485860,HJBU,748586,0
BNXU2424461,BNXU,242446,1
GVGU1347640,GVGU,134764,0
DNHU1317341,DNHU,131734,1
LVHU2021493,LVHU,202149,3
IFVU6549937,IFVU,654993,7
HXJU8130651,HXJU,813065,1
IIVU0504000,IIVU,050400,0
SSXU2649123,SSXU,264912,3
LGGU0658019,LGGU,065801,9
QQNU1556735,QQNU,155673,5
DHIU3881897,DHIU,388189,7
KUSU9674688,KUSU,967468,8
KJNU7255487,KJNU,725548,7
AYIU4853036,AYIU,485303,6
COPU2258801,COPU,225880,1
TYVU8506804,TYVU,850680,4
MKCU1285510,MKCU,128551,0
CUXU3413790,CUXU,341379,0
KCOU0601038,KCOU,060103,8
POEU9927894,POEU,992789,4
CFIU6279446,CFIU,627944,6
NRPU1775719,NRPU,177571,9
AHYU6721560,AHYU,672156,0
HEKU6192958,HEKU,619295,8
OXYU0928650,OXYU,092865,0
KSQU2140360,KSQU,214036,0
OTRU8432328,OTRU,843232,8
MNJU1621962,MNJU,162196,2
ZYYU5490492,ZYYU,549049,2
UTXU5097593,UTXU,509759,3
QLNU3896822,QLNU,389682,2
YQLU8033911,YQLU,803391,1
OXXU8768261,OXXU,876826,1
EMLU1506234,EMLU,150623,4
TMYU4758786,TMYU,475878,6
GPQU6173722,GPQU,617372,2
ARJU1812644,ARJU,181264,4
JCUU6152090,JCUU,615209,0
KDNU4532463,KDNU,453246,3
ABXU9924294,ABXU,992429,4
YMQU3330585,YMQU,333058,5
WZIU9418458,WZIU,941845,8
CULU7501150,CULU,750115,0
MBKU0569263,MBKU,056926,3
JHUU5056300,JHUU,505630,0
TFIU3028715,TFIU,302871,5
ACDU2135064,ACDU,213506,4
TZSU5294210,TZSU,529421,0
AKJU0127934,AKJU,012793,4
YDKU4313001,YDKU,431300,1
RTFU0224935,RTFU,022493,5
CWZU5141646,CWZU,514164,6
UZKU5453368,UZKU,545336,8
FFRU5052781,FFRU,505278,1
DHZU3539040,DHZU,353904,0
PHJU9818650,PHJU,981865,0
BANU8001460,BANU,800146,0
KCCU7521132,KCCU,752113,2
CIQU7187893,CIQU,718789,3
ODAU6352500,ODAU,635250,0
XFDU7661939,XFDU,766193,9
GKJU3981590,GKJU,398159,0
HTYU1045988,HTYU,104598,8
MLAU0814740,MLAU,081474,0
DVLU6952350,DVLU,695235,0
SVCU8164210,SVCU,816421,0
PYMU8037862,PYMU,803786,2
IAMU7318848,IAMU,731884,8
XDDU9429847,XDDU,942984,7
ZZZU5721093,ZZZU,572109,3
ZKFU9129311,ZKFU,912931,1
NYOU8796653,NYOU,879665,3
QZZU3052153,QZZU,305215,3
IVPU1255578,IVPU,125557,8
THSU0826490,THSU,082649,0
NYCU2225201,NYCU,222520,1
EEKU3168317,EEKU,316831,7
XEJU6181745,XEJU,618174,5
PUBU1293622,PUBU,129362,2
DNUU7271470,DNUU,727147,0
MXEU3868110,MXEU,386811,0
NHKU4582769,NHKU,458276,9
NRSU8350419,NRSU,835041,9
VFVU7163990,VFVU,716399,0
QABU3455451,QABU,345545,1
GUMU1766972,GUMU,176697,2
NBMU3238764,NBMU,323876,4
GOYU9472219,GOYU,947221,9
WADU9146849,WADU,914684,9
OASU7094026,OASU,709402,6
IBPU9357175,IBPU,935717,5
EKZU7169607,EKZU,716960,7
PGKU2962369,PGKU,296236,9
KWHU4565449,KWHU,456544,9
AVMU6760146,AVMU,676014,6
YCIU7143466,YCIU,714346,6
LYUU0368160,LYUU,036816,0
BRUU4187850,BRUU,418785,0
EIXU5126890,EIXU,512689,0
EYDU4516155,EYDU,451615,5
MWNU1549695,MWNU,154969,5
EWZU6297661,EWZU,629766,1
KMUU5312960,KMUU,531296,0
JATU4540117,JATU,454011,7
XFPU3742243,XFPU,374224,3
TDIU6909276,TDIU,690927,6
HKEU4753386,HKEU,475338,6
SFBU2037043,SFBU,203704,3
ACKU9455640,ACKU,945564,0
BZQU8287165,BZQU,828716,5
AZJU5883560,AZJU,588356,0
KDDU2887079,KDDU,288707,9
YBEU0995058,YBEU,099505,8
PZKU3684701,PZKU,368470,1
FFSU9532669,FFSU,953266,9
QAOU5782243,QAOU,578224,3
SWCU2449481,SWCU,244948,1
TZNU3852906,TZNU,385290,6
KELU7820600,KELU,782060,0
THGU5513254,THGU,551325,4
KBNU1898748,KBNU,189874,8
FEGU4606857,FEGU,460685,7
OVOU8514776,OVOU,851477,6
YGVU1992046,YGVU,199204,6
PXIU8499496,PXIU,849949,6
MWSU6877930,MWSU,687793,0
ANRU5580666,ANRU,558066,6
JVEU4060509,JVEU,406050,9
VHLU6176492,VHLU,617649,2
MLYU7913430,MLYU,791343,0
MLYU6350434,MLYU,635043,4
RGAU9563059,RGAU,956305,9
YIXU2326301,YIXU,232630,1
MHAU6758136,MHAU,675813,6
MEBU1452947,MEBU,145294,7
GESU4577000,GESU,457700,0
LTVU0396765,LTVU,039676,5
WKVU9856864,WKVU,985686,4
BHQU4210209,BHQU,421020,9
AVVU9164276,AVVU,916427,6
MEUU5133257,MEUU,513325,7
UXIU2593679,UXIU,259367,9
SCZU7860650,SCZU,786065,0
KLIU1796066,KLIU,179606,6
YJWU7643781,YJWU,764378,1
XMSU6146881,XMSU,614688,1
RCIU4551045,RCIU,455104,5
TZNU4214465,TZNU,421446,5
VFPU7161836,VFPU,716183,6
MAVU7992732,MAVU,799273,2
UPQU3121797,UPQU,312179,7
KMMU0683091,KMMU,068309,1
ZRTU3151810,ZRTU,315181,0
BCWU3728313,BCWU,372831,3
UKOU3609818,UKOU,360981,8
PTSU3839104,PTSU,383910,4
HUUU8598865,HUUU,859886,5
EZYU0721537,EZYU,072153,7
KHHU2156939,KHHU,215693,9
STQU6042249,STQU,604224,9
GTGU7991320,GTGU,799132,0
LWQU0863504,LWQU,086350,4
PZAU9834938,PZAU,983493,8
GJEU5960087,GJEU,596008,7
MLYU4814990,MLYU,481499,0
ADCU5458670,ADCU,545867,0
SPYU7954956,SPYU,795495,6
HCWU2087550,HCWU,208755,0
LIBU1512488,LIBU,151248,8
ZZXU8389560,ZZXU,838956,0
HVPU8352352,HVPU,835235,2
JOPU8277240,JOPU,827724,0
XYCU8495082,XYCU,849508,2
JKIU9245208,JKIU,924520,8
SVHU7023915,SVHU,702391,5
ACIU5346773,ACIU,534677,3
IQZU8952043,IQZU,895204,3
ANYU1652725,ANYU,165272,5
RMGU7347824,RMGU,734782,4
VHZU0234908,VHZU,023490,8
SKOU7776431,SKOU,777643,1
XYAU5771463,XYAU,577146,3
GZQU6803586,GZQU,680358,6
GQFU9848258,GQFU,984825,8
SOBU0942992,SOBU,094299,2
PXQU2265786,PXQU,226578,6
GRXU9366224,GRXU,936622,4
JYCU6328477,JYCU,632847,7
RVVU3702303,RVVU,370230,3
BTCU2799001,BTCU,279900,1
EMJU7483217,EMJU,748321,7
YOQU5625927,YOQU,562592,7
IDYU9804571,IDYU,980457,1
RGSU7119304,RGSU,711930,4
NHUU1768889,NHUU,176888,9
HUCU2500252,HUCU,250025,2
PFFU5968360,PFFU,596836,0
LHXU1684585,LHXU,168458,5
XLNU4711540,XLNU,471154,0
KEPU5595589,KEPU,559558,9
MNUU2779093,MNUU,277909,3
VZYU0838855,VZYU,083885,5
IINU3010883,IINU,301088,3
JNHU0639755,JNHU,063975,5
TYPU4577152,TYPU,457715,2
ADQU3363890,ADQU,336389,0
OGUU5540005,OGUU,554000,5
FISU2533930,FISU,253393,0
QCSU9020499,QCSU,902049,9
TYZU4966679,TYZU,496667,9
FBOU4788131,FBOU,478813,1
SMVU5038897,SMVU,503889,7
LYWU1673920,LYWU,167392,0
HRCU1063147,HRCU,106314,7
ENXU2231763,ENXU,223176,3
AEKU1827998,AEKU,182799,8
FBQU8238423,FBQU,823842,3
NUSU6990270,NUSU,699027,0
OYNU4936420,OYNU,493642,0
BMDU9143079,BMDU,914307,9
KTDU7115187,KTDU,711518,7
UZBU9915395,UZBU,991539,5
POOU8776601,POOU,877660,1
QRDU7153976,QRDU,715397,6
WYMU4807469,WYMU,480746,9
BVYU4742610,BVYU,474261,0
SRGU7948208,SRGU,794820,8
YKRU6907220,YKRU,690722,0
ZPMU4772562,ZPMU,477256,2
HCRU3647391,HCRU,364739,1
TZNU0392670,TZNU,039267,0
QICU1322866,QICU,132286,6
OCAU3153273,OCAU,315327,3
ETPU5699695,ETPU,569969,5
VBHU0402490,VBHU,040249,0
QFTU9441938,QFTU,944193,8
DRHU3931274,DRHU,393127,4
BKSU7000955,BKSU,700095,5
WFVU1056531,WFVU,105653,1
UUQU1185770,UUQU,118577,0
EDFU5020099,EDFU,502009,9
ROEU6137223,ROEU,613722,3
QYYU4628741,QYYU,462874,1
DMSU0637424,DMSU,063742,4
YNYU1704485,YNYU,170448,5
GLLU9336751,GLLU,933675,1
OCCU9233525,OCCU,923352,5
HOYU8357510,HOYU,835751,0
EPOU0013224,EPOU,001322,4
ZYMU2985926,ZYMU,298592,6
EBQU7168547,EBQU,716854,7
LDOU2213605,LDOU,221360,5
BVRU8215120,BVRU,821512,0
KJTU8458367,KJTU,845836,7
GDLU1220584,GDLU,122058,4
BIVU4612114,BIVU,461211,4
UEHU9264544,UEHU,926454,4
RNJU7822634,RNJU,782263,4
WLZU8948408,WLZU,894840,8
OSRU4827349,OSRU,482734,9
APMU7554240,APMU,755424,0
RFMU0892730,RFMU,089273,0
EDBU5666090,EDBU,566609,0
AYXU0438933,AYXU,043893,3
RXRU7056423,RXRU,705642,3
MSRU8787453,MSRU,878745,3
AQHU0176087,AQHU,017608,7
FYDU9247527,FYDU,924752,7
SRMU3628080,SRMU,362808,0
THRU9080011,THRU,908001,1
PQSU5260712,PQSU,526071,2
EQMU8511568,EQMU,851156,8
LYUU0070710,LYUU,007071,0
GFUU2634585,GFUU,263458,5
FLSU4101851,FLSU,410185,1
NVEU1802717,NVEU,180271,7
PPAU8568685,PPAU,856868,5
MVRU3977925,MVRU,397792,5
DYSU4229105,DYSU,422910,5
RTPU9116525,RTPU,911652,5
NEOU3262850,NEOU,326285,0
CUGU0653870,CUGU,065387,0
OWRU1955915,OWRU,195591,5
OSAU5250036,OSAU,525003,6
WWDU0906247,WWDU,090624,7
NKLU4250746,NKLU,425074,6
ONYU0535966,ONYU,053596,6
EQQU5065174,EQQU,506517,4
FBJU6662829,FBJU,666282,9
LWIU1415137,LWIU,141513,7
XOXU3796214,XOXU,379621,4
YDHU0239266,YDHU,023926,6
VXAU1175858,VXAU,117585,8
EDRU0302116,EDRU,030211,6
IRPU2072309,IRPU,207230,9
QDNU5262163,QDNU,526216,3
HIHU1676745,HIHU,167674,5
PPUU3178180,PPUU,317818,0
KQZU5932493,KQZU,593249,3
LTUU2867614,LTUU,286761,4
DVVU6723348,DVVU,672334,8
NJOU7414267,NJOU,741426,7
GDSU0024849,GDSU,002484,9
BWYU4319831,BWYU,431983,1
FSPU9262296,FSPU,926229,6
GQDU3366890,GQDU,336689,0
KUEU1402077,KUEU,140207,7
SKQU0122117,SKQU,012211,7
APZU4034414,APZU,403441,4
PTWU1474005,PTWU,147400,5
YRKU7213003,YRKU,721300,3
ECPU6310742,ECPU,631074,2
SIFU9170850,SIFU,917085,0
BGWU1757881,BGWU,175788,1
ZUDU8302765,ZUDU,830276,5
IRXU5028961,IRXU,502896,1
ZAGU6615381,ZAGU,661538,1
HNKU7433087,HNKU,743308,7
QPEU5358072,QPEU,535807,2
MREU4447600,MREU,444760,0
QSXU7521534,QSXU,752153,4
BETU8845374,BETU,884537,4
MARU0569654,MARU,056965,4
PACU8709377,PACU,870937,7
TTJU6194705,TTJU,619470,5
UWHU2599901,UWHU,259990,1
XPTU7867428,XPTU,786742,8
CSIU7339186,CSIU,733918,6
AJGU5583430,AJGU,558343,0
BOGU6736286,BOGU,673628,6
BCEU8727831,BCEU,872783,1
WJGU2679681,WJGU,267968,1
KSHU3739969,KSHU,373996,9
LDXU9677219,LDXU,967721,9
IENU6987800,IENU,698780,0
IVFU1004042,IVFU,100404,2
URTU3429887,URTU,342988,7
SVXU1720332,SVXU,172033,2
HEMU4191589,HEMU,419158,9
MAIU9581910,MAIU,958191,0
PTDU7936697,PTDU,793669,7
VFEU3663323,VFEU,366332,3
MBAU4555490,MBAU,455549,0
UWCU6720485,UWCU,672048,5
PBOU5839444,PBOU,583944,4
OWFU6838494,OWFU,683849,4
AABU5005966,AABU,500596,6
LJUU6831271,LJUU,683127,1
VBXU1589057,VBXU,158905,7
BSJU9518183,BSJU,951818,3
WJEU9201911,WJEU,920191,1
FFSU3743140,FFSU,374314,0
AULU9331889,AULU,933188,9
UUYU6598722,UUYU,659872,2
FEZU8633369,FEZU,863336,9
MLCU8169990,MLCU,816999,0
SGZU7405150,SGZU,740515,0
LIRU1984043,LIRU,198404,3
ZVZU8618841,ZVZU,861884,1
ICEU3360816,ICEU,336081,6
EYPU7125850,EYPU,712585,0
STSU3838219,STSU,383821,9
XDLU8493850,XDLU,849385,0
UNVU3238380,UNVU,323838,0
FHTU0104369,FHTU,010436,9
MWFU4152266,MWFU,415226,6
JFSU6071490,JFSU,607149,0
TWHU0866443,TWHU,086644,3
KYFU1769511,KYFU,176951,1
GMDU7341254,GMDU,734125,4
UHAU2003632,UHAU,200363,2
RXRU7976294,RXRU,797629,4
SHTU8320840,SHTU,832084,0
HXKU0050701,HXKU,005070,1
VDOU0261271,VDOU,026127,1
TWEU6449446,TWEU,644944,6
PLBU2371404,PLBU,237140,4
NPFU0302148,NPFU,030214,8
FFCU9978279,FFCU,997827,9
HRSU0891072,HRSU,089107,2
ZVAU5168836,ZVAU,516883,6
HNKU7456668,HNKU,745666,8
WGSU7190822,WGSU,719082,2
JIEU7184189,JIEU,718418,9
XZJU5911584,XZJU,591158,4
BCZU7092278,BCZU,709227,8
VKNU7489576,VKNU,748957,6
TOJU3119102,TOJU,311910,2
VXSU3014881,VXSU,301488,1
QUJU1487551,QUJU,148755,1
LJOU6576702,LJOU,657670,2
ESQU7279219,ESQU,727921,9
INRU6445397,INRU,644539,7
UJVU2905052,UJVU,290505,2
PEAU6996039,PEAU,699603,9
KZRU1036133,KZRU,103613,3
RYRU8276492,RYRU,827649,2
HIVU5567458,HIVU,556745,8
CDWU6176340,CDWU,617634,0
ENOU8567213,ENOU,856721,3
EJWU7445699,EJWU,744569,9
AGOU0694763,AGOU,069476,3
AREU7471017,AREU,747101,7
DRZU5881513,DRZU,588151,3
CIIU2273240,CIIU,227324,0
UYEU8518319,UYEU,851831,9
YAIU7821819,YAIU,782181,9
DICU8083652,DICU,808365,2
GOOU7464805,GOOU,746480,5
SZAU4136027,SZAU,413602,7
DHOU4344408,DHOU,434440,8
PTFU7625898,PTFU,762589,8
UZHU0772525,UZHU,077252,5
MPCU3646660,MPCU,364666,0
WVBU4512026,WVBU,451202,6
NVRU7749380,NVRU,774938,0
XBGU1244443,XBGU,124444,3
FXXU5918965,FXXU,591896,5
ASQU9322916,ASQU,932291,6
BGSU9766984,BGSU,976698,4
KHRU3033456,KHRU,303345,6
CCUU8476702,CCUU,847670,2
QKGU8578170,QKGU,857817,0
TZVU2315680,TZVU,231568,0
LVWU8743005,LVWU,874300,5
JBZU5394490,JBZU,539449,0
ICUU6238824,ICUU,623882,4
JZEU1859150,JZEU,185915,0
XNTU5573478,XNTU,557347,8
QNTU6634333,QNTU,663433,3
ABOU3039386,ABOU,303938,6
ZBMU8486277,ZBMU,848627,7
NSPU8254709,NSPU,825470,9
DJEU2830889,DJEU,283088,9
YLIU5412097,YLIU,541209,7
TBIU9864361,TBIU,986436,1
URQU1039960,URQU,103996,0
LQMU8823692,LQMU,882369,2
PZVU2752732,PZVU,275273,2
EZTU1455960,EZTU,145596,0
HJQU5153226,HJQU,515322,6
SEHU7065623,SEHU,706562,3
KLDU5755468,KLDU,575546,8
ZVZU9551383,ZVZU,955138,3
EHFU9393499,EHFU,939349,9
EIRU5035407,EIRU,503540,7
TDMU2507169,TDMU,250716,9
PIAU7306393,PIAU,730639,3
ASMU5577473,ASMU,557747,3
IYFU6973418,IYFU,697341,8
DDUU4863368,DDUU,486336,8
YKVU7152528,YKVU,715252,8
KLSU4331289,KLSU,433128,9
PGDU2415828,PGDU,241582,8
DQZU3801651,DQZU,380165,1
LZRU3195521,LZRU,319552,1
DILU1861244,DILU,186124,4
CLPU7788270,CLPU,778827,0
OQQU9240260,OQQU,924026,0
IDBU2606110,IDBU,260611,0
JVNU0302792,JVNU,030279,2
VPEU9169956,VPEU,916995,6
JSXU8513691,JSXU,851369,1
UDFU7207042,UDFU,720704,2
KWNU5384688,KWNU,538468,8
ODSU3037175,ODSU,303717,5
VNHU4770508,VNHU,477050,8
PVTU5696228,PVTU,569622,8
XDMU7845970,XDMU,784597,0
LMGU6360045,LMGU,636004,5
CLNU2044746,CLNU,204474,6
YIKU3260230,YIKU,326023,0
IUPU5037760,IUPU,503776,0
AKTU3664691,AKTU,366469,1
FHWU0349860,FHWU,034986,0
GYRU2676485,GYRU,267648,5
TSJU4708399,TSJU,470839,9
BVNU1160904,BVNU,116090,4
ELSU3307955,ELSU,330795,5
ISCU4054310,ISCU,405431,0
NYDU8745293,NYDU,874529,3
GBTU7723220,GBTU,772322,0
LPNU0972346,LPNU,097234,6
DONU3352415,DONU,335241,5
PHOU2917462,PHOU,291746,2
LSPU6515761,LSPU,651576,1
QIEU5700215,QIEU,570021,5
DDAU4608038,DDAU,460803,8
JRFU9801804,JRFU,980180,4
MTTU3104070,MTTU,310407,0
TBWU4221170,TBWU,422117,0
XGQU7491922,XGQU,749192,2
COFU1219061,COFU,121906,1
LEZU6587316,LEZU,658731,6
ZRHU6479895,ZRHU,647989,5
MYHU4164057,MYHU,416405,7
VYJU1615106,VYJU,161510,6
XMWU2102245,XMWU,210224,5
TYGU2980666,TYGU,298066,6
NQMU7446425,NQMU,744642,5
RKOU8366003,RKOU,836600,3
SYKU1133439,SYKU,113343,9
IKBU5300240,IKBU,530024,0
SGPU6689724,SGPU,668972,4
SGBU9119865,SGBU,911986,5
YTFU3279543,YTFU,327954,3
DPVU6932788,DPVU,693278,8
NBPU7827892,NBPU,782789,2
GPCU1553108,GPCU,155310,8
PJYU5199362,PJYU,519936,2
ODEU3450970,ODEU,345097,0
BCVU3550866,BCVU,355086,6
BHTU0059728,BHTU,005972,8
WGRU9927860,WGRU,992786,0
QDQU6631930,QDQU,663193,0
XWZU2348306,XWZU,234830,6
OSDU5926980,OSDU,592698,0
PMLU2662295,PMLU,266229,5
VMBU5429977,VMBU,542997,7
ZCZU8874948,ZCZU,887494,8
WZAU6052980,WZAU,605298,0
FIXU4291680,FIXU,429168,0
ZCJU5094768,ZCJU,509476,8
IFYU0961911,IFYU,096191,1
XOQU7508683,XOQU,750868,3
CCVU5941876,CCVU,594187,6
PGDU9214110,PGDU,921411,0
NVHU5192336,NVHU,519233,6
VJSU3752588,VJSU,375258,8
PHBU3016133,PHBU,301613,3
MCRU4445620,MCRU,444562,0
SXWU4612265,SXWU,461226,5
KRPU4914558,KRPU,491455,8
IRTU6062772,IRTU,606277,2
MNRU2884349,MNRU,288434,9
FYTU2448157,FYTU,244815,7
ARJU4108346,ARJU,410834,6
BGXU5802473,BGXU,580247,3
XPCU6505244,XPCU,650524,4
YDSU5997200,YDSU,599720,0
ODLU3041689,ODLU,304168,9
KVZU7759182,KVZU,775918,2
HWFU8445992,HWFU,844599,2
RKBU7994257,RKBU,799425,7
MLCU8696305,MLCU,869630,5
DANU2420326,DANU,242032,6
OZBU5408355,OZBU,540835,5
OFLU3241654,OFLU,324165,4
YTAU8963726,YTAU,896372,6
UFQU7537397,UFQU,753739,7
BRAU9188550,BRAU,918855,0
HUAU0859957,HUAU,085995,7
ONVU1461321,ONVU,146132,1
WGAU5535075,WGAU,553507,5
YNSU2042388,YNSU,204238,8
OOGU1689482,OOGU,168948,2
PVEU0114959,PVEU,011495,9
XAQU3030724,XAQU,303072,4
QCYU0972478,QCYU,097247,8
QOMU9970127,QOMU,997012,7
DGNU9541301,DGNU,954130,1
NWIU0331060,NWIU,033106,0
NSPU7117810,NSPU,711781,0
IIOU5749794,IIOU,574979,4
UVYU1308589,UVYU,130858,9
EHLU6415218,EHLU,641521,8
CJKU5453516,CJKU,545351,6
AROU6117591,AROU,611759,1
AFQU3775381,AFQU,377538,1
MHKU6359917,MHKU,635991,7
AOWU3996940,AOWU,399694,0
PBEU1371756,PBEU,137175,6
LWOU9105278,LWOU,910527,8
CYGU7345008,CYGU,734500,8
WLLU7763262,WLLU,776326,2
XQAU7853820,XQAU,785382,0
KWUU1306830,KWUU,130683,0
ODGU2396070,ODGU,239607,0
XTXU8869890,XTXU,886989,0
HLNU9702381,HLNU,970238,1
ALOU7661130,ALOU,766113,0
RESU1181233,RESU,118123,3
LMRU8385046,LMRU,838504,6
DASU7960639,DASU,796063,9
JYVU7184072,JYVU,718407,2
NVYU9723213,NVYU,972321,3
AYHU0134072,AYHU,013407,2
XNIU6800150,XNIU,680015,0
ZRSU1665191,ZRSU,166519,1
IWCU3345619,IWCU,334561,9
DTTU4376475,DTTU,437647,5
JBHU2138384,JBHU,213838,4
BVPU2063552,BVPU,206355,2
SCNU8139255,SCNU,813925,5
PAHU7115656,PAHU,711565,6
PTRU3654339,PTRU,365433,9
GMBU8589090,GMBU,858909,0
SUMU4085676,SUMU,408567,6
ERYU4099894,ERYU,409989,4
RKVU2379281,RKVU,237928,1
HMWU2689347,HMWU,268934,7
EWTU8495151,EWTU,849515,1
WOPU6147278,WOPU,614727,8
ISZU5330190,ISZU,533019,0
GYRU7636989,GYRU,763698,9
QOOU8238802,QOOU,823880,2
PLUU2258176,PLUU,225817,6
FBZU2892541,FBZU,289254,1
PIRU7513147,PIRU,751314,7
XARU3307047,XARU,330704,7
WNWU2838366,WNWU,283836,6
OTXU1170200,OTXU,117020,0
YGUU9134637,YGUU,913463,7
EOGU2606060,EOGU,260606,0
RYLU2964855,RYLU,296485,5
JZZU8402663,JZZU,840266,3
RCHU5689837,RCHU,568983,7
SYQU2832272,SYQU,283227,2
GBOU6517994,GBOU,651799,4
EJTU8662462,EJTU,866246,2
YGJU0004011,YGJU,000401,1
KTSU2736430,KTSU,273643,0
ZGLU8120030,ZGLU,812003,0
LGBU0994714,LGBU,099471,4
XKDU8114663,XKDU,811466,3
DUFU8378365,DUFU,837836,5
KQKU2646690,KQKU,264669,0
PCOU0609625,PCOU,060962,5
MQDU8886294,MQDU,888629,4
LBNU7581794,LBNU,758179,4
VCQU4637995,VCQU,463799,5
IYAU9553823,IYAU,955382,3
RLHU4379434,RLHU,437943,4
XPBU4358407,XPBU,435840,7
WAAU0559750,WAAU,055975,0
DFAU9755251,DFAU,975525,1
XYGU5604604,XYGU,560460,4
FHNU7934216,FHNU,793421,6
EUVU1193290,EUVU,119329,0
OAMU2531060,OAMU,253106,0
BIWU6471261,BIWU,647126,1
RLWU6051615,RLWU,605161,5
DLBU3267286,DLBU,326728,6
QRHU9276608,QRHU,927660,8
HZTU8709272,HZTU,870927,2
RDVU9008778,RDVU,900877,8
IIEU4799173,IIEU,479917,3
ABYU6703230,ABYU,670323,0
JVVU5304595,JVVU,530459,5
HDOU8528987,HDOU,852898,7
JSHU3930212,JSHU,393021,2
PVMU5039779,PVMU,503977,9
XWFU1949278,XWFU,194927,8
FPKU3204171,FPKU,320417,1
KEPU1989671,KEPU,198967,1
AAVU0242395,AAVU,024239,5
WOYU9653532,WOYU,965353,2
MUEU4430440,MUEU,443044,0
GBBU3247641,GBBU,324764,1
AWJU3460266,AWJU,346026,6
KXYU8906842,KXYU,890684,2
NTDU2758760,NTDU,275876,0
CNSU3611321,CNSU,361132,1
AUQU5503859,AUQU,550385,9
WMEU0770853,WMEU,077085,3
FKHU5451760,FKHU,545176,0
UVWU4730630,UVWU,473063,0
OVCU7911107,OVCU,791110,7
BEWU5256164,BEWU,525616,4
KKWU6553280,KKWU,655328,0
PLYU4027153,PLYU,402715,3
SRDU1147793,SRDU,114779,3
PGFU3598401,PGFU,359840,1
VMKU2665009,VMKU,266500,9
LXVU4206245,LXVU,420624,5
WFBU2998261,WFBU,299826,1
OZYU2243083,OZYU,224308,3
ILGU5898637,ILGU,589863,7
SMMU9573093,SMMU,957309,3
VPAU0137610,VPAU,013761,0
BLVU8403763,BLVU,840376,3
GBOU8869295,GBOU,886929,5
HMOU0998719,HMOU,099871,9
IABU4140682,IABU,414068,2
JHJU3968229,JHJU,396822,9
DLYU8343517,DLYU,834351,7
AUWU2573903,AUWU,257390,3
FOYU5722258,FOYU,572225,8
KBPU9597096,KBPU,959709,6
FXWU0118781,FXWU,011878,1
VHWU1855350,VHWU,185535,0
DVAU7472189,DVAU,747218,9
BMJU6416079,BMJU,641607,9
XIVU7771580,XIVU,777158,0
ORSU0584685,ORSU,058468,5
QHIU3484589,QHIU,348458,9
LHGU1260628,LHGU,126062,8
BPQU2351138,BPQU,235113,8
MCPU0696370,MCPU,069637,0
KAVU0581465,KAVU,058146,5
MODU9776322,MODU,977632,2
GMJU1175800,GMJU,117580,0
XWAU8413114,XWAU,841311,4
QUWU9142099,QUWU,914209,9
EZFU7881171,EZFU,788117,1
PUXU6974890,PUXU,697489,0
PUOU6676245,PUOU,667624,5
PTZU9446931,PTZU,944693,1
GBGU8425868,GBGU,842586,8
ZTGU8501977,ZTGU,850197,7
UEYU5422379,UEYU,542237,9
XAIU4293569,XAIU,429356,9
UKUU7675487,UKUU,767548,7
ZKBU6337024,ZKBU,633702,4
LKPU3472844,LKPU,347284,4
GCGU8645139,GCGU,864513,9
XRVU3508759,XRVU,350875,9
IGEU3981528,IGEU,398152,8
TDPU8998651,TDPU,899865,1
UVNU1161160,UVNU,116116,0
HEWU6778615,HEWU,677861,5
AXXU6583222,AXXU,658322,2
GVXU1268703,GVXU,126870,3
BGTU1176394,BGTU,117639,4
QVTU0079374,QVTU,007937,4
OPIU8581333,OPIU,858133,3
QBDU8814051,QBDU,881405,1
HBIU6814745,HBIU,681474,5
PYLU0473660,PYLU,047366,0
CRPU4724191,CRPU,472419,1
IHRU6708799,IHRU,670879,9
DGQU3052731,DGQU,305273,1
EFJU6939566,EFJU,693956,6
RWRU4095316,RWRU,409531,6
QNGU7817786,QNGU,781778,6
VNPU8695283,VNPU,869528,3
LJDU3301170,LJDU,330117,0
KJWU3315183,KJWU,331518,3
PQRU2128210,PQRU,212821,0
OLVU7847072,OLVU,784707,2
NGEU4390551,NGEU,439055,1
LSDU2929848,LSDU,292984,8
PMKU5209325,PMKU,520932,5
VOAU0706503,VOAU,070650,3
XWZU5787663,XWZU,578766,3
VPRU1760665,VPRU,176066,5
SEJU9517606,SEJU,951760,6
MXPU5445419,MXPU,544541,9
FIVU4720529,FIVU,472052,9
DQCU7154059,DQCU,715405,9
LEXU9056825,LEXU,905682,5
DXEU8526677,DXEU,852667,7
TOWU9573863,TOWU,957386,3
VRPU2977918,VRPU,297791,8
DVRU5639949,DVRU,563994,9
BEWU7131530,BEWU,713153,0
ALWU0521150,ALWU,052115,0
ASZU4264937,ASZU,426493,7
VXTU3954869,VXTU,395486,9
BBDU8629104,BBDU,862910,4
HROU6696314,HROU,669631,4
KGEU0593325,KGEU,059332,5
XAKU0735192,XAKU,073519,2
IEMU0371080,IEMU,037108,0
FDIU3247932,FDIU,324793,2
ELLU2346226,ELLU,234622,6
SVBU8687429,SVBU,868742,9
CEFU9375862,CEFU,937586,2
VCZU5515112,VCZU,551511,2
OXVU9396768,OXVU,939676,8
ZSRU0147597,ZSRU,014759,7
BWSU9804346,BWSU,980434,6
ZTEU0518404,ZTEU,051840,4
KGMU0494264,KGMU,049426,4
GYFU8288730,GYFU,828873,0
FPZU4239195,FPZU,423919,5
OBCU3058716,OBCU,305871,6
TDMU7273485,TDMU,727348,5
URQU2226400,URQU,222640,0
IRMU3950310,IRMU,395031,0
GKTU1562779,GKTU,156277,9
ZMLU7851270,ZMLU,785127,0
ACWU8180067,ACWU,818006,7
KNWU4568267,KNWU,456826,7
PAMU1614027,PAMU,161402,7
ZGLU8393647,ZGLU,839364,7
IOUU0036434,IOUU,003643,4
TIQU3873504,TIQU,387350,4
XSHU5255864,XSHU,525586,4
YRPU0776373,YRPU,077637,3
JOLU3578870,JOLU,357887,0
MHQU2498632,MHQU,249863,2
EUMU2521627,EUMU,252162,7
HIOU8802340,HIOU,880234,0
IUEU9209289,IUEU,920928,9
KKGU3918898,KKGU,391889,8
EEHU9417632,EEHU,941763,2
JSEU1583875,JSEU,158387,5
HAVU3782748,HAVU,378274,8
FKZU1501280,FKZU,150128,0
NNJU7232320,NNJU,723232,0
TDPU9857956,TDPU,985795,6
PMQU6080644,PMQU,608064,4
EPRU0785825,EPRU,078582,5
XPTU3922213,XPTU,392221,3
CZFU1283627,CZFU,128362,7
BNWU9053939,BNWU,905393,9
HSFU6407593,HSFU,640759,3
EWZU1500821,EWZU,150082,1
CKKU4752047,CKKU,475204,7
NTFU5588113,NTFU,558811,3
FNFU4569418,FNFU,456941,8
DEVU2129800,DEVU,212980,0
NAXU2732052,NAXU,273205,2
IBNU7642345,IBNU,764234,5
KUEU4566813,KUEU,456681,3
LPRU2543108,LPRU,254310,8
BDHU5537980,BDHU,553798,0
ZHLU9450168,ZHLU,945016,8
FMJU9441588,FMJU,944158,8
WUDU7714066,WUDU,771406,6
UPUU3826375,UPUU,382637,5
TGNU1552809,TGNU,155280,9
TQJU3713165,TQJU,371316,5
XFWU1050604,XFWU,105060,4
XUKU9524170,XUKU,952417,0
TEBU8955148,TEBU,895514,8
EJAU9218292,EJAU,921829,2
YQUU8824509,YQUU,882450,9
RIDU0584315,RIDU,058431,5
BNKU1616357,BNKU,161635,7
VZIU2436844,VZIU,243684,4
ZEDU4146956,ZEDU,414695,6
RSNU4089500,RSNU,408950,0
UOJU2739310,UOJU,273931,0
BDRU5636052,BDRU,563605,2
EBKU3669355,EBKU,366935,5
TBBU4274583,TBBU,427458,3
WDNU9169245,WDNU,916924,5
NILU7686196,NILU,768619,6
GLSU8747476,GLSU,874747,6
YAXU8535977,YAXU,853597,7
ECIU8519748,ECIU,851974,8
QIQU6941003,QIQU,694100,3
VMFU7419289,VMFU,741928,9
LKZU0846977,LKZU,084697,7
XUTU2837116,XUTU,283711,6
BAIU5803161,BAIU,580316,1
DTDU6364851,DTDU,636485,1
HDTU9470173,HDTU,947017,3
KLYU9483504,KLYU,948350,4
AYQU1225208,AYQU,122520,8
CJWU8186440,CJWU,818644,0
IBBU7907046,IBBU,790704,6
PIOU5089960,PIOU,508996,0
JHXU9507937,JHXU,950793,7
JXOU4424862,JXOU,442486,2
MGXU8887520,MGXU,888752,0
YKIU8160605,YKIU,816060,5
GWMU8623829,GWMU,862382,9
UXZU6613598,UXZU,661359,8
LKHU7051650,LKHU,705165,0
YWOU8050532,YWOU,805053,2
YQXU6495348,YQXU,649534,8
EWTU4581293,EWTU,458129,3
LVVU2489224,LVVU,248922,4
TICU2383597,TICU,238359,7
OKUU9203490,OKUU,920349,0
YCFU1459986,YCFU,145998,6
EDNU2283197,EDNU,228319,7
CUVU8527843,CUVU,852784,3
DOGU7795270,DOGU,779527,0
JUKU3740937,JUKU,374093,7
WTAU7687350,WTAU,768735,0
HBVU2943501,HBVU,294350,1
FDZU7371914,FDZU,737191,4
THAU9298030,THAU,929803,0
MNMU3673110,MNMU,367311,0
LRIU5419459,LRIU,541945,9
AUVU1783096,AUVU,178309,6
AZIU5197839,AZIU,519783,9
OWMU8960556,OWMU,896055,6
HICU1745792,HICU,174579,2
YQYU7454558,YQYU,745455,8
TKRU9918368,TKRU,991836,8
QXOU2755684,QXOU,275568,4
BBXU2762784,BBXU,276278,4
XILU3721072,XILU,372107,2
KDOU7221772,KDOU,722177,2
ZKCU1705364,ZKCU,170536,4
NHNU5678807,NHNU,567880,7
YHQU5704153,YHQU,570415,3
GPUU2845736,GPUU,284573,6
GQRU1983726,GQRU,198372,6
ZVSU1201775,ZVSU,120177,5
GDUU2703928,GDUU,270392,8
LWVU0037530,LWVU,003753,0
WXFU0125768,WXFU,012576,8
OEHU2801311,OEHU,280131,1
JQUU1818155,JQUU,181815,5
VSUU2266186,VSUU,226618,6
XEFU9812710,XEFU,981271,0
RUKU8219257,RUKU,821925,7
GKTU9621672,GKTU,962167,2
OQQU7160226,OQQU,716022,6
KMIU3535356,KMIU,353535,6
GBAU0353112,GBAU,035311,2
ARMU0198578,ARMU,019857,8
PYDU5065458,PYDU,506545,8
YSVU0895370,YSVU,089537,0
QCRU5704308,QCRU,570430,8
ZNUU3185740,ZNUU,318574,0
WQGU6761004,WQGU,676100,4
PBLU6720720,PBLU,672072,0
XBFU0553589,XBFU,055358,9
KCRU7914668,KCRU,791466,8
IUVU3727171,IUVU,372717,1
SNGU7550500,SNGU,755050,0
PCSU9819890,PCSU,981989,0
JEEU0961510,JEEU,096151,0
NZSU8139341,NZSU,813934,1
EVVU7169442,EVVU,716944,2
RFJU8360690,RFJU,836069,0
LKDU5462447,LKDU,546244,7
JGYU5888837,JGYU,588883,7
YVVU9970342,YVVU,997034,2
VPUU8707555,VPUU,870755,5
IEGU1274094,IEGU,127409,4
RPDU8251974,RPDU,825197,4
ZFBU9496000,ZFBU,949600,0
ODIU8264633,ODIU,826463,3
TVKU2007908,TVKU,200790,8
FWCU6147677,FWCU,614767,7
ILMU0627941,ILMU,062794,1
KEKU0044935,KEKU,004493,5
DKEU7206645,DKEU,720664,5
NKWU3613054,NKWU,361305,4
YAMU6154290,YAMU,615429,0
LCVU5182784,LCVU,518278,4
KIGU1627734,KIGU,162773,4
BYUU5558219,BYUU,555821,9
ALJU0451910,ALJU,045191,0
OCFU0060029,OCFU,006002,9
WEWU8372220,WEWU,837222,0
NKYU2770858,NKYU,277085,8
PYQU5530925,PYQU,553092,5
KXBU8488633,KXBU,848863,3
CAEU7181947,CAEU,718194,7
HTRU0673569,HTRU,067356,9
QXXU5579590,QXXU,557959,0
CSCU8696102,CSCU,869610,2
EBJU8654499,EBJU,865449,9
ILVU2745908,ILVU,274590,8
UHLU9968531,UHLU,996853,1
ZAHU0031933,ZAHU,003193,3
WAXU0922685,WAXU,092268,5
HJBU5264140,HJBU,526414,0
AMIU0102434,AMIU,010243,4
PXVU7313153,PXVU,731315,3
MRBU3452387,MRBU,345238,7
EQXU0403386,EQXU,040338,6
SXDU4854787,SXDU,485478,7
IHWU9326533,IHWU,932653,3
ZKVU6153454,ZKVU,615345,4
WGJU2203427,WGJU,220342,7
AZGU6253570,AZGU,625357,0
HAQU2197156,HAQU,219715,6
WTTU7988236,WTTU,798823,6
HZBU1738120,HZBU,173812,0
BVIU4154971,BVIU,415497,1
TFNU0912771,TFNU,091277,1
FJCU4399800,FJCU,439980,0
PPLU5715244,PPLU,571524,4
UXKU1131246,UXKU,113124,6
ZHEU1506657,ZHEU,150665,7
GJPU6738078,GJPU,673807,8
HLPU2324116,HLPU,232411,6
CHTU7227491,CHTU,722749,1
YRJU0470686,YRJU,047068,6
JMFU2362974,JMFU,236297,4
FWCU7547913,FWCU,754791,3
HXVU1767464,HXVU,176746,4
TFJU2642018,TFJU,264201,8
NBNU6012054,NBNU,601205,4
THZU7205806,THZU,720580,6
EKMU0918451,EKMU,091845,1
XREU8050377,XREU,805037,7
FWTU2988980,FWTU,298898,0
FCVU7858779,FCVU,785877,9
RYMU6726993,RYMU,672699,3
LYHU4095799,LYHU,409579,9
EUCU8841525,EUCU,884152,5
KTZU1604085,KTZU,160408,5
HDSU0402390,HDSU,040239,0
ZIMU3945566,ZIMU,394556,6
QWLU7171973,QWLU,717197,3
IZKU8810750,IZKU,881075,0
WFZU6251026,WFZU,625102,6
BZTU7613843,BZTU,761384,3
WIRU6362758,WIRU,636275,8
PYZU8211656,PYZU,821165,6
CAEU6255789,CAEU,625578,9
SAKU0618415,SAKU,061841,5
XYJU7192317,XYJU,719231,7
PPYU6587410,PPYU,658741,0
CROU9357583,CROU,935758,3
JDZU1033153,JDZU,103315,3
WHTU8235465,WHTU,823546,5
CPUU5742532,CPUU,574253,2
OVVU4711035,OVVU,471103,5
XCNU3572910,XCNU,357291,0
UVPU5457943,UVPU,545794,3
DBAU4083985,DBAU,408398,5
YBJU8961582,YBJU,896158,2
GMRU2319340,GMRU,231934,0
GGZU0054468,GGZU,005446,8
SFPU2501919,SFPU,250191,9
IBLU2013208,IBLU,201320,8
CQBU9476070,CQBU,947607,0
RQMU2052700,RQMU,205270,0
LOFU2034267,LOFU,203426,7
PJZU7797161,PJZU,779716,1
ONGU0474301,ONGU,047430,1
NNAU5087607,NNAU,508760,7
AHCU6626945,AHCU,662694,5
NKCU7307221,NKCU,730722,1
WFKU5473238,WFKU,547323,8
RLOU8766678,RLOU,876667,8
FTJU6768456,FTJU,676845,6
MSSU2032242,MSSU,203224,2
QVVU9658660,QVVU,965866,0
JKJU0469704,JKJU,046970,4
MMWU0446092,MMWU,044609,2
NYDU0520243,NYDU,052024,3
EIXU7823316,EIXU,782331,6
MSJU9786090,MSJU,978609,0
IBPU2002255,IBPU,200225,5
MMTU6283022,MMTU,628302,2
QAEU6373023,QAEU,637302,3
FCIU4656342,FCIU,465634,2
ZQQU7063850,ZQQU,706385,0
PURU0421422,PURU,042142,2
SARU2076138,SARU,207613,8
OTKU7595492,OTKU,759549,2
TSPU3898221,TSPU,389822,1
YHOU2000805,YHOU,200080,5
LILU1251091,LILU,125109,1
SZIU9649391,SZIU,964939,1
NGKU9974842,NGKU,997484,2
RODU2920279,RODU,292027,9
FCIU2527264,FCIU,252726,4
JLBU4242246,JLBU,424224,6
QLRU7453869,QLRU,745386,9
SGTU5567222,SGTU,556722,2
VGNU2889000,VGNU,288900,0
QYXU9298612,QYXU,929861,2
IOLU5644780,IOLU,564478,0
OOCU1219442,OOCU,121944,2
ABSU9290367,ABSU,929036,7
RHFU8783350,RHFU,878335,0
GGDU4335213,GGDU,433521,3
KLWU1274985,KLWU,127498,5
QHXU9739755,QHXU,973975,5
ILCU8587399,ILCU,858739,9
RWRU8000880,RWRU,800088,0
ONYU6339702,ONYU,633970,2
YZBU5677523,YZBU,567752,3
FPHU0405530,FPHU,040553,0
HNXU4058433,HNXU,405843,3
WXVU6386229,WXVU,638622,9
IJSU6484459,IJSU,648445,9
VJOU2229897,VJOU,222989,7
DWCU8467050,DWCU,846705,0
JIPU9906725,JIPU,990672,5
GFRU1897478,GFRU,189747,8
PEWU9363565,PEWU,936356,5
NAYU9854400,NAYU,985440,0
QGJU6320913,QGJU,632091,3
PJAU8511959,PJAU,851195,9
EXFU0782722,EXFU,078272,2
RCJU3181525,RCJU,318152,5
GXEU2253388,GXEU,225338,8
HZSU3240949,HZSU,324094,9
XYNU5062550,XYNU,506255,0
DHYU6060951,DHYU,606095,1
XNJU9210470,XNJU,921047,0
XRQU9863445,XRQU,986344,5
LQHU0162763,LQHU,016276,3
SPHU0799463,SPHU,079946,3
EWFU6156200,EWFU,615620,0
XNKU5640712,XNKU,564071,2
SQUU2325255,SQUU,232525,5
FNZU6514008,FNZU,651400,8
TNXU6861488,TNXU,686148,8
LVXU0702467,LVXU,070246,7
VFBU6367221,VFBU,636722,1
EOCU9872427,EOCU,987242,7
NWMU7953398,NWMU,795339,8
CHUU7456510,CHUU,745651,0
QFUU9806726,QFUU,980672,6
EJYU8975772,EJYU,897577,2
MYNU8707163,MYNU,870716,3
BEPU5613750,BEPU,561375,0
VJLU9178825,VJLU,917882,5
JHIU4577441,JHIU,457744,1
ZTDU0691761,ZTDU,069176,1
UKVU6075504,UKVU,607550,4
DGFU3359452,DGFU,335945,2
LVBU1509244,LVBU,150924,4
IWOU8926418,IWOU,892641,8
VISU5266238,VISU,526623,8
IZYU6871332,IZYU,687133,2
ZEXU2027346,ZEXU,202734,6
FPKU1794720,FPKU,179472,0
QSCU0637616,QSCU,063761,6
YVTU7234505,YVTU,723450,5
LCBU7195559,LCBU,719555,9
GNIU6238350,GNIU,623835,0
KXXU0212163,KXXU,021216,3
AEOU0187744,AEOU,018774,4
YKFU1467836,YKFU,146783,6
WGVU2294475,WGVU,229447,5
WNUU0045188,WNUU,004518,8
ZLYU0795852,ZLYU,079585,2
KWKU2631497,KWKU,263149,7
AFAU8477580,AFAU,847758,0
EHWU3128584,EHWU,312858,4
ROUU0102514,ROUU,010251,4
XZRU7301578,XZRU,730157,8
YGCU9767786,YGCU,976778,6
UEEU9463782,UEEU,946378,2
AXOU7247078,AXOU,724707,8
FMXU8702704,FMXU,870270,4
YZYU5448596,YZYU,544859,6
RUGU2344452,RUGU,234445,2
WPPU4730117,WPPU,473011,7
VAWU2033379,VAWU,203337,9
MYGU3834464,MYGU,383446,4
PDUU6505811,PDUU,650581,1
FBKU3092346,FBKU,309234,6
DQHU5301518,DQHU,530151,8
SIGU6791538,SIGU,679153,8
KZXU8154010,KZXU,815401,0
HUEU3354735,HUEU,335473,5
LCLU4572622,LCLU,457262,2
JWMU2796861,JWMU,279686,1
HXRU7740837,HXRU,774083,7
DWSU3388496,DWSU,338849,6
VLIU1874010,VLIU,187401,0
CFWU6522549,CFWU,652254,9
WZIU4750449,WZIU,475044,9
PPHU5817280,PPHU,581728,0
QIIU1669374,QIIU,166937,4
LFAU6951602,LFAU,695160,2
WDCU8070125,WDCU,807012,5
HQMU0820630,HQMU,082063,0
KXRU6333742,KXRU,633374,2
KFMU6501944,KFMU,650194,4
DDHU6019864,DDHU,601986,4
EPXU6897089,EPXU,689708,9
XVTU0299503,XVTU,029950,3
MYIU8092637,MYIU,809263,7
FVOU0365297,FVOU,036529,7
DFZU6349482,DFZU,634948,2
PRBU5134346,PRBU,513434,6
WTRU2692178,WTRU,269217,8
OOPU5793399,OOPU,579339,9
CKWU4847760,CKWU,484776,0
PVYU8401220,PVYU,840122,0
FIMU7293173,FIMU,729317,3
ZTZU6480526,ZTZU,648052,6
NEIU4292540,NEIU,429254,0
RIAU9220500,RIAU,922050,0
TJOU2197267,TJOU,219726,7
CCEU6828253,CCEU,682825,3
NQMU3654879,NQMU,365487,9
ECGU6055872,ECGU,605587,2
GZAU9955170,GZAU,995517,0
WYOU8728473,WYOU,872847,3
QUXU6713182,QUXU,671318,2
MMYU1322827,MMYU,132282,7
WNCU4326570,WNCU,432657,0
JZHU9168161,JZHU,916816,1
EWVU1737742,EWVU,173774,2
ERPU3284232,ERPU,328423,2
UZJU2123878,UZJU,212387,8
WJGU3857108,WJGU,385710,8
BFUU5536680,BFUU,553668,0
XKEU5570684,XKEU,557068,4
DLGU7439503,DLGU,743950,3
UJNU3572328,UJNU,357232,8
YOCU4475480,YOCU,447548,0
RILU4931550,RILU,493155,0
WQJU4932515,WQJU,493251,5
AMIU4740695,AMIU,474069,5
OABU5936840,OABU,593684,0
FWRU7893299,FWRU,789329,9
SMVU9906971,SMVU,990697,1
LHPU2801683,LHPU,280168,3
BAEU6315022,BAEU,631502,2
XIWU0673903,XIWU,067390,3
LZMU2296340,LZMU,229634,0
FVUU3172020,FVUU,317202,0
PMGU1260197,PMGU,126019,7
WIHU3700949,WIHU,370094,9
XXNU5101485,XXNU,510148,5
ZSGU7810100,ZSGU,781010,0
DMXU1901770,DMXU,190177,0
OAXU6141980,OAXU,614198,0
JYVU9283623,JYVU,928362,3
TENU3287547,TENU,328754,7
SBJU3084442,SBJU,308444,2
FRMU5514252,FRMU,551425,2
UPOU8219156,UPOU,821915,6
CGRU6419171,CGRU,641917,1
IEHU4101671,IEHU,410167,1
UXWU6680168,UXWU,668016,8
INVU2818150,INVU,281815,0
PIJU8743579,PIJU,874357,9
VJEU0175256,VJEU,017525,6
BFMU3961547,BFMU,396154,7
ZPEU3182790,ZPEU,318279,0
DPTU0492802,DPTU,049280,2
MSAU5858451,MSAU,585845,1
LLCU5580100,LLCU,558010,0
WTEU0101887,WTEU,010188,7
CMVU4969713,CMVU,496971,3
AERU0547219,AERU,054721,9
MLBU5203931,MLBU,520393,1
NWAU0924870,NWAU,092487,0
FHFU9993160,FHFU,999316,0
UUCU8440153,UUCU,844015,3
UCKU0261182,UCKU,026118,2
ZOQU2152816,ZOQU,215281,6
JRCU8026321,JRCU,802632,1
EXMU8130571,EXMU,813057,1
RSDU6355764,RSDU,635576,4
JLAU7920376,JLAU,792037,6
TIHU8445375,TIHU,844537,5
JYIU5222667,JYIU,522266,7
BOVU8765747,BOVU,876574,7
UIEU0336700,UIEU,033670,0
ZLEU7831885,ZLEU,783188,5
XHEU6845461,XHEU,684546,1
BEQU1993424,BEQU,199342,4
JBHU7792382,JBHU,779238,2
WASU4696666,WASU,469666,6
NASU5540730,NASU,554073,0
QTSU2316619,QTSU,231661,9
PGKU2887630,PGKU,288763,0
QNRU4307355,QNRU,430735,5
WBKU5948450,WBKU,594845,0
OIAU2685307,OIAU,268530,7
SHLU6666752,SHLU,666675,2
GAQU4381475,GAQU,438147,5
XDKU5270650,XDKU,527065,0
UQXU2275000,UQXU,227500,0
FUWU8423892,FUWU,842389,2
OGMU6135815,OGMU,613581,5
KJSU6854257,KJSU,685425,7
BSPU7019848,BSPU,701984,8
IHMU6868891,IHMU,686889,1
WLAU3776520,WLAU,377652,0
FERU7781991,FERU,778199,1
XVOU8476567,XVOU,847656,7
QJFU5664556,QJFU,566455,6
HZDU6095770,HZDU,609577,0
LMHU7261797,LMHU,726179,7
VOBU3698142,VOBU,369814,2
VQKU4572387,VQKU,457238,7
YYGU9608337,YYGU,960833,7
QCCU3686660,QCCU,368666,0
YWIU9069706,YWIU,906970,6
GPJU8061804,GPJU,806180,4
FBXU9613111,FBXU,961311,1
GPIU2054105,GPIU,205410,5
YCCU1839671,YCCU,183967,1
VSDU1602296,VSDU,160229,6
BWTU2006420,BWTU,200642,0
VMMU8905983,VMMU,890598,3
IPAU3194100,IPAU,319410,0
SESU7778090,SESU,777809,0
PRCU6483120,PRCU,648312,0
UXOU3501420,UXOU,350142,0
BUDU1815989,BUDU,181598,9
TFWU4777589,TFWU,477758,9
TXYU6985137,TXYU,698513,7
WVSU4467869,WVSU,446786,9
XHPU9266507,XHPU,926650,7
DIUU5380609,DIUU,538060,9
UFJU0646186,UFJU,064618,6
DOCU3302811,DOCU,330281,1
TSNU6932976,TSNU,693297,6
JQKU6731870,JQKU,673187,0
VSWU8326616,VSWU,832661,6
AKMU0975210,AKMU,097521,0
QCRU6595768,QCRU,659576,8
NKZU6699303,NKZU,669930,3
ZWMU9838841,ZWMU,983884,1
TWJU4089837,TWJU,408983,7
VXFU3757356,VXFU,375735,6
UZXU5033816,UZXU,503381,6
ZECU5760878,ZECU,576087,8
IYGU7781521,IYGU,778152,1
BVQU4674261,BVQU,467426,1
SJYU1847599,SJYU,184759,9
OEHU6178072,OEHU,617807,2
JRTU9944374,JRTU,994437,4
DZJU9526040,DZJU,952604,0
JGNU4302362,JGNU,430236,2
ZABU8380293,ZABU,838029,3
FRAU2153812,FRAU,215381,2
ELRU6319555,ELRU,631955,5
RNIU7560211,RNIU,756021,1
QMJU8348316,QMJU,834831,6
ROTU2170849,ROTU,217084,9
WJAU0806734,WJAU,080673,4
FXBU4865143,FXBU,486514,3
RZPU4334126,RZPU,433412,6
MJJU2875915,MJJU,287591,5
JPMU8176499,JPMU,817649,9
TUQU3161801,TUQU,316180,1
NUPU6986941,NUPU,698694,1
OINU1626120,OINU,162612,0
JHWU4507463,JHWU,450746,3
GPCU5852051,GPCU,585205,1
JEQU7615711,JEQU,761571,1
URUU4616145,URUU,461614,5
PWHU5434388,PWHU,543438,8
UVRU4607809,UVRU,460780,9
BXVU2164773,BXVU,216477,3
BFUU9327570,BFUU,932757,0
BZWU2813777,BZWU,281377,7
UKCU6754319,UKCU,675431,9
SJNU9671183,SJNU,967118,3
HVMU1098306,HVMU,109830,6
YYAU1783261,YYAU,178326,1
DMMU4682585,DMMU,468258,5
UKHU4037493,UKHU,403749,3
HELU7689648,HELU,768964,8
IIQU2508580,IIQU,250858,0
PCHU3578149,PCHU,357814,9
WOFU2508515,WOFU,250851,5
ZALU0534941,ZALU,053494,1
NNUU5495070,NNUU,549507,0
IQAU4248179,IQAU,424817,9
XTPU7543993,XTPU,754399,3
PBPU1893939,PBPU,189393,9
DKTU9594173,DKTU,959417,3
HDEU5081494,HDEU,508149,4
LJBU1660506,LJBU,166050,6
NSJU0403267,NSJU,040326,7
OUBU2901794,OUBU,290179,4
EERU9388196,EERU,938819,6
AICU0596803,AICU,059680,3
YSNU9061312,YSNU,906131,2
CUBU1981561,CUBU,198156,1
QORU1985638,QORU,198563,8
QZKU8967270,QZKU,896727,0
HKDU9155059,HKDU,915505,9
HQHU2294255,HQHU,229425,5
QBJU0237314,QBJU,023731,4
ZKUU2119346,ZKUU,211934,6
PVXU7496063,PVXU,749606,3
NGUU2938967,NGUU,293896,7
SLSU5513820,SLSU,551382,0
IIWU9515550,IIWU,951555,0
JGUU1407555,JGUU,140755,5
UDLU8104379,UDLU,810437,9
EBAU4378225,EBAU,437822,5
MLRU0978419,MLRU,097841,9
XNJU8833096,XNJU,883309,6
UJAU2390643,UJAU,239064,3
DJBU8528453,DJBU,852845,3
WAYU7300732,WAYU,730073,2
YQKU2541625,YQKU,254162,5
AGTU8110273,AGTU,811027,3
XDBU9301709,XDBU,930170,9
PAVU3802159,PAVU,380215,9
TKKU5188107,TKKU,518810,7
BABU5406364,BABU,540636,4
ZLLU4688656,ZLLU,468865,6
LTAU7200537,LTAU,720053,7
XAZU5711580,XAZU,571158,0
IMMU7304860,IMMU,730486,0
ZDQU7231705,ZDQU,723170,5
RUAU2897494,RUAU,289749,4
VJHU5300372,VJHU,530037,2
ZDCU3858009,ZDCU,385800,9
BLHU6116112,BLHU,611611,2
NYSU8996086,NYSU,899608,6
QSKU0447723,QSKU,044772,3
BZZU7979268,BZZU,797926,8
AUDU5126728,AUDU,512672,8
MWHU8806439,MWHU,880643,9
HJLU8631953,HJLU,863195,3
BLPU5459336,BLPU,545933,6
GTQU0904447,GTQU,090444,7
XJGU4102600,XJGU,410260,0
RDLU2313358,RDLU,231335,8
SWQU9371651,SWQU,937165,1
FIJU3113514,FIJU,311351,4
BAYU8764573,BAYU,876457,3
BRXU0933852,BRXU,093385,2
BGNU8300186,BGNU,830018,6
XHFU9390204,XHFU,939020,4
TUSU9498166,TUSU,949816,6
WCZU6046746,WCZU,604674,6
WGCU1099591,WGCU,109959,1
GPAU0622707,GPAU,062270,7
PTSU0025470,PTSU,002547,0
JHSU0324430,JHSU,032443,0
FXUU3796312,FXUU,379631,2
LJMU0187162,LJMU,018716,2
JBFU5742575,JBFU,574257,5
DNNU1853421,DNNU,185342,1
FPUU3105517,FPUU,310551,7
TECU7010963,TECU,701096,3
QKYU6110670,QKYU,611067,0
VZDU4376303,VZDU,437630,3
QTZU1205097,QTZU,120509,7
FELU3021047,FELU,302104,7
LOZU4420119,LOZU,442011,9
GLNU2420955,GLNU,242095,5
ICGU0028528,ICGU,002852,8
GKNU9546140,GKNU,954614,0
QXQU5572431,QXQU,557243,1
WYDU4582556,WYDU,458255,6
JEVU2099229,JEVU,209922,9
CJYU0834903,CJYU,083490,3
MWWU1328690,MWWU,132869,0
KWAU0399802,KWAU,039980,2
FSSU5375103,FSSU,537510,3
VKMU3413753,VKMU,341375,3
NHGU4903930,NHGU,490393,0
HYWU1591977,HYWU,159197,7
UUAU2092506,UUAU,209250,6
APUU7451467,APUU,745146,7
LPEU4672253,LPEU,467225,3
KAIU6127619,KAIU,612761,9
ZUEU9143698,ZUEU,914369,8
TJCU2904737,TJCU,290473,7
YWVU1884419,YWVU,188441,9
YSBU9799377,YSBU,979937,7
LEMU7454317,LEMU,745431,7
OZGU8710500,OZGU,871050,0
RMVU0379014,RMVU,037901,4
HWMU1633493,HWMU,163349,3
CAKU2210659,CAKU,221065,9
MYZU7063700,MYZU,706370,0
ZNRU8855947,ZNRU,885594,7
ESYU0954684,ESYU,095468,4
ODTU1306896,ODTU,130689,6
TXBU9618957,TXBU,961895,7
TNBU8637401,TNBU,863740,1
ECDU9027718,ECDU,902771,8
JKHU4592108,JKHU,459210,8
XWYU1333490,XWYU,133349,0
GAHU1033844,GAHU,103384,4
ZHYU7374516,ZHYU,737451,6
KYWU1672536,KYWU,167253,6
DEVU5520681,DEVU,552068,1
MNCU3682724,MNCU,368272,4
HXMU9417764,HXMU,941776,4
VYAU5811630,VYAU,581163,0
KNHU6394521,KNHU,639452,1
XKRU2077952,XKRU,207795,2
IOVU9629021,IOVU,962902,1
RWAU3778520,RWAU,377852,0
AJMU3451092,AJMU,345109,2
MRJU1772647,MRJU,177264,7
WMGU6182690,WMGU,618269,0
SKVU2523002,SKVU,252300,2
YATU2916900,YATU,291690,0
VNHU1815131,VNHU,181513,1
XIEU1718949,XIEU,171894,9
YMEU7852430,YMEU,785243,0
BDGU4573892,BDGU,457389,2
ZBMU4404157,ZBMU,440415,7
EMGU0166415,EMGU,016641,5
DQEU6262040,DQEU,626204,0
ZJOU5477490,ZJOU,547749,0
PNIU6389397,PNIU,638939,7
FGJU1446148,FGJU,144614,8
IYAU7196028,IYAU,719602,8
USYU1500608,USYU,150060,8
PLGU7065149,PLGU,706514,9
OEYU8641462,OEYU,864146,2
EJIU8854800,EJIU,885480,0
DDCU8465743,DDCU,846574,3
MHHU1590183,MHHU,159018,3
LIUU4499612,LIUU,449961,2
IFBU9895126,IFBU,989512,6
BLZU9698637,BLZU,969863,7
FPTU3266204,FPTU,326620,4
HMXU6958495,HMXU,695849,5
JPMU6914870,JPMU,691487,0
RRIU6126614,RRIU,612661,4
YVWU8670004,YVWU,867000,4
CYBU4723600,CYBU,472360,0
IJPU6270266,IJPU,627026,6
QDNU7438400,QDNU,743840,0
IZPU0506439,IZPU,050643,9
PFWU0571810,PFWU,057181,0
GZUU5404312,GZUU,540431,2
KQFU5205299,KQFU,520529,9
YBCU3724197,YBCU,372419,7
YIGU9446491,YIGU,944649,1
GPTU9462479,GPTU,946247,9
ZMFU2245275,ZMFU,224527,5
LYXU1226252,LYXU,122625,2
WXRU8712500,WXRU,871250,0
IGWU9707841,IGWU,970784,1
JMFU3380226,JMFU,338022,6
ULZU2429790,ULZU,242979,0
XHAU3914576,XHAU,391457,6
AXPU8270883,AXPU,827088,3
YKJU9154895,YKJU,915489,5
WKUU9220129,WKUU,922012,9
TXDU1047709,TXDU,104770,9
OIJU3086547,OIJU,308654,7
PVZU0970820,PVZU,097082,0
RJIU0666769,RJIU,066676,9
JSGU3600259,JSGU,360025,9
XKSU7353609,XKSU,735360,9
LWQU3192586,LWQU,319258,6
DKPU6645924,DKPU,664592,4
DWWU1196975,DWWU,119697,5
FNYU4398100,FNYU,439810,0
DZSU3813395,DZSU,381339,5
LRLU5749305,LRLU,574930,5
OHSU4497640,OHSU,449764,0
FRQU3750757,FRQU,375075,7
ETZU6788457,ETZU,678845,7
ZZJU7178776,ZZJU,717877,6
QCNU9952674,QCNU,995267,4
VOJU0094934,VOJU,009493,4
ZHYU0857322,ZHYU,085732,2
VTQU2616147,VTQU,261614,7
RDAU1918645,RDAU,191864,5
DSBU3999926,DSBU,399992,6
UUMU1693000,UUMU,169300,0
ZJBU9044413,ZJBU,904441,3
UEPU0048320,UEPU,004832,0
YROU3066108,YROU,306610,8
LKUU0933690,LKUU,093369,0
JYUU1926623,JYUU,192662,3
CBVU7941338,CBVU,794133,8
DKUU8583516,DKUU,858351,6
BAGU8946908,BAGU,894690,8
ERZU7394562,ERZU,739456,2
BTVU2667465,BTVU,266746,5
ETPU6232977,ETPU,623297,7
MZRU7432601,MZRU,743260,1
UQUU4565880,UQUU,456588,0
VFNU7150644,VFNU,715064,4
EOKU5645701,EOKU,564570,1
GUEU0738572,GUEU,073857,2
TKWU4057741,TKWU,405774,1
SFRU4468123,SFRU,446812,3
CQQU9052384,CQQU,905238,4
ABYU9475469,ABYU,947546,9
